brand,name,product_id,url
Vans,Hylane,178174,https://www.footlocker.fr/fr/product/model/vans-hylane/178174.html
Nike,Essential Crew,201037,https://www.footlocker.fr/fr/product/model/nike-essential-crew/201037.html
Jordan,Jm Woven Play,201039,https://www.footlocker.fr/fr/product/model/jordan-jm-woven-play/201039.html
Jordan,Air Jordan Mvp 92,206733,https://www.footlocker.fr/fr/product/model/jordan-air-jordan-mvp-92/206733.html
Jordan,Diamond Woven,201044,https://www.footlocker.fr/fr/product/model/jordan-diamond-woven/201044.html
Jordan,Jumpman Grid Blur,201046,https://www.footlocker.fr/fr/product/model/jordan-jumpman-grid-blur/201046.html
Nike,Nba La Lakers,170200,https://www.footlocker.fr/fr/product/model/nike-nba-la-lakers/170200.html
Jordan,Trunner,206726,https://www.footlocker.fr/fr/product/model/jordan-trunner/206726.html
Jordan,Sport Jersey,201040,https://www.footlocker.fr/fr/product/model/jordan-sport-jersey/201040.html
Nike,Cortez Textile,206727,https://www.footlocker.fr/fr/product/model/nike-cortez-textile/206727.html
Nike,Manoa 17 Boots,206728,https://www.footlocker.fr/fr/product/model/nike-manoa-17-boots/206728.html
Nike,Vomero 18,206729,https://www.footlocker.fr/fr/product/model/nike-vomero-18/206729.html
Jordan,Kids Jumpman,150604,https://www.footlocker.fr/fr/product/model/jordan-kids-jumpman/150604.html
Nike,Terrascout Boot,206734,https://www.footlocker.fr/fr/product/model/nike-terrascout-boot/206734.html
Vrunk,Fire At Dawn,191152,https://www.footlocker.fr/fr/product/model/vrunk-fire-at-dawn/191152.html
Superga,2696 Stripe,126954,https://www.footlocker.fr/fr/product/model/superga-2696-stripe/126954.html
adidas,Oztral,162606,https://www.footlocker.fr/fr/product/model/adidas-oztral/162606.html
Jordan,1 Low,108288,https://www.footlocker.fr/fr/product/model/jordan-1-low/108288.html
adidas,Gazelle Stack,196817,https://www.footlocker.fr/fr/product/model/adidas-gazelle-stack/196817.html
adidas,Samba Xlg,191126,https://www.footlocker.fr/fr/product/model/adidas-samba-xlg/191126.html
Ugg,Lo Lowmel,193781,https://www.footlocker.fr/fr/product/model/ugg-lo-lowmel/193781.html
Ugg,Classic Ultra Mini,193782,https://www.footlocker.fr/fr/product/model/ugg-classic-ultra-mini/193782.html
adidas,Graphics,184848,https://www.footlocker.fr/fr/product/model/adidas-graphics/184848.html
New Balance,Fuelcell Propelv5,204104,https://www.footlocker.fr/fr/product/model/new-balance-fuelcell-propelv5/204104.html
Jordan,Jumpman Slide,191131,https://www.footlocker.fr/fr/product/model/jordan-jumpman-slide/191131.html
Nike,Kids Swoosh,193796,https://www.footlocker.fr/fr/product/model/nike-kids-swoosh/193796.html
New Balance,Fresh Foam,204101,https://www.footlocker.fr/fr/product/model/new-balance-fresh-foam/204101.html
adidas,Purechill,205432,https://www.footlocker.fr/fr/product/model/adidas-purechill/205432.html
Nike,Air Max 95,148305,https://www.footlocker.fr/fr/product/model/nike-air-max-95/148305.html
Ugg,Tasman,193790,https://www.footlocker.fr/fr/product/model/ugg-tasman/193790.html
Nike,Air Force 1,159855,https://www.footlocker.fr/fr/product/model/nike-air-force-1/159855.html
Lacoste,T Clip,180453,https://www.footlocker.fr/fr/product/model/lacoste-t-clip/180453.html
Lacoste,Powercourt,180454,https://www.footlocker.fr/fr/product/model/lacoste-powercourt/180454.html
Converse,Run Star Trainer,180459,https://www.footlocker.fr/fr/product/model/converse-run-star-trainer/180459.html
adidas,Megaride S2,204106,https://www.footlocker.fr/fr/product/model/adidas-megaride-s2/204106.html
adidas,D O N Issue 7,204115,https://www.footlocker.fr/fr/product/model/adidas-d-o-n-issue-7/204115.html
adidas,Adicolor Backpack,146533,https://www.footlocker.fr/fr/product/model/adidas-adicolor-backpack/146533.html
adidas,Dame X,204114,https://www.footlocker.fr/fr/product/model/adidas-dame-x/204114.html
Reebok,Premier Road Plus,147869,https://www.footlocker.fr/fr/product/model/reebok-premier-road-plus/147869.html
Nike,P 6000,201089,https://www.footlocker.fr/fr/product/model/nike-p-6000/201089.html
New,Era Trucker,178127,https://www.footlocker.fr/fr/product/model/new-era-trucker/178127.html
Jordan,Air Jordan 1 Low,154175,https://www.footlocker.fr/fr/product/model/jordan-air-jordan-1-low/154175.html
Nike,Total 90 Dri Fit Short Sleeve Football Top,206786,https://www.footlocker.fr/fr/product/model/nike-total-90-dri-fit-short-sleeve-football-top/206786.html
Nike,Total 90 Dri Fit Long Sleeve Football Top,206787,https://www.footlocker.fr/fr/product/model/nike-total-90-dri-fit-long-sleeve-football-top/206787.html
adidas,Predator Sala,204116,https://www.footlocker.fr/fr/product/model/adidas-predator-sala/204116.html
Nike,Tech Base Layer Long Sleeve Top,206788,https://www.footlocker.fr/fr/product/model/nike-tech-base-layer-long-sleeve-top/206788.html
Mizuno,X Vrunk Football Jersey,205457,https://www.footlocker.fr/fr/product/model/mizuno-x-vrunk-football-jersey/205457.html
adidas,Mercedes Amg Petronas F1 Supernova Rise 2,196801,https://www.footlocker.fr/fr/product/model/adidas-mercedes-amg-petronas-f1-supernova-rise-2/196801.html
Mizuno,X Vrunk Shorts,205456,https://www.footlocker.fr/fr/product/model/mizuno-x-vrunk-shorts/205456.html
Mizuno,X Vrunk Tee,205455,https://www.footlocker.fr/fr/product/model/mizuno-x-vrunk-tee/205455.html
adidas,Mercedes Amg Petronas F1 Adiracer High,196803,https://www.footlocker.fr/fr/product/model/adidas-mercedes-amg-petronas-f1-adiracer-high/196803.html
adidas,Adicolor Essentials,133249,https://www.footlocker.fr/fr/product/model/adidas-adicolor-essentials/133249.html
adidas,Crew 6 Pack,179480,https://www.footlocker.fr/fr/product/model/adidas-crew-6-pack/179480.html
Nike,Sportswear Phoenix Fleece Oversized Hoodie,206791,https://www.footlocker.fr/fr/product/model/nike-sportswear-phoenix-fleece-oversized-hoodie/206791.html
Nike,Sportswear Phoenix Long Sleeve 1 2 Zip Top,206793,https://www.footlocker.fr/fr/product/model/nike-sportswear-phoenix-long-sleeve-1-2-zip-top/206793.html
Nike,Sportswear Phoenix Crew Neck Sweatshirt,206794,https://www.footlocker.fr/fr/product/model/nike-sportswear-phoenix-crew-neck-sweatshirt/206794.html
Nike,Sportswear Phoenix High Waisted Bottoms,206795,https://www.footlocker.fr/fr/product/model/nike-sportswear-phoenix-high-waisted-bottoms/206795.html
Nike,Sportswear Phoenix Fleece Mid Rise Bottoms,206796,https://www.footlocker.fr/fr/product/model/nike-sportswear-phoenix-fleece-mid-rise-bottoms/206796.html
New Balance,Athletics Relaxed Trouser,204129,https://www.footlocker.fr/fr/product/model/new-balance-athletics-relaxed-trouser/204129.html
Nike,Sportswear Phoenix Fleece Pullover Hoodie,206797,https://www.footlocker.fr/fr/product/model/nike-sportswear-phoenix-fleece-pullover-hoodie/206797.html
New Balance,Ac Jogger,204128,https://www.footlocker.fr/fr/product/model/new-balance-ac-jogger/204128.html
Nike,Benassi,78264,https://www.footlocker.fr/fr/product/model/nike-benassi/78264.html
New Balance,740 Bungee Lace,204127,https://www.footlocker.fr/fr/product/model/new-balance-740-bungee-lace/204127.html
Nike,Fff Df Ts,205468,https://www.footlocker.fr/fr/product/model/nike-fff-df-ts/205468.html
New Balance,Stretch Bomber Jacket,204135,https://www.footlocker.fr/fr/product/model/new-balance-stretch-bomber-jacket/204135.html
New Balance,Athletics Run Mural T Shirt,204134,https://www.footlocker.fr/fr/product/model/new-balance-athletics-run-mural-t-shirt/204134.html
New Balance,Athletics Culture Mural T Shirt,204133,https://www.footlocker.fr/fr/product/model/new-balance-athletics-culture-mural-t-shirt/204133.html
Mizuno,X Vrunk Windrunner,205464,https://www.footlocker.fr/fr/product/model/mizuno-x-vrunk-windrunner/205464.html
New Balance,Athletics Premium Logo Crew,204132,https://www.footlocker.fr/fr/product/model/new-balance-athletics-premium-logo-crew/204132.html
New Balance,Athletics T Shirt,204131,https://www.footlocker.fr/fr/product/model/new-balance-athletics-t-shirt/204131.html
Nike,Standard Issue,104713,https://www.footlocker.fr/fr/product/model/nike-standard-issue/104713.html
Nike,Emb Futura Lbr,179476,https://www.footlocker.fr/fr/product/model/nike-emb-futura-lbr/179476.html
New Balance,Athletics T Shirt,204139,https://www.footlocker.fr/fr/product/model/new-balance-athletics-t-shirt/204139.html
Nike,Knvb Df Ts,205469,https://www.footlocker.fr/fr/product/model/nike-knvb-df-ts/205469.html
adidas,X Farm Padded Jacket,204148,https://www.footlocker.fr/fr/product/model/adidas-x-farm-padded-jacket/204148.html
adidas,X Farm Bike Shorts,204145,https://www.footlocker.fr/fr/product/model/adidas-x-farm-bike-shorts/204145.html
New Balance,327 Shifted,145238,https://www.footlocker.fr/fr/product/model/new-balance-327-shifted/145238.html
New Balance,Flower Hoodie,204142,https://www.footlocker.fr/fr/product/model/new-balance-flower-hoodie/204142.html
Nike,Nff Df Ts,205473,https://www.footlocker.fr/fr/product/model/nike-nff-df-ts/205473.html
Nike,Knvb Aop,205472,https://www.footlocker.fr/fr/product/model/nike-knvb-aop/205472.html
New Balance,Sport Essentials French Terry Jogger,204140,https://www.footlocker.fr/fr/product/model/new-balance-sport-essentials-french-terry-jogger/204140.html
Nike,Fff Aop,205471,https://www.footlocker.fr/fr/product/model/nike-fff-aop/205471.html
Nike,Windrunner Full Zip,179469,https://www.footlocker.fr/fr/product/model/nike-windrunner-full-zip/179469.html
Jordan,Aj1 Zoom Air Comfort 2,147031,https://www.footlocker.fr/fr/product/model/jordan-aj1-zoom-air-comfort-2/147031.html
adidas,X Farm Premium Dress,204149,https://www.footlocker.fr/fr/product/model/adidas-x-farm-premium-dress/204149.html
adidas,The Simpsons Jogger,204159,https://www.footlocker.fr/fr/product/model/adidas-the-simpsons-jogger/204159.html
adidas,Adicolor Classic Firebird Loose Track Top,204156,https://www.footlocker.fr/fr/product/model/adidas-adicolor-classic-firebird-loose-track-top/204156.html
adidas,Adicolor Classic Firebird Track Bottoms,204155,https://www.footlocker.fr/fr/product/model/adidas-adicolor-classic-firebird-track-bottoms/204155.html
adidas,Firebird Shorts,204154,https://www.footlocker.fr/fr/product/model/adidas-firebird-shorts/204154.html
Nike,Df Miler Novel Aop,205485,https://www.footlocker.fr/fr/product/model/nike-df-miler-novel-aop/205485.html
adidas,Firebird Oversized Bomber Jacket,204153,https://www.footlocker.fr/fr/product/model/adidas-firebird-oversized-bomber-jacket/204153.html
Under,Armour Tech Vent Jcqrd,194252,https://www.footlocker.fr/fr/product/model/under-armour-tech-vent-jcqrd/194252.html
Under,Armour Tech Utility Woven,194256,https://www.footlocker.fr/fr/product/model/under-armour-tech-utility-woven/194256.html
Under,Armour Tech Utility Woven,194255,https://www.footlocker.fr/fr/product/model/under-armour-tech-utility-woven/194255.html
Vans,Sk8 Hi Plaid Patchwork,135058,https://www.footlocker.fr/fr/product/model/vans-sk8-hi-plaid-patchwork/135058.html
adidas,Inter Miami Cf 25 26 Third Messi Jersey,204169,https://www.footlocker.fr/fr/product/model/adidas-inter-miami-cf-25-26-third-messi-jersey/204169.html
adidas,Inter Miami Cf 25 26 Third Jersey,204168,https://www.footlocker.fr/fr/product/model/adidas-inter-miami-cf-25-26-third-jersey/204168.html
adidas,Jamaica Jff Home,204165,https://www.footlocker.fr/fr/product/model/adidas-jamaica-jff-home/204165.html
adidas,Japan Jfa Away,204164,https://www.footlocker.fr/fr/product/model/adidas-japan-jfa-away/204164.html
Asics,Gel Quantum 360 Viii,173305,https://www.footlocker.fr/fr/product/model/asics-gel-quantum-360-viii/173305.html
adidas,Mexico Fmfaway,204163,https://www.footlocker.fr/fr/product/model/adidas-mexico-fmfaway/204163.html
adidas,Real Madrid 25 26 Away Jersey,204161,https://www.footlocker.fr/fr/product/model/adidas-real-madrid-25-26-away-jersey/204161.html
Hoka,Clifton 10,194267,https://www.footlocker.fr/fr/product/model/hoka-clifton-10/194267.html
adidas,Italy 26 Tiro Training Top,207200,https://www.footlocker.fr/fr/product/model/adidas-italy-26-tiro-training-top/207200.html
adidas,Spain 26 Tiro Training Pants,207201,https://www.footlocker.fr/fr/product/model/adidas-spain-26-tiro-training-pants/207201.html
adidas,Spain 26 Tiro Training Top,207202,https://www.footlocker.fr/fr/product/model/adidas-spain-26-tiro-training-top/207202.html
adidas,Germany 26 Tiro Training Pants,207203,https://www.footlocker.fr/fr/product/model/adidas-germany-26-tiro-training-pants/207203.html
adidas,Germany 26 Tiro Training Top,207204,https://www.footlocker.fr/fr/product/model/adidas-germany-26-tiro-training-top/207204.html
adidas,Spain 26 Home Goalkeeper Jersey,207205,https://www.footlocker.fr/fr/product/model/adidas-spain-26-home-goalkeeper-jersey/207205.html
adidas,Argentina 26 Home Replica Messi Jersey,207206,https://www.footlocker.fr/fr/product/model/adidas-argentina-26-home-replica-messi-jersey/207206.html
adidas,Real Madrid 25 26 Home Shorts,204179,https://www.footlocker.fr/fr/product/model/adidas-real-madrid-25-26-home-shorts/204179.html
adidas,Real Madrid 25 26 Away Shorts,204178,https://www.footlocker.fr/fr/product/model/adidas-real-madrid-25-26-away-shorts/204178.html
adidas,Originals X Minecraft Trousers,204176,https://www.footlocker.fr/fr/product/model/adidas-originals-x-minecraft-trousers/204176.html
adidas,Manchester United Tiro 25 Training Jersey,204175,https://www.footlocker.fr/fr/product/model/adidas-manchester-united-tiro-25-training-jersey/204175.html
adidas,Manchester United 25 26 Home Shorts,204174,https://www.footlocker.fr/fr/product/model/adidas-manchester-united-25-26-home-shorts/204174.html
adidas,Manchester United 25 26 Home Jersey,204173,https://www.footlocker.fr/fr/product/model/adidas-manchester-united-25-26-home-jersey/204173.html
adidas,Manchester United 25 26 Away Shorts,204172,https://www.footlocker.fr/fr/product/model/adidas-manchester-united-25-26-away-shorts/204172.html
adidas,Juventus 25 26 Away Shorts,204171,https://www.footlocker.fr/fr/product/model/adidas-juventus-25-26-away-shorts/204171.html
adidas,Juventus 25 26 Away Jersey,204170,https://www.footlocker.fr/fr/product/model/adidas-juventus-25-26-away-jersey/204170.html
Asics,Gel Kayano 20,201905,https://www.footlocker.fr/fr/product/model/asics-gel-kayano-20/201905.html
adidas,Gazelle Indoor,174659,https://www.footlocker.fr/fr/product/model/adidas-gazelle-indoor/174659.html
adidas,Germany 26 Home Replica Goalkeeper Jersey,207207,https://www.footlocker.fr/fr/product/model/adidas-germany-26-home-replica-goalkeeper-jersey/207207.html
adidas,Originals Wide Leg Joggers,199935,https://www.footlocker.fr/fr/product/model/adidas-originals-wide-leg-joggers/199935.html
adidas,Italy 26 Home Goalkeeper Jersey,207208,https://www.footlocker.fr/fr/product/model/adidas-italy-26-home-goalkeeper-jersey/207208.html
Nike,T90,194248,https://www.footlocker.fr/fr/product/model/nike-t90/194248.html
adidas,Arsenal 25 26 Away Shorts,204184,https://www.footlocker.fr/fr/product/model/adidas-arsenal-25-26-away-shorts/204184.html
adidas,Real Madrid 25 26 Pre Match Jersey,204180,https://www.footlocker.fr/fr/product/model/adidas-real-madrid-25-26-pre-match-jersey/204180.html
Jordan,Son Of Mars Low,4131,https://www.footlocker.fr/fr/product/model/jordan-son-of-mars-low/4131.html
Ugg,Tazz Ii,207223,https://www.footlocker.fr/fr/product/model/ugg-tazz-ii/207223.html
Nike,Air Zoom Pegasus 42,204194,https://www.footlocker.fr/fr/product/model/nike-air-zoom-pegasus-42/204194.html
Nike,Air Force 1 Essential,210861,https://www.footlocker.fr/fr/product/model/nike-air-force-1-essential/210861.html
Nike,Ava Rover,204193,https://www.footlocker.fr/fr/product/model/nike-ava-rover/204193.html
Jordan,Air Sixty Plus Low,210860,https://www.footlocker.fr/fr/product/model/jordan-air-sixty-plus-low/210860.html
Jordan,1 Retro High Og,127454,https://www.footlocker.fr/fr/product/model/jordan-1-retro-high-og/127454.html
adidas,Archive,196888,https://www.footlocker.fr/fr/product/model/adidas-archive/196888.html
Hoka,Bondi 9,194227,https://www.footlocker.fr/fr/product/model/hoka-bondi-9/194227.html
Nike,Air Max Muse,194229,https://www.footlocker.fr/fr/product/model/nike-air-max-muse/194229.html
Hoka,Speedgoat 6,194228,https://www.footlocker.fr/fr/product/model/hoka-speedgoat-6/194228.html
adidas,Essentials,149657,https://www.footlocker.fr/fr/product/model/adidas-essentials/149657.html
Nike,Nba G Antetokounmpo Bucks Swingman,163972,https://www.footlocker.fr/fr/product/model/nike-nba-g-antetokounmpo-bucks-swingman/163972.html
Dc,Shoes At 2,201930,https://www.footlocker.fr/fr/product/model/dc-shoes-at-2/201930.html
Jordan,Bubble,196855,https://www.footlocker.fr/fr/product/model/jordan-bubble/196855.html
Nike,Club Chenille,196857,https://www.footlocker.fr/fr/product/model/nike-club-chenille/196857.html
Project,X Paris Heat Tech Jacket,196852,https://www.footlocker.fr/fr/product/model/project-x-paris-heat-tech-jacket/196852.html
Nike,Sportswear Long Sleeve Pleated Mini Dress,210885,https://www.footlocker.fr/fr/product/model/nike-sportswear-long-sleeve-pleated-mini-dress/210885.html
Asics,Gel Venture 6,141712,https://www.footlocker.fr/fr/product/model/asics-gel-venture-6/141712.html
adidas,Power Backpack,106446,https://www.footlocker.fr/fr/product/model/adidas-power-backpack/106446.html
adidas,Spiritain 2000 Trainers,207261,https://www.footlocker.fr/fr/product/model/adidas-spiritain-2000-trainers/207261.html
adidas,Zx 600,207262,https://www.footlocker.fr/fr/product/model/adidas-zx-600/207262.html
adidas,Adizero Adios 9,207263,https://www.footlocker.fr/fr/product/model/adidas-adizero-adios-9/207263.html
Jordan,Sport Dri Fit,166988,https://www.footlocker.fr/fr/product/model/jordan-sport-dri-fit/166988.html
adidas,Dropset Base,207264,https://www.footlocker.fr/fr/product/model/adidas-dropset-base/207264.html
adidas,Rapidmove Pro,207265,https://www.footlocker.fr/fr/product/model/adidas-rapidmove-pro/207265.html
adidas,Supernova Ease 2,207266,https://www.footlocker.fr/fr/product/model/adidas-supernova-ease-2/207266.html
adidas,Supernova Glide,207267,https://www.footlocker.fr/fr/product/model/adidas-supernova-glide/207267.html
adidas,Supernova Rise Atr,207268,https://www.footlocker.fr/fr/product/model/adidas-supernova-rise-atr/207268.html
adidas,Taekwondo Mei,207269,https://www.footlocker.fr/fr/product/model/adidas-taekwondo-mei/207269.html
Nike,Essentials,87953,https://www.footlocker.fr/fr/product/model/nike-essentials/87953.html
adidas,Originals Leopard,105108,https://www.footlocker.fr/fr/product/model/adidas-originals-leopard/105108.html
adidas,Ultraboost 5 Gtx,207270,https://www.footlocker.fr/fr/product/model/adidas-ultraboost-5-gtx/207270.html
adidas,Ultraboost 5X,207271,https://www.footlocker.fr/fr/product/model/adidas-ultraboost-5x/207271.html
Converse,Chuck Taylor Alt Star High,131413,https://www.footlocker.fr/fr/product/model/converse-chuck-taylor-alt-star-high/131413.html
adidas,Ultrarun 5 Tr,207272,https://www.footlocker.fr/fr/product/model/adidas-ultrarun-5-tr/207272.html
adidas,Ultrarun 5,207273,https://www.footlocker.fr/fr/product/model/adidas-ultrarun-5/207273.html
adidas,Anthony Edwards 2,207274,https://www.footlocker.fr/fr/product/model/adidas-anthony-edwards-2/207274.html
adidas,Campus St,207275,https://www.footlocker.fr/fr/product/model/adidas-campus-st/207275.html
adidas,Barreda Decode,207276,https://www.footlocker.fr/fr/product/model/adidas-barreda-decode/207276.html
Converse,Run Star Hike Platform High,131416,https://www.footlocker.fr/fr/product/model/converse-run-star-hike-platform-high/131416.html
adidas,Breaknet Sleek,207277,https://www.footlocker.fr/fr/product/model/adidas-breaknet-sleek/207277.html
adidas,Handball Spezial Lo Pro,207278,https://www.footlocker.fr/fr/product/model/adidas-handball-spezial-lo-pro/207278.html
adidas,Campus 00S Slide,207280,https://www.footlocker.fr/fr/product/model/adidas-campus-00s-slide/207280.html
Puma,Caven 2 0,186579,https://www.footlocker.fr/fr/product/model/puma-caven-2-0/186579.html
adidas,Japan 26 27 Home Jersey,207283,https://www.footlocker.fr/fr/product/model/adidas-japan-26-27-home-jersey/207283.html
adidas,Chile 26 Home Jersey,207284,https://www.footlocker.fr/fr/product/model/adidas-chile-26-home-jersey/207284.html
adidas,Germany 26 Home Cropped Jersey,207285,https://www.footlocker.fr/fr/product/model/adidas-germany-26-home-cropped-jersey/207285.html
adidas,Spain 26 Home Cropped Jersey,207286,https://www.footlocker.fr/fr/product/model/adidas-spain-26-home-cropped-jersey/207286.html
adidas,Italy 26 Home Replica Cropped Jersey,207287,https://www.footlocker.fr/fr/product/model/adidas-italy-26-home-replica-cropped-jersey/207287.html
adidas,Argentina 26 Home Jersey,207288,https://www.footlocker.fr/fr/product/model/adidas-argentina-26-home-jersey/207288.html
adidas,Essentials 3 Stripes Cuffed Joggers,165676,https://www.footlocker.fr/fr/product/model/adidas-essentials-3-stripes-cuffed-joggers/165676.html
Mizuno,X Vrunk Track Pants,201978,https://www.footlocker.fr/fr/product/model/mizuno-x-vrunk-track-pants/201978.html
Jordan,Jumpman,70297,https://www.footlocker.fr/fr/product/model/jordan-jumpman/70297.html
Jordan,Spizike Low,197227,https://www.footlocker.fr/fr/product/model/jordan-spizike-low/197227.html
Jordan,Spizike Low,197228,https://www.footlocker.fr/fr/product/model/jordan-spizike-low/197228.html
adidas,Argentina 26 Home Kids Set,207290,https://www.footlocker.fr/fr/product/model/adidas-argentina-26-home-kids-set/207290.html
adidas,Samba Xlg,178980,https://www.footlocker.fr/fr/product/model/adidas-samba-xlg/178980.html
Converse,Ctas Dainty Mary Jane Low,189616,https://www.footlocker.fr/fr/product/model/converse-ctas-dainty-mary-jane-low/189616.html
Converse,Ctas Dainty Mary Jane Low,189615,https://www.footlocker.fr/fr/product/model/converse-ctas-dainty-mary-jane-low/189615.html
adidas,Sweden 26 Home Kids Jersey,207295,https://www.footlocker.fr/fr/product/model/adidas-sweden-26-home-kids-jersey/207295.html
adidas,Germany 26 Tiro Kids Shorts,207296,https://www.footlocker.fr/fr/product/model/adidas-germany-26-tiro-kids-shorts/207296.html
Converse,Ctas Hi,189617,https://www.footlocker.fr/fr/product/model/converse-ctas-hi/189617.html
adidas,Germany 26 Tiro Kids Top,207297,https://www.footlocker.fr/fr/product/model/adidas-germany-26-tiro-kids-top/207297.html
Nike,G T Future,201990,https://www.footlocker.fr/fr/product/model/nike-g-t-future/201990.html
Ugg,Lo Lowmel,201992,https://www.footlocker.fr/fr/product/model/ugg-lo-lowmel/201992.html
Hoka,Bondi 7,201991,https://www.footlocker.fr/fr/product/model/hoka-bondi-7/201991.html
adidas,La Trainer Lux,178979,https://www.footlocker.fr/fr/product/model/adidas-la-trainer-lux/178979.html
Jordan,1 Mid,86631,https://www.footlocker.fr/fr/product/model/jordan-1-mid/86631.html
adidas,Adizero Evo Sl,197237,https://www.footlocker.fr/fr/product/model/adidas-adizero-evo-sl/197237.html
Nike,P 6000,154961,https://www.footlocker.fr/fr/product/model/nike-p-6000/154961.html
Ugg,Lowmel,185225,https://www.footlocker.fr/fr/product/model/ugg-lowmel/185225.html
Ugg,All Weather Hybrid,201994,https://www.footlocker.fr/fr/product/model/ugg-all-weather-hybrid/201994.html
Ugg,Peakmod,201995,https://www.footlocker.fr/fr/product/model/ugg-peakmod/201995.html
Nike,Sportswear Everything Mid Rise,185207,https://www.footlocker.fr/fr/product/model/nike-sportswear-everything-mid-rise/185207.html
Nike,Kids Crew 6 Pack,186536,https://www.footlocker.fr/fr/product/model/nike-kids-crew-6-pack/186536.html
Nike,Kids,186535,https://www.footlocker.fr/fr/product/model/nike-kids/186535.html
Nike,Swoosh Air,161276,https://www.footlocker.fr/fr/product/model/nike-swoosh-air/161276.html
Nike,Eh Df Acd25,186530,https://www.footlocker.fr/fr/product/model/nike-eh-df-acd25/186530.html
Converse,Cl98 Low,200688,https://www.footlocker.fr/fr/product/model/converse-cl98-low/200688.html
Nike,Swoosh Air,161277,https://www.footlocker.fr/fr/product/model/nike-swoosh-air/161277.html
adidas,Mercedes Amg Petronas F1 Lightblaze,200685,https://www.footlocker.fr/fr/product/model/adidas-mercedes-amg-petronas-f1-lightblaze/200685.html
Jordan,Flight Essentials Oversized,185201,https://www.footlocker.fr/fr/product/model/jordan-flight-essentials-oversized/185201.html
Heydude,Wally Mid Gripr Classic,200692,https://www.footlocker.fr/fr/product/model/heydude-wally-mid-gripr-classic/200692.html
adidas,Mercedes Amg Petronas F1 Adilette,200693,https://www.footlocker.fr/fr/product/model/adidas-mercedes-amg-petronas-f1-adilette/200693.html
New Balance,Leaders In Classics,174585,https://www.footlocker.fr/fr/product/model/new-balance-leaders-in-classics/174585.html
Nike,Challenger,194151,https://www.footlocker.fr/fr/product/model/nike-challenger/194151.html
Puma,A Ap Rocky Mostro Og Pony Hair,199840,https://www.footlocker.fr/fr/product/model/puma-a-ap-rocky-mostro-og-pony-hair/199840.html
Nike,Miler,194150,https://www.footlocker.fr/fr/product/model/nike-miler/194150.html
Nike,Challenger,194153,https://www.footlocker.fr/fr/product/model/nike-challenger/194153.html
Nike,Miler,194152,https://www.footlocker.fr/fr/product/model/nike-miler/194152.html
Jordan,Air Jordan 1 Low,185216,https://www.footlocker.fr/fr/product/model/jordan-air-jordan-1-low/185216.html
Nike,G T Cut Academy 2,209035,https://www.footlocker.fr/fr/product/model/nike-g-t-cut-academy-2/209035.html
Jordan,Retro 6,166955,https://www.footlocker.fr/fr/product/model/jordan-retro-6/166955.html
Jordan,Air Jordan 1 Mid Se,209034,https://www.footlocker.fr/fr/product/model/jordan-air-jordan-1-mid-se/209034.html
Puma,Mayze Stack,154976,https://www.footlocker.fr/fr/product/model/puma-mayze-stack/154976.html
Jordan,Trunner O S,209037,https://www.footlocker.fr/fr/product/model/jordan-trunner-o-s/209037.html
Jordan,Giannis Immortality 4,209036,https://www.footlocker.fr/fr/product/model/jordan-giannis-immortality-4/209036.html
Jordan,Lebron Witness 9,209038,https://www.footlocker.fr/fr/product/model/jordan-lebron-witness-9/209038.html
New Balance,Essentials,198522,https://www.footlocker.fr/fr/product/model/new-balance-essentials/198522.html
Nike,Street Flare,209040,https://www.footlocker.fr/fr/product/model/nike-street-flare/209040.html
Nike,Tuned,66178,https://www.footlocker.fr/fr/product/model/nike-tuned/66178.html
Nike,Air Max Dn8 Leather,209042,https://www.footlocker.fr/fr/product/model/nike-air-max-dn8-leather/209042.html
Nike,P 6000 Se,209046,https://www.footlocker.fr/fr/product/model/nike-p-6000-se/209046.html
Nike,Air Max 90 Black Neon,210031,https://www.footlocker.fr/fr/product/model/nike-air-max-90-black-neon/210031.html
Nike,Air Max Moto 2K Se,209045,https://www.footlocker.fr/fr/product/model/nike-air-max-moto-2k-se/209045.html
Nike,Air Max Tuned 1 Neon,210030,https://www.footlocker.fr/fr/product/model/nike-air-max-tuned-1-neon/210030.html
New Balance,1000,193726,https://www.footlocker.fr/fr/product/model/new-balance-1000/193726.html
Nike,Ava Rover,193727,https://www.footlocker.fr/fr/product/model/nike-ava-rover/193727.html
Nike,Peak,203738,https://www.footlocker.fr/fr/product/model/nike-peak/203738.html
Nike,Air Max Muse Se,209047,https://www.footlocker.fr/fr/product/model/nike-air-max-muse-se/209047.html
New Balance,1000,193728,https://www.footlocker.fr/fr/product/model/new-balance-1000/193728.html
Jordan,Air Jordan 1 Mid Se Edge,209049,https://www.footlocker.fr/fr/product/model/jordan-air-jordan-1-mid-se-edge/209049.html
Lacoste,Big Croc Logo,168770,https://www.footlocker.fr/fr/product/model/lacoste-big-croc-logo/168770.html
Nike,Air Force 1 Mid,123853,https://www.footlocker.fr/fr/product/model/nike-air-force-1-mid/123853.html
Lacoste,Diamond Weave Hooded,168765,https://www.footlocker.fr/fr/product/model/lacoste-diamond-weave-hooded/168765.html
Lacoste,Diamond Weave,168766,https://www.footlocker.fr/fr/product/model/lacoste-diamond-weave/168766.html
Lacoste,Diamond Weave Colorblock,168767,https://www.footlocker.fr/fr/product/model/lacoste-diamond-weave-colorblock/168767.html
Lacoste,Small Croc,168769,https://www.footlocker.fr/fr/product/model/lacoste-small-croc/168769.html
New Balance,1000,193725,https://www.footlocker.fr/fr/product/model/new-balance-1000/193725.html
Crocs,Classic Clog,181748,https://www.footlocker.fr/fr/product/model/crocs-classic-clog/181748.html
Nike,Air Max 90 Black Neon,210026,https://www.footlocker.fr/fr/product/model/nike-air-max-90-black-neon/210026.html
Nike,Field General,190699,https://www.footlocker.fr/fr/product/model/nike-field-general/190699.html
Nike,Lebron Xxiii Lebronto,210025,https://www.footlocker.fr/fr/product/model/nike-lebron-xxiii-lebronto/210025.html
Nike,Gymsacks,147826,https://www.footlocker.fr/fr/product/model/nike-gymsacks/147826.html
Nike,Air Max Dn,179413,https://www.footlocker.fr/fr/product/model/nike-air-max-dn/179413.html
Nike,Air Max 90 Black Neon,210028,https://www.footlocker.fr/fr/product/model/nike-air-max-90-black-neon/210028.html
Crocs,Classic Clog,181751,https://www.footlocker.fr/fr/product/model/crocs-classic-clog/181751.html
Jordan,Air Jordan 4 Rm,209053,https://www.footlocker.fr/fr/product/model/jordan-air-jordan-4-rm/209053.html
Puma,Suede Xl X Hello Kitty And Friends,187059,https://www.footlocker.fr/fr/product/model/puma-suede-xl-x-hello-kitty-and-friends/187059.html
Nike,Icon,193731,https://www.footlocker.fr/fr/product/model/nike-icon/193731.html
Nike,Giannis,193732,https://www.footlocker.fr/fr/product/model/nike-giannis/193732.html
Nike,Giannis,193733,https://www.footlocker.fr/fr/product/model/nike-giannis/193733.html
adidas,Baseball,84830,https://www.footlocker.fr/fr/product/model/adidas-baseball/84830.html
Puma,Karmen Ii Idol X Hello Kitty And Friends,187060,https://www.footlocker.fr/fr/product/model/puma-karmen-ii-idol-x-hello-kitty-and-friends/187060.html
Ugg,Neumel,179442,https://www.footlocker.fr/fr/product/model/ugg-neumel/179442.html
Ugg,Classic Ultra Mini,179441,https://www.footlocker.fr/fr/product/model/ugg-classic-ultra-mini/179441.html
adidas,Gazelle,159831,https://www.footlocker.fr/fr/product/model/adidas-gazelle/159831.html
Nike,Pegasus,159836,https://www.footlocker.fr/fr/product/model/nike-pegasus/159836.html
Nike,Air Zoom Spiridon Cage 2,193706,https://www.footlocker.fr/fr/product/model/nike-air-zoom-spiridon-cage-2/193706.html
Okami,Origin,189686,https://www.footlocker.fr/fr/product/model/okami-origin/189686.html
Nike,Club Alumni,187030,https://www.footlocker.fr/fr/product/model/nike-club-alumni/187030.html
Under,Armour Phantom 1,181728,https://www.footlocker.fr/fr/product/model/under-armour-phantom-1/181728.html
Nike,Air Max 90,159825,https://www.footlocker.fr/fr/product/model/nike-air-max-90/159825.html
Nike,Ava X,201107,https://www.footlocker.fr/fr/product/model/nike-ava-x/201107.html
Nike,Air Max Dn Roam,201108,https://www.footlocker.fr/fr/product/model/nike-air-max-dn-roam/201108.html
Puma,V S2 Goalgetter,202443,https://www.footlocker.fr/fr/product/model/puma-v-s2-goalgetter/202443.html
adidas,Gazelle Indoor,203771,https://www.footlocker.fr/fr/product/model/adidas-gazelle-indoor/203771.html
Calvin,Klein Flatform Lace Up,179424,https://www.footlocker.fr/fr/product/model/calvin-klein-flatform-lace-up/179424.html
Nike,Calm Slide,160816,https://www.footlocker.fr/fr/product/model/nike-calm-slide/160816.html
adidas,Vl Court 3 0,210072,https://www.footlocker.fr/fr/product/model/adidas-vl-court-3-0/210072.html
adidas,Sl 72 Rs,210071,https://www.footlocker.fr/fr/product/model/adidas-sl-72-rs/210071.html
adidas,Supernova Rise 3 Adaptive M Running,210070,https://www.footlocker.fr/fr/product/model/adidas-supernova-rise-3-adaptive-m-running/210070.html
adidas,Supernova Glide Running,210075,https://www.footlocker.fr/fr/product/model/adidas-supernova-glide-running/210075.html
adidas,Runfalcon 5 Running,210074,https://www.footlocker.fr/fr/product/model/adidas-runfalcon-5-running/210074.html
Ugg,Tasman Weather Hybrid,187005,https://www.footlocker.fr/fr/product/model/ugg-tasman-weather-hybrid/187005.html
Converse,Ctas Ox,189664,https://www.footlocker.fr/fr/product/model/converse-ctas-ox/189664.html
Nike,Sportswear Phoenix Cosy Slim Knit Trousers,206801,https://www.footlocker.fr/fr/product/model/nike-sportswear-phoenix-cosy-slim-knit-trousers/206801.html
Nike,Sportswear Phoenix Cosy Knit Hoodie,206802,https://www.footlocker.fr/fr/product/model/nike-sportswear-phoenix-cosy-knit-hoodie/206802.html
Nike,Sportswear Phoenix Short Sleeve Knit Top,206803,https://www.footlocker.fr/fr/product/model/nike-sportswear-phoenix-short-sleeve-knit-top/206803.html
Nike,Sportswear Phoenix Jacquard Trousers,206804,https://www.footlocker.fr/fr/product/model/nike-sportswear-phoenix-jacquard-trousers/206804.html
Nike,Sportswear Phoenix Oversized Bottoms,206807,https://www.footlocker.fr/fr/product/model/nike-sportswear-phoenix-oversized-bottoms/206807.html
Ugg,Tasman,177678,https://www.footlocker.fr/fr/product/model/ugg-tasman/177678.html
Nike,Sportswear Phoenix Wide Leg Trousers,206808,https://www.footlocker.fr/fr/product/model/nike-sportswear-phoenix-wide-leg-trousers/206808.html
Nike,Sportswear Phoenix Oversized Hoodie,206809,https://www.footlocker.fr/fr/product/model/nike-sportswear-phoenix-oversized-hoodie/206809.html
Salomon,Xt Pathway 2 Iridescent,210069,https://www.footlocker.fr/fr/product/model/salomon-xt-pathway-2-iridescent/210069.html
adidas,Slim Fit Cali T Shirt,210084,https://www.footlocker.fr/fr/product/model/adidas-slim-fit-cali-t-shirt/210084.html
adidas,3 4 Superstar Track Tracksuit Bottoms,210083,https://www.footlocker.fr/fr/product/model/adidas-3-4-superstar-track-tracksuit-bottoms/210083.html
adidas,Essentials Oversized Fleece Hoodie,210088,https://www.footlocker.fr/fr/product/model/adidas-essentials-oversized-fleece-hoodie/210088.html
adidas,Essentials Linear Byfr Jogger,210087,https://www.footlocker.fr/fr/product/model/adidas-essentials-linear-byfr-jogger/210087.html
adidas,Essentials Long Oversized Crew Sweatshirt,210086,https://www.footlocker.fr/fr/product/model/adidas-essentials-long-oversized-crew-sweatshirt/210086.html
adidas,Knitted Crochet Polo,210085,https://www.footlocker.fr/fr/product/model/adidas-knitted-crochet-polo/210085.html
Nike,Nba Memphis G,201128,https://www.footlocker.fr/fr/product/model/nike-nba-memphis-g/201128.html
adidas,Dame X,203789,https://www.footlocker.fr/fr/product/model/adidas-dame-x/203789.html
Jordan,Legacy 312 Low,187014,https://www.footlocker.fr/fr/product/model/jordan-legacy-312-low/187014.html
Vrunk,Tangerine,201132,https://www.footlocker.fr/fr/product/model/vrunk-tangerine/201132.html
Vans,Slip On,202464,https://www.footlocker.fr/fr/product/model/vans-slip-on/202464.html
Nike,Sportswear Phoenix Oversized Sweatshirt,206811,https://www.footlocker.fr/fr/product/model/nike-sportswear-phoenix-oversized-sweatshirt/206811.html
Vrunk,Tangerine,201131,https://www.footlocker.fr/fr/product/model/vrunk-tangerine/201131.html
Vans,Authentic,202465,https://www.footlocker.fr/fr/product/model/vans-authentic/202465.html
adidas,Superstar Ii,203796,https://www.footlocker.fr/fr/product/model/adidas-superstar-ii/203796.html
Nike,Uv Repel Miler,201134,https://www.footlocker.fr/fr/product/model/nike-uv-repel-miler/201134.html
Vans,Authentic,202462,https://www.footlocker.fr/fr/product/model/vans-authentic/202462.html
adidas,Adistar Control 5,203793,https://www.footlocker.fr/fr/product/model/adidas-adistar-control-5/203793.html
Vrunk,Tangerine,201133,https://www.footlocker.fr/fr/product/model/vrunk-tangerine/201133.html
adidas,Adizero Evo Sl Woven,203794,https://www.footlocker.fr/fr/product/model/adidas-adizero-evo-sl-woven/203794.html
adidas,D O N Issue 7,203791,https://www.footlocker.fr/fr/product/model/adidas-d-o-n-issue-7/203791.html
adidas,Adistar Xlg 2 0,203792,https://www.footlocker.fr/fr/product/model/adidas-adistar-xlg-2-0/203792.html
Vrunk,Tangerine,201130,https://www.footlocker.fr/fr/product/model/vrunk-tangerine/201130.html
Nike,Stitches Low Em,210079,https://www.footlocker.fr/fr/product/model/nike-stitches-low-em/210079.html
adidas,Jamaica 26 X Bob Marley Home Jersey,210095,https://www.footlocker.fr/fr/product/model/adidas-jamaica-26-x-bob-marley-home-jersey/210095.html
adidas,Street Jersey Ss,210094,https://www.footlocker.fr/fr/product/model/adidas-street-jersey-ss/210094.html
adidas,Firebird Lace Tracktop,210093,https://www.footlocker.fr/fr/product/model/adidas-firebird-lace-tracktop/210093.html
adidas,Satin Polka Dots Tt Track Top,210092,https://www.footlocker.fr/fr/product/model/adidas-satin-polka-dots-tt-track-top/210092.html
Nike,Club Fleece Joggers,191969,https://www.footlocker.fr/fr/product/model/nike-club-fleece-joggers/191969.html
adidas,Rouched One Shoulder Top,210099,https://www.footlocker.fr/fr/product/model/adidas-rouched-one-shoulder-top/210099.html
adidas,Hyperglam Cropped Hoodie,210098,https://www.footlocker.fr/fr/product/model/adidas-hyperglam-cropped-hoodie/210098.html
adidas,Firebird Loose Track Pant,210091,https://www.footlocker.fr/fr/product/model/adidas-firebird-loose-track-pant/210091.html
Vans,Authentic,202469,https://www.footlocker.fr/fr/product/model/vans-authentic/202469.html
Jordan,Essentials Woven Trousers,206830,https://www.footlocker.fr/fr/product/model/jordan-essentials-woven-trousers/206830.html
adidas,Essentials Wide Leg Pant,210090,https://www.footlocker.fr/fr/product/model/adidas-essentials-wide-leg-pant/210090.html
Nike,Kb Df Mamba,201138,https://www.footlocker.fr/fr/product/model/nike-kb-df-mamba/201138.html
Vans,Slip On,202466,https://www.footlocker.fr/fr/product/model/vans-slip-on/202466.html
Jordan,Flight Utility Trousers,206831,https://www.footlocker.fr/fr/product/model/jordan-flight-utility-trousers/206831.html
Converse,Ctas Lift Double Stack,202467,https://www.footlocker.fr/fr/product/model/converse-ctas-lift-double-stack/202467.html
adidas,Samba Jp,203798,https://www.footlocker.fr/fr/product/model/adidas-samba-jp/203798.html
Nike,Df Miler,201143,https://www.footlocker.fr/fr/product/model/nike-df-miler/201143.html
Nike,Df Miler,201142,https://www.footlocker.fr/fr/product/model/nike-df-miler/201142.html
Pro,Standard Chigago Bulls Ultras,202476,https://www.footlocker.fr/fr/product/model/pro-standard-chigago-bulls-ultras/202476.html
Nike,Df Miler,201145,https://www.footlocker.fr/fr/product/model/nike-df-miler/201145.html
Nike,Df Miler,201144,https://www.footlocker.fr/fr/product/model/nike-df-miler/201144.html
Converse,Ctas Lift Double Stack,202471,https://www.footlocker.fr/fr/product/model/converse-ctas-lift-double-stack/202471.html
Pro,Standard Los Angeles Lakers Ultras,202472,https://www.footlocker.fr/fr/product/model/pro-standard-los-angeles-lakers-ultras/202472.html
Nike,Kb Df M90 Asw Sp26,201140,https://www.footlocker.fr/fr/product/model/nike-kb-df-m90-asw-sp26/201140.html
Converse,Chuck Alt Star,202470,https://www.footlocker.fr/fr/product/model/converse-chuck-alt-star/202470.html
adidas,Belgium 24 Home,191965,https://www.footlocker.fr/fr/product/model/adidas-belgium-24-home/191965.html
Nike,Club Puffer,191963,https://www.footlocker.fr/fr/product/model/nike-club-puffer/191963.html
adidas,Stan Smith Isc,190631,https://www.footlocker.fr/fr/product/model/adidas-stan-smith-isc/190631.html
New Balance,204L,197264,https://www.footlocker.fr/fr/product/model/new-balance-204l/197264.html
adidas,Essentials Ribbed Full Zip Track Top,210089,https://www.footlocker.fr/fr/product/model/adidas-essentials-ribbed-full-zip-track-top/210089.html
Hoka,Bondi Sr,176360,https://www.footlocker.fr/fr/product/model/hoka-bondi-sr/176360.html
Hoka,Transport,176362,https://www.footlocker.fr/fr/product/model/hoka-transport/176362.html
Nike,Dunk Low,190647,https://www.footlocker.fr/fr/product/model/nike-dunk-low/190647.html
Nike,Nsw Denim,201147,https://www.footlocker.fr/fr/product/model/nike-nsw-denim/201147.html
adidas,Adizero Evo Sl Atr,206841,https://www.footlocker.fr/fr/product/model/adidas-adizero-evo-sl-atr/206841.html
Pro,Standard Los Angeles Lakers Ultras,202477,https://www.footlocker.fr/fr/product/model/pro-standard-los-angeles-lakers-ultras/202477.html
adidas,Adistar Xlg 2 0,206842,https://www.footlocker.fr/fr/product/model/adidas-adistar-xlg-2-0/206842.html
adidas,Adistar Control 5,206843,https://www.footlocker.fr/fr/product/model/adidas-adistar-control-5/206843.html
Pro,Standard Memphis Grizzlies Ultras Soccer,202487,https://www.footlocker.fr/fr/product/model/pro-standard-memphis-grizzlies-ultras-soccer/202487.html
Pro,Standard Los Angeles Lakers Ultras,202482,https://www.footlocker.fr/fr/product/model/pro-standard-los-angeles-lakers-ultras/202482.html
Pro,Standard Orlando Magic Ultras Soccer,202483,https://www.footlocker.fr/fr/product/model/pro-standard-orlando-magic-ultras-soccer/202483.html
Lacoste,Run Spin Eco,167404,https://www.footlocker.fr/fr/product/model/lacoste-run-spin-eco/167404.html
Pro,Standard Chigago Bulls Ultras,202481,https://www.footlocker.fr/fr/product/model/pro-standard-chigago-bulls-ultras/202481.html
Hoka,Clifton Ls,176356,https://www.footlocker.fr/fr/product/model/hoka-clifton-ls/176356.html
Nike,Air,49684,https://www.footlocker.fr/fr/product/model/nike-air/49684.html
Hoka,Skyline Float,176358,https://www.footlocker.fr/fr/product/model/hoka-skyline-float/176358.html
On,Cloudtilt,171419,https://www.footlocker.fr/fr/product/model/on-cloudtilt/171419.html
Nike,Book 2,201158,https://www.footlocker.fr/fr/product/model/nike-book-2/201158.html
Nike,G T Cut 4,201157,https://www.footlocker.fr/fr/product/model/nike-g-t-cut-4/201157.html
Nike,Pegasus Premium,201159,https://www.footlocker.fr/fr/product/model/nike-pegasus-premium/201159.html
Pro,Standard Chigago Bulls Ultras Soccer,202489,https://www.footlocker.fr/fr/product/model/pro-standard-chigago-bulls-ultras-soccer/202489.html
Jordan,1 Mid Se,159781,https://www.footlocker.fr/fr/product/model/jordan-1-mid-se/159781.html
Pro,Standard Los Angeles Lakers Ultras,202490,https://www.footlocker.fr/fr/product/model/pro-standard-los-angeles-lakers-ultras/202490.html
Crep,Protect Sneaker Guard 3 0,192350,https://www.footlocker.fr/fr/product/model/crep-protect-sneaker-guard-3-0/192350.html
adidas,Mid Cut Crew 3 Pack,137512,https://www.footlocker.fr/fr/product/model/adidas-mid-cut-crew-3-pack/137512.html
Nike,Air Max 97,159768,https://www.footlocker.fr/fr/product/model/nike-air-max-97/159768.html
New Balance,1906R,201178,https://www.footlocker.fr/fr/product/model/new-balance-1906r/201178.html
Nike,Lebron Xxiii,196727,https://www.footlocker.fr/fr/product/model/nike-lebron-xxiii/196727.html
Nike,Phoenix,145139,https://www.footlocker.fr/fr/product/model/nike-phoenix/145139.html
Jordan,Jumpman,160783,https://www.footlocker.fr/fr/product/model/jordan-jumpman/160783.html
Jordan,Flight Mvp Aop,160782,https://www.footlocker.fr/fr/product/model/jordan-flight-mvp-aop/160782.html
Skechers,Twinkle Toes,181682,https://www.footlocker.fr/fr/product/model/skechers-twinkle-toes/181682.html
Nike,S T Dynamite,204214,https://www.footlocker.fr/fr/product/model/nike-s-t-dynamite/204214.html
adidas,Adilette 22 Slide,151825,https://www.footlocker.fr/fr/product/model/adidas-adilette-22-slide/151825.html
Nike,S T Dynamite,204213,https://www.footlocker.fr/fr/product/model/nike-s-t-dynamite/204213.html
Jordan,Brooklyn,193665,https://www.footlocker.fr/fr/product/model/jordan-brooklyn/193665.html
adidas,Earflap,193669,https://www.footlocker.fr/fr/product/model/adidas-earflap/193669.html
Jordan,Gfx,191007,https://www.footlocker.fr/fr/product/model/jordan-gfx/191007.html
adidas,Essential,191001,https://www.footlocker.fr/fr/product/model/adidas-essential/191001.html
New Balance,480,160778,https://www.footlocker.fr/fr/product/model/new-balance-480/160778.html
Ugg,Tasman Weather Hybrid,180365,https://www.footlocker.fr/fr/product/model/ugg-tasman-weather-hybrid/180365.html
New Balance,9060,160776,https://www.footlocker.fr/fr/product/model/new-balance-9060/160776.html
Nike,Air Max Koko,108175,https://www.footlocker.fr/fr/product/model/nike-air-max-koko/108175.html
Timberland,Davis Sq,79661,https://www.footlocker.fr/fr/product/model/timberland-davis-sq/79661.html
Nike,Dunk Low Retro Se,204225,https://www.footlocker.fr/fr/product/model/nike-dunk-low-retro-se/204225.html
New Balance,509,201194,https://www.footlocker.fr/fr/product/model/new-balance-509/201194.html
New Balance,2010,201193,https://www.footlocker.fr/fr/product/model/new-balance-2010/201193.html
Nike,City Utility Therma Fit,192349,https://www.footlocker.fr/fr/product/model/nike-city-utility-therma-fit/192349.html
New Balance,M1000,201192,https://www.footlocker.fr/fr/product/model/new-balance-m1000/201192.html
Jordan,Flight,192340,https://www.footlocker.fr/fr/product/model/jordan-flight/192340.html
New Balance,327,159794,https://www.footlocker.fr/fr/product/model/new-balance-327/159794.html
Nike,Zoom Vomero 5,179389,https://www.footlocker.fr/fr/product/model/nike-zoom-vomero-5/179389.html
Nike,Therma Fit,192342,https://www.footlocker.fr/fr/product/model/nike-therma-fit/192342.html
Jordan,Kids Ankle 6 Pack,160722,https://www.footlocker.fr/fr/product/model/jordan-kids-ankle-6-pack/160722.html
Timberland,Motion 6 Mid,181664,https://www.footlocker.fr/fr/product/model/timberland-motion-6-mid/181664.html
Nike,Mbappe,160720,https://www.footlocker.fr/fr/product/model/nike-mbappe/160720.html
Nike,Street,204226,https://www.footlocker.fr/fr/product/model/nike-street/204226.html
Vans,Old Skool,194979,https://www.footlocker.fr/fr/product/model/vans-old-skool/194979.html
New Balance,Trackside Woven Short,210905,https://www.footlocker.fr/fr/product/model/new-balance-trackside-woven-short/210905.html
New Balance,Sport Essentials Space Dye 1 4 Zip,210904,https://www.footlocker.fr/fr/product/model/new-balance-sport-essentials-space-dye-1-4-zip/210904.html
Asics,Gel Cumulus 16,194971,https://www.footlocker.fr/fr/product/model/asics-gel-cumulus-16/194971.html
adidas,Adicolor Classics Superstar Track Top,6840,https://www.footlocker.fr/fr/product/model/adidas-adicolor-classics-superstar-track-top/6840.html
Jordan,Flight Court Se,204238,https://www.footlocker.fr/fr/product/model/jordan-flight-court-se/204238.html
Nike,Air,146424,https://www.footlocker.fr/fr/product/model/nike-air/146424.html
adidas,Superstar Crib,193654,https://www.footlocker.fr/fr/product/model/adidas-superstar-crib/193654.html
Nike,Giannis Immortality 4,193655,https://www.footlocker.fr/fr/product/model/nike-giannis-immortality-4/193655.html
Jordan,Brooklyn,193658,https://www.footlocker.fr/fr/product/model/jordan-brooklyn/193658.html
Nike,Calm,204241,https://www.footlocker.fr/fr/product/model/nike-calm/204241.html
Jordan,Nola,204240,https://www.footlocker.fr/fr/product/model/jordan-nola/204240.html
Nike,Mbappe,160719,https://www.footlocker.fr/fr/product/model/nike-mbappe/160719.html
Asics,Gel 1130,160745,https://www.footlocker.fr/fr/product/model/asics-gel-1130/160745.html
Nike,Club,179365,https://www.footlocker.fr/fr/product/model/nike-club/179365.html
Asics,Gel Quantum 180 Vii,160746,https://www.footlocker.fr/fr/product/model/asics-gel-quantum-180-vii/160746.html
adidas,No Show 6 Pack,205589,https://www.footlocker.fr/fr/product/model/adidas-no-show-6-pack/205589.html
Jordan,Brazil Wc 2026,205588,https://www.footlocker.fr/fr/product/model/jordan-brazil-wc-2026/205588.html
Skechers,Butterfly Bliss,204256,https://www.footlocker.fr/fr/product/model/skechers-butterfly-bliss/204256.html
New,Era 59Fifty Mlb Oakland Athletics,190590,https://www.footlocker.fr/fr/product/model/new-era-59fifty-mlb-oakland-athletics/190590.html
Jordan,Brazil Wc 2026,205586,https://www.footlocker.fr/fr/product/model/jordan-brazil-wc-2026/205586.html
Jordan,Brazil Wc 2026,205585,https://www.footlocker.fr/fr/product/model/jordan-brazil-wc-2026/205585.html
Jordan,23 7 2 Easyon,204253,https://www.footlocker.fr/fr/product/model/jordan-23-7-2-easyon/204253.html
Jordan,Brazil Wc 2026,205584,https://www.footlocker.fr/fr/product/model/jordan-brazil-wc-2026/205584.html
Jordan,Brazil Wc 2026,205583,https://www.footlocker.fr/fr/product/model/jordan-brazil-wc-2026/205583.html
Nike,V5 Rnr,205582,https://www.footlocker.fr/fr/product/model/nike-v5-rnr/205582.html
Nike,V5 Rnr,205581,https://www.footlocker.fr/fr/product/model/nike-v5-rnr/205581.html
adidas,Stan Smith,159761,https://www.footlocker.fr/fr/product/model/adidas-stan-smith/159761.html
Lacoste,Spinor,194969,https://www.footlocker.fr/fr/product/model/lacoste-spinor/194969.html
adidas,Adicolor,91340,https://www.footlocker.fr/fr/product/model/adidas-adicolor/91340.html
Nike,Air Max Tuned 1 Neon,209956,https://www.footlocker.fr/fr/product/model/nike-air-max-tuned-1-neon/209956.html
Jordan,23 7 2 Easyon,204259,https://www.footlocker.fr/fr/product/model/jordan-23-7-2-easyon/204259.html
Nike,Kylian Mbappe X Nike Tuned 7 Plum Eclipse,209955,https://www.footlocker.fr/fr/product/model/nike-kylian-mbappe-x-nike-tuned-7-plum-eclipse/209955.html
Skechers,Skechers Garage,204267,https://www.footlocker.fr/fr/product/model/skechers-skechers-garage/204267.html
Skechers,Gummy Friends,204266,https://www.footlocker.fr/fr/product/model/skechers-gummy-friends/204266.html
Saucony,Guide 7,193634,https://www.footlocker.fr/fr/product/model/saucony-guide-7/193634.html
Skechers,Butterfly Bliss,204265,https://www.footlocker.fr/fr/product/model/skechers-butterfly-bliss/204265.html
Skechers,Skech O Saurus Lights 2 0,204263,https://www.footlocker.fr/fr/product/model/skechers-skech-o-saurus-lights-2-0/204263.html
Skechers,Mega Flex Lite,204262,https://www.footlocker.fr/fr/product/model/skechers-mega-flex-lite/204262.html
Asics,Gel Kayano 14,105933,https://www.footlocker.fr/fr/product/model/asics-gel-kayano-14/105933.html
Asics,Ex89,160737,https://www.footlocker.fr/fr/product/model/asics-ex89/160737.html
Nike,Cllctn,186514,https://www.footlocker.fr/fr/product/model/nike-cllctn/186514.html
Puma,E T,199829,https://www.footlocker.fr/fr/product/model/puma-e-t/199829.html
Puma,E T,199828,https://www.footlocker.fr/fr/product/model/puma-e-t/199828.html
Puma,E T,199827,https://www.footlocker.fr/fr/product/model/puma-e-t/199827.html
adidas,Mercedes Amg Petronas F1 Supernova Rise 2,196792,https://www.footlocker.fr/fr/product/model/adidas-mercedes-amg-petronas-f1-supernova-rise-2/196792.html
adidas,Mercedes Amg Petronas F1 Sl 72,196790,https://www.footlocker.fr/fr/product/model/adidas-mercedes-amg-petronas-f1-sl-72/196790.html
Nike,Book 1,170166,https://www.footlocker.fr/fr/product/model/nike-book-1/170166.html
adidas,Mercedes Amg Petronas F1 Barreda Decode,196796,https://www.footlocker.fr/fr/product/model/adidas-mercedes-amg-petronas-f1-barreda-decode/196796.html
Nike,Aja Wilson Dri Fit Shorts,210941,https://www.footlocker.fr/fr/product/model/nike-aja-wilson-dri-fit-shorts/210941.html
Nike,Tech Woven,186524,https://www.footlocker.fr/fr/product/model/nike-tech-woven/186524.html
Jordan,Flight Court,207310,https://www.footlocker.fr/fr/product/model/jordan-flight-court/207310.html
Nike,Shox Tl,183491,https://www.footlocker.fr/fr/product/model/nike-shox-tl/183491.html
Nike,Lebron Witness 9,207313,https://www.footlocker.fr/fr/product/model/nike-lebron-witness-9/207313.html
Jordan,Trunner,207314,https://www.footlocker.fr/fr/product/model/jordan-trunner/207314.html
Puma,Hali 1,199836,https://www.footlocker.fr/fr/product/model/puma-hali-1/199836.html
Nike,G T Cut Academy,207308,https://www.footlocker.fr/fr/product/model/nike-g-t-cut-academy/207308.html
Converse,Alt Star,210956,https://www.footlocker.fr/fr/product/model/converse-alt-star/210956.html
Jordan,4Rm,207309,https://www.footlocker.fr/fr/product/model/jordan-4rm/207309.html
Puma,A Ap Rocky Inhale Leopard,199839,https://www.footlocker.fr/fr/product/model/puma-a-ap-rocky-inhale-leopard/199839.html
Puma,Puma X Skepta Skope Bts L,199838,https://www.footlocker.fr/fr/product/model/puma-puma-x-skepta-skope-bts-l/199838.html
adidas,Astir,128612,https://www.footlocker.fr/fr/product/model/adidas-astir/128612.html
Nike,Kawa Slide,139302,https://www.footlocker.fr/fr/product/model/nike-kawa-slide/139302.html
On,Cloudswift 3 Ad,151891,https://www.footlocker.fr/fr/product/model/on-cloudswift-3-ad/151891.html
Nike,Shox Z,207322,https://www.footlocker.fr/fr/product/model/nike-shox-z/207322.html
Nike,Shox R4,207323,https://www.footlocker.fr/fr/product/model/nike-shox-r4/207323.html
Nike,Zoom Vomero 5,207324,https://www.footlocker.fr/fr/product/model/nike-zoom-vomero-5/207324.html
Nike,Cortez,207325,https://www.footlocker.fr/fr/product/model/nike-cortez/207325.html
Nike,Air Max Phoenix,209986,https://www.footlocker.fr/fr/product/model/nike-air-max-phoenix/209986.html
Nike,P 6000,207326,https://www.footlocker.fr/fr/product/model/nike-p-6000/207326.html
Nike,Shox Tl,207327,https://www.footlocker.fr/fr/product/model/nike-shox-tl/207327.html
Nike,Zoom Vomero 5,207318,https://www.footlocker.fr/fr/product/model/nike-zoom-vomero-5/207318.html
Nike,P 6000 Premium Cordura,207319,https://www.footlocker.fr/fr/product/model/nike-p-6000-premium-cordura/207319.html
Jordan,Luka 4,194119,https://www.footlocker.fr/fr/product/model/jordan-luka-4/194119.html
New Balance,Essentials,141623,https://www.footlocker.fr/fr/product/model/new-balance-essentials/141623.html
Nike,Kylian Mbappe Academy Df Football Set,209992,https://www.footlocker.fr/fr/product/model/nike-kylian-mbappe-academy-df-football-set/209992.html
Nike,Kylian Mbappe Academy Df Football T Shirt,209994,https://www.footlocker.fr/fr/product/model/nike-kylian-mbappe-academy-df-football-t-shirt/209994.html
Nike,Kylian Mbappe Academy Df Football Set,209993,https://www.footlocker.fr/fr/product/model/nike-kylian-mbappe-academy-df-football-set/209993.html
Jordan,Mvp 92,207333,https://www.footlocker.fr/fr/product/model/jordan-mvp-92/207333.html
Nike,Kylian Mbappe Df T Shirt,209996,https://www.footlocker.fr/fr/product/model/nike-kylian-mbappe-df-t-shirt/209996.html
Nike,Kylian Mbappe Academy Df Football Short,209995,https://www.footlocker.fr/fr/product/model/nike-kylian-mbappe-academy-df-football-short/209995.html
adidas,Forum Low Cl,186500,https://www.footlocker.fr/fr/product/model/adidas-forum-low-cl/186500.html
Nike,Gato,207336,https://www.footlocker.fr/fr/product/model/nike-gato/207336.html
Nike,Kylian Mbappe Woven Football Track Suit,209997,https://www.footlocker.fr/fr/product/model/nike-kylian-mbappe-woven-football-track-suit/209997.html
Nike,Field General,207328,https://www.footlocker.fr/fr/product/model/nike-field-general/207328.html
adidas,Megaride,194125,https://www.footlocker.fr/fr/product/model/adidas-megaride/194125.html
New Balance,Crew 3 Pack,141631,https://www.footlocker.fr/fr/product/model/new-balance-crew-3-pack/141631.html
Jordan,Dawn,194120,https://www.footlocker.fr/fr/product/model/jordan-dawn/194120.html
Jordan,Mvp 92,196785,https://www.footlocker.fr/fr/product/model/jordan-mvp-92/196785.html
Jordan,Cement 3Pk Infant Ankle,150582,https://www.footlocker.fr/fr/product/model/jordan-cement-3pk-infant-ankle/150582.html
Nike,Ava Rover,194121,https://www.footlocker.fr/fr/product/model/nike-ava-rover/194121.html
Nike,Air Max Tuned 1,194123,https://www.footlocker.fr/fr/product/model/nike-air-max-tuned-1/194123.html
Nike,Club,107730,https://www.footlocker.fr/fr/product/model/nike-club/107730.html
Nike,Futura Infant,150519,https://www.footlocker.fr/fr/product/model/nike-futura-infant/150519.html
Nike,Air Max 90 Drift,196756,https://www.footlocker.fr/fr/product/model/nike-air-max-90-drift/196756.html
Crocs,Echo,163839,https://www.footlocker.fr/fr/product/model/crocs-echo/163839.html
Puma,Rick And Morty,158479,https://www.footlocker.fr/fr/product/model/puma-rick-and-morty/158479.html
adidas,Superstar St,200710,https://www.footlocker.fr/fr/product/model/adidas-superstar-st/200710.html
Timberland,Crib Bootie,195437,https://www.footlocker.fr/fr/product/model/timberland-crib-bootie/195437.html
Timberland,X Champion City Roam,79605,https://www.footlocker.fr/fr/product/model/timberland-x-champion-city-roam/79605.html
Puma,Rick And Morty,158480,https://www.footlocker.fr/fr/product/model/puma-rick-and-morty/158480.html
Skechers,Heart Steps,200729,https://www.footlocker.fr/fr/product/model/skechers-heart-steps/200729.html
Skechers,S Lights Lil Mermaid,200726,https://www.footlocker.fr/fr/product/model/skechers-s-lights-lil-mermaid/200726.html
New Balance,Fresh Foam 680 V8 Waterproof,207364,https://www.footlocker.fr/fr/product/model/new-balance-fresh-foam-680-v8-waterproof/207364.html
New Balance,Fresh Foam X Hierro V9,207366,https://www.footlocker.fr/fr/product/model/new-balance-fresh-foam-x-hierro-v9/207366.html
Asics,Gel Venture 6 Gtx,207368,https://www.footlocker.fr/fr/product/model/asics-gel-venture-6-gtx/207368.html
adidas,Spiritain 2000,207369,https://www.footlocker.fr/fr/product/model/adidas-spiritain-2000/207369.html
Okami,Utility,192376,https://www.footlocker.fr/fr/product/model/okami-utility/192376.html
adidas,Ultraboost Dna,162516,https://www.footlocker.fr/fr/product/model/adidas-ultraboost-dna/162516.html
adidas,Adizero Adios 9,207370,https://www.footlocker.fr/fr/product/model/adidas-adizero-adios-9/207370.html
Puma,Cali Dream Infuse,128641,https://www.footlocker.fr/fr/product/model/puma-cali-dream-infuse/128641.html
adidas,Supernova Ease 2,207371,https://www.footlocker.fr/fr/product/model/adidas-supernova-ease-2/207371.html
adidas,Supernova Glide,207372,https://www.footlocker.fr/fr/product/model/adidas-supernova-glide/207372.html
adidas,Supernova Rise Atr,207373,https://www.footlocker.fr/fr/product/model/adidas-supernova-rise-atr/207373.html
adidas,Terrex Agravic Speed 2 Trail,207374,https://www.footlocker.fr/fr/product/model/adidas-terrex-agravic-speed-2-trail/207374.html
adidas,Terrex Agravic Tt Trail,207375,https://www.footlocker.fr/fr/product/model/adidas-terrex-agravic-tt-trail/207375.html
Dc,Shoes Court Graffik,200732,https://www.footlocker.fr/fr/product/model/dc-shoes-court-graffik/200732.html
adidas,Terrex Anylander Hiking,207376,https://www.footlocker.fr/fr/product/model/adidas-terrex-anylander-hiking/207376.html
adidas,Terrex Eastrail 3,207377,https://www.footlocker.fr/fr/product/model/adidas-terrex-eastrail-3/207377.html
adidas,Terrex Free Hiker 2 0 Low Gore Tex,207378,https://www.footlocker.fr/fr/product/model/adidas-terrex-free-hiker-2-0-low-gore-tex/207378.html
adidas,Terrex Skychaser Ax5 Hiking,207379,https://www.footlocker.fr/fr/product/model/adidas-terrex-skychaser-ax5-hiking/207379.html
Under,Armour Lw Insulated Jacket,196746,https://www.footlocker.fr/fr/product/model/under-armour-lw-insulated-jacket/196746.html
Jordan,Essential,196749,https://www.footlocker.fr/fr/product/model/jordan-essential/196749.html
Nike,Club Polar Hz,196747,https://www.footlocker.fr/fr/product/model/nike-club-polar-hz/196747.html
adidas,Adiracer Lo,189509,https://www.footlocker.fr/fr/product/model/adidas-adiracer-lo/189509.html
adidas,Terrex Skychaser Ax5 Gore Tex Hiking,207380,https://www.footlocker.fr/fr/product/model/adidas-terrex-skychaser-ax5-gore-tex-hiking/207380.html
adidas,Terrex Skychaser Gore Tex Hiking,207381,https://www.footlocker.fr/fr/product/model/adidas-terrex-skychaser-gore-tex-hiking/207381.html
adidas,Campus St,207382,https://www.footlocker.fr/fr/product/model/adidas-campus-st/207382.html
adidas,Adimule Slides,207383,https://www.footlocker.fr/fr/product/model/adidas-adimule-slides/207383.html
adidas,Tokyo,189508,https://www.footlocker.fr/fr/product/model/adidas-tokyo/189508.html
New Balance,Fresh Foam 680 V8 Waterproof,207385,https://www.footlocker.fr/fr/product/model/new-balance-fresh-foam-680-v8-waterproof/207385.html
Nike,Air Pegasus Wave,189502,https://www.footlocker.fr/fr/product/model/nike-air-pegasus-wave/189502.html
Project,X Paris Celeb Drip,185146,https://www.footlocker.fr/fr/product/model/project-x-paris-celeb-drip/185146.html
adidas,Adizero Evo Sl Atr,207390,https://www.footlocker.fr/fr/product/model/adidas-adizero-evo-sl-atr/207390.html
adidas,Sl 72 Og Lt,207391,https://www.footlocker.fr/fr/product/model/adidas-sl-72-og-lt/207391.html
adidas,Supernova Rise 3,207392,https://www.footlocker.fr/fr/product/model/adidas-supernova-rise-3/207392.html
adidas,Supernova Solution 3,207393,https://www.footlocker.fr/fr/product/model/adidas-supernova-solution-3/207393.html
adidas,Barreda Mary Jane,207394,https://www.footlocker.fr/fr/product/model/adidas-barreda-mary-jane/207394.html
New Balance,Fresh Foam X Garoe V2,207395,https://www.footlocker.fr/fr/product/model/new-balance-fresh-foam-x-garoe-v2/207395.html
New Balance,2002,207396,https://www.footlocker.fr/fr/product/model/new-balance-2002/207396.html
Nike,Air Max Dn8,186485,https://www.footlocker.fr/fr/product/model/nike-air-max-dn8/186485.html
adidas,Bball,162499,https://www.footlocker.fr/fr/product/model/adidas-bball/162499.html
adidas,Adilette,186483,https://www.footlocker.fr/fr/product/model/adidas-adilette/186483.html
adidas,Italy Home 26,200756,https://www.footlocker.fr/fr/product/model/adidas-italy-home-26/200756.html
Jordan,Air Jordan 1 Low,145933,https://www.footlocker.fr/fr/product/model/jordan-air-jordan-1-low/145933.html
Reebok,Club C,8657,https://www.footlocker.fr/fr/product/model/reebok-club-c/8657.html
Forcefield,White Sponge,93058,https://www.footlocker.fr/fr/product/model/forcefield-white-sponge/93058.html
Nike,Terrascout,191805,https://www.footlocker.fr/fr/product/model/nike-terrascout/191805.html
Forcefield,Ultra Lite,93057,https://www.footlocker.fr/fr/product/model/forcefield-ultra-lite/93057.html
Nike,Shox Nz,374,https://www.footlocker.fr/fr/product/model/nike-shox-nz/374.html
Nike,City Side,197100,https://www.footlocker.fr/fr/product/model/nike-city-side/197100.html
Buffalo,Aspha,145947,https://www.footlocker.fr/fr/product/model/buffalo-aspha/145947.html
Nike,City Side,197101,https://www.footlocker.fr/fr/product/model/nike-city-side/197101.html
adidas,Firebird Dress,194075,https://www.footlocker.fr/fr/product/model/adidas-firebird-dress/194075.html
Jordan,Mountainside,197102,https://www.footlocker.fr/fr/product/model/jordan-mountainside/197102.html
Jordan,1 Mid,121934,https://www.footlocker.fr/fr/product/model/jordan-1-mid/121934.html
adidas,Firebird Dress,194092,https://www.footlocker.fr/fr/product/model/adidas-firebird-dress/194092.html
adidas,Brmd,203808,https://www.footlocker.fr/fr/product/model/adidas-brmd/203808.html
Project,X Paris Tech Future,185137,https://www.footlocker.fr/fr/product/model/project-x-paris-tech-future/185137.html
Puma,Pumatech,161186,https://www.footlocker.fr/fr/product/model/puma-pumatech/161186.html
Project,X Paris Artist Series,185140,https://www.footlocker.fr/fr/product/model/project-x-paris-artist-series/185140.html
Converse,Ctas Lift Platform High,145954,https://www.footlocker.fr/fr/product/model/converse-ctas-lift-platform-high/145954.html
Nike,Backpack,44071,https://www.footlocker.fr/fr/product/model/nike-backpack/44071.html
Happy,Socks Crew 3 Pack,206090,https://www.footlocker.fr/fr/product/model/happy-socks-crew-3-pack/206090.html
adidas,Originals Tulle Skirt,210110,https://www.footlocker.fr/fr/product/model/adidas-originals-tulle-skirt/210110.html
adidas,Denim Trefoil,194059,https://www.footlocker.fr/fr/product/model/adidas-denim-trefoil/194059.html
adidas,Terry Towel V Neck Polo Shirt,210109,https://www.footlocker.fr/fr/product/model/adidas-terry-towel-v-neck-polo-shirt/210109.html
adidas,Terry Towel Firebird Tracksuit Bottoms,210108,https://www.footlocker.fr/fr/product/model/adidas-terry-towel-firebird-tracksuit-bottoms/210108.html
adidas,Adilenium,194052,https://www.footlocker.fr/fr/product/model/adidas-adilenium/194052.html
adidas,Slim Fitted Firebird Track Top,210102,https://www.footlocker.fr/fr/product/model/adidas-slim-fitted-firebird-track-top/210102.html
Reebok,Club C,195385,https://www.footlocker.fr/fr/product/model/reebok-club-c/195385.html
adidas,Originals Slim Spike Knit Sweatshirt,210101,https://www.footlocker.fr/fr/product/model/adidas-originals-slim-spike-knit-sweatshirt/210101.html
adidas,Terry Towel Cali T Shirt,210107,https://www.footlocker.fr/fr/product/model/adidas-terry-towel-cali-t-shirt/210107.html
adidas,Techfit Stash Pocket Full Length Leggings,210106,https://www.footlocker.fr/fr/product/model/adidas-techfit-stash-pocket-full-length-leggings/210106.html
adidas,Techfit Long Sleeve Training Top,210105,https://www.footlocker.fr/fr/product/model/adidas-techfit-long-sleeve-training-top/210105.html
Happy,Socks Ankle 3 Pack,206091,https://www.footlocker.fr/fr/product/model/happy-socks-ankle-3-pack/206091.html
Jordan,Aj1 High Og,106376,https://www.footlocker.fr/fr/product/model/jordan-aj1-high-og/106376.html
Nike,Kobe,186448,https://www.footlocker.fr/fr/product/model/nike-kobe/186448.html
Nike,Kobe,186447,https://www.footlocker.fr/fr/product/model/nike-kobe/186447.html
Vrunk,Bucket,210121,https://www.footlocker.fr/fr/product/model/vrunk-bucket/210121.html
adidas,Satin Polka Dots Wide Leg Pant,210120,https://www.footlocker.fr/fr/product/model/adidas-satin-polka-dots-wide-leg-pant/210120.html
Forcefield,Gel Pad,93063,https://www.footlocker.fr/fr/product/model/forcefield-gel-pad/93063.html
New,Era Mlb New York Yankees,154834,https://www.footlocker.fr/fr/product/model/new-era-mlb-new-york-yankees/154834.html
adidas,Adistar Control 5,203823,https://www.footlocker.fr/fr/product/model/adidas-adistar-control-5/203823.html
Forcefield,Gel Cleaner,93061,https://www.footlocker.fr/fr/product/model/forcefield-gel-cleaner/93061.html
Jordan,Luka,133918,https://www.footlocker.fr/fr/product/model/jordan-luka/133918.html
adidas,Adistar Control 5,203821,https://www.footlocker.fr/fr/product/model/adidas-adistar-control-5/203821.html
Nike,Kobe,186445,https://www.footlocker.fr/fr/product/model/nike-kobe/186445.html
Forcefield,Airr Select,93066,https://www.footlocker.fr/fr/product/model/forcefield-airr-select/93066.html
Forcefield,Ultra Lite Gel,93065,https://www.footlocker.fr/fr/product/model/forcefield-ultra-lite-gel/93065.html
adidas,Workout Essentials Woven Training Joggers,210119,https://www.footlocker.fr/fr/product/model/adidas-workout-essentials-woven-training-joggers/210119.html
adidas,Future Icons 3 Stripes Hoodie,210114,https://www.footlocker.fr/fr/product/model/adidas-future-icons-3-stripes-hoodie/210114.html
Ugg,Neumel,77822,https://www.footlocker.fr/fr/product/model/ugg-neumel/77822.html
adidas,Dayready Tracksuit,210113,https://www.footlocker.fr/fr/product/model/adidas-dayready-tracksuit/210113.html
adidas,Essentials 3 Stripes Woven Bottoms,210112,https://www.footlocker.fr/fr/product/model/adidas-essentials-3-stripes-woven-bottoms/210112.html
adidas,Shorts Tee Set,194064,https://www.footlocker.fr/fr/product/model/adidas-shorts-tee-set/194064.html
adidas,3 Stripes Fleece Wide Pant,210111,https://www.footlocker.fr/fr/product/model/adidas-3-stripes-fleece-wide-pant/210111.html
adidas,Train Essentials 3 Stripes Woven Joggers,210118,https://www.footlocker.fr/fr/product/model/adidas-train-essentials-3-stripes-woven-joggers/210118.html
adidas,Stadium 3 Stripes Track Tracksuit Bottoms,210117,https://www.footlocker.fr/fr/product/model/adidas-stadium-3-stripes-track-tracksuit-bottoms/210117.html
adidas,Essentials Contemporary Logo Fleece Barrel Pants,210116,https://www.footlocker.fr/fr/product/model/adidas-essentials-contemporary-logo-fleece-barrel-pants/210116.html
adidas,Glam Velvet Tracksuit,210115,https://www.footlocker.fr/fr/product/model/adidas-glam-velvet-tracksuit/210115.html
adidas,Gazelle Bold,165518,https://www.footlocker.fr/fr/product/model/adidas-gazelle-bold/165518.html
Vans,Old Skool,141542,https://www.footlocker.fr/fr/product/model/vans-old-skool/141542.html
On,The Roger Advantage,140211,https://www.footlocker.fr/fr/product/model/on-the-roger-advantage/140211.html
Vans,Authentic,141541,https://www.footlocker.fr/fr/product/model/vans-authentic/141541.html
Vans,Sk8 Hi,141543,https://www.footlocker.fr/fr/product/model/vans-sk8-hi/141543.html
Hoka,Anacapa 2 Low Gtx,174465,https://www.footlocker.fr/fr/product/model/hoka-anacapa-2-low-gtx/174465.html
adidas,Adicolor Trefoil Essentials,194032,https://www.footlocker.fr/fr/product/model/adidas-adicolor-trefoil-essentials/194032.html
adidas,Z N E,194031,https://www.footlocker.fr/fr/product/model/adidas-z-n-e/194031.html
Converse,Chuck Taylor All Star Lift Hi,175794,https://www.footlocker.fr/fr/product/model/converse-chuck-taylor-all-star-lift-hi/175794.html
Lacoste,Storm 2K Lite,186428,https://www.footlocker.fr/fr/product/model/lacoste-storm-2k-lite/186428.html
Lacoste,L003 Neo Shot,186427,https://www.footlocker.fr/fr/product/model/lacoste-l003-neo-shot/186427.html
Nike,Gato,186426,https://www.footlocker.fr/fr/product/model/nike-gato/186426.html
Nike,Pegasus 2005,186425,https://www.footlocker.fr/fr/product/model/nike-pegasus-2005/186425.html
Nike,Shox Shroud,210143,https://www.footlocker.fr/fr/product/model/nike-shox-shroud/210143.html
Timberland,Sprint Trekker Mid,165505,https://www.footlocker.fr/fr/product/model/timberland-sprint-trekker-mid/165505.html
Reebok,Atr Chill,165503,https://www.footlocker.fr/fr/product/model/reebok-atr-chill/165503.html
Lacoste,Storm 2K,186429,https://www.footlocker.fr/fr/product/model/lacoste-storm-2k/186429.html
adidas,Essentials,194049,https://www.footlocker.fr/fr/product/model/adidas-essentials/194049.html
Jordan,Brooklyn Gfx Block,203850,https://www.footlocker.fr/fr/product/model/jordan-brooklyn-gfx-block/203850.html
Jordan,Wordmark Emb,203851,https://www.footlocker.fr/fr/product/model/jordan-wordmark-emb/203851.html
Nike,Air More Uptempo 96,145910,https://www.footlocker.fr/fr/product/model/nike-air-more-uptempo-96/145910.html
Jordan,Aj3 Retro Og Spring Is In The Air,210135,https://www.footlocker.fr/fr/product/model/jordan-aj3-retro-og-spring-is-in-the-air/210135.html
Nike,Kd 18 Thunder And Reign,210134,https://www.footlocker.fr/fr/product/model/nike-kd-18-thunder-and-reign/210134.html
Nike,5 Inch Swim Shorts,202529,https://www.footlocker.fr/fr/product/model/nike-5-inch-swim-shorts/202529.html
adidas,Samba Og Crib,193605,https://www.footlocker.fr/fr/product/model/adidas-samba-og-crib/193605.html
Nike,Essentials Stripe Swooshfetti,203859,https://www.footlocker.fr/fr/product/model/nike-essentials-stripe-swooshfetti/203859.html
adidas,Sl 72 Rs,193607,https://www.footlocker.fr/fr/product/model/adidas-sl-72-rs/193607.html
Converse,Ctas Hi,202523,https://www.footlocker.fr/fr/product/model/converse-ctas-hi/202523.html
Nike,Swim Voyage 5,202524,https://www.footlocker.fr/fr/product/model/nike-swim-voyage-5/202524.html
Crocs,Classic Lined,135728,https://www.footlocker.fr/fr/product/model/crocs-classic-lined/135728.html
Converse,Ctas 2V,202522,https://www.footlocker.fr/fr/product/model/converse-ctas-2v/202522.html
Jordan,Brooklyn Gfx Block,203862,https://www.footlocker.fr/fr/product/model/jordan-brooklyn-gfx-block/203862.html
adidas,Samba Og,193602,https://www.footlocker.fr/fr/product/model/adidas-samba-og/193602.html
adidas,Campus 00S Led Lights,193604,https://www.footlocker.fr/fr/product/model/adidas-campus-00s-led-lights/193604.html
Jordan,City 88,190579,https://www.footlocker.fr/fr/product/model/jordan-city-88/190579.html
Nike,Club Bb,190578,https://www.footlocker.fr/fr/product/model/nike-club-bb/190578.html
adidas,Inter Miami Cf Away Jersey Messi,210146,https://www.footlocker.fr/fr/product/model/adidas-inter-miami-cf-away-jersey-messi/210146.html
Nike,Nba J Morant Grizzlies Swingman Icon,155341,https://www.footlocker.fr/fr/product/model/nike-nba-j-morant-grizzlies-swingman-icon/155341.html
Nike,Air Vapormax Plus,66294,https://www.footlocker.fr/fr/product/model/nike-air-vapormax-plus/66294.html
adidas,Bob Marley Originals T Shirt,210163,https://www.footlocker.fr/fr/product/model/adidas-bob-marley-originals-t-shirt/210163.html
Jordan,Wordmark Emb,203863,https://www.footlocker.fr/fr/product/model/jordan-wordmark-emb/203863.html
Salomon,Xt 6 Expanse,202542,https://www.footlocker.fr/fr/product/model/salomon-xt-6-expanse/202542.html
adidas,Samba Jp,193610,https://www.footlocker.fr/fr/product/model/adidas-samba-jp/193610.html
Nike,Essentials Jersey,203871,https://www.footlocker.fr/fr/product/model/nike-essentials-jersey/203871.html
Jordan,Retro 5,194943,https://www.footlocker.fr/fr/product/model/jordan-retro-5/194943.html
New,Era 59Fifty Mlb New York Yankees,190589,https://www.footlocker.fr/fr/product/model/new-era-59fifty-mlb-new-york-yankees/190589.html
adidas,Jamaica X Bob Marley Originals Track Top,210155,https://www.footlocker.fr/fr/product/model/adidas-jamaica-x-bob-marley-originals-track-top/210155.html
Nike,Kobe,190583,https://www.footlocker.fr/fr/product/model/nike-kobe/190583.html
Jordan,Brooklyn,182930,https://www.footlocker.fr/fr/product/model/jordan-brooklyn/182930.html
adidas,Olympic Lyon Home 25 26,201218,https://www.footlocker.fr/fr/product/model/adidas-olympic-lyon-home-25-26/201218.html
adidas,Inter Miami Cf Home 25 26,201215,https://www.footlocker.fr/fr/product/model/adidas-inter-miami-cf-home-25-26/201215.html
Jordan,Brooklyn Gfx Block,203875,https://www.footlocker.fr/fr/product/model/jordan-brooklyn-gfx-block/203875.html
adidas,Arsenal Fcarsenal Fc Home 25 26,201220,https://www.footlocker.fr/fr/product/model/adidas-arsenal-fcarsenal-fc-home-25-26/201220.html
adidas,Fc Bayern Munchen Jersey Away 2025 26,201221,https://www.footlocker.fr/fr/product/model/adidas-fc-bayern-munchen-jersey-away-2025-26/201221.html
Jordan,Distressed Gfx,203882,https://www.footlocker.fr/fr/product/model/jordan-distressed-gfx/203882.html
adidas,Graphics,194913,https://www.footlocker.fr/fr/product/model/adidas-graphics/194913.html
Nike,Air Max Dn,190554,https://www.footlocker.fr/fr/product/model/nike-air-max-dn/190554.html
adidas,Real Madrid Originals Jersey,210166,https://www.footlocker.fr/fr/product/model/adidas-real-madrid-originals-jersey/210166.html
Nike,Shox Tl,190553,https://www.footlocker.fr/fr/product/model/nike-shox-tl/190553.html
Dc,Shoes Stag,190551,https://www.footlocker.fr/fr/product/model/dc-shoes-stag/190551.html
adidas,Firebird Woven Track Tracksuit Bottoms,210183,https://www.footlocker.fr/fr/product/model/adidas-firebird-woven-track-tracksuit-bottoms/210183.html
adidas,Firebird Track Tracksuit Bottoms,210182,https://www.footlocker.fr/fr/product/model/adidas-firebird-track-tracksuit-bottoms/210182.html
Nike,Nba Bulls Swingman,155344,https://www.footlocker.fr/fr/product/model/nike-nba-bulls-swingman/155344.html
adidas,Trefoil Essentials Loose Hoodie,210180,https://www.footlocker.fr/fr/product/model/adidas-trefoil-essentials-loose-hoodie/210180.html
adidas,Baggy Track Trousers,210186,https://www.footlocker.fr/fr/product/model/adidas-baggy-track-trousers/210186.html
New Balance,327,159703,https://www.footlocker.fr/fr/product/model/new-balance-327/159703.html
Okami,Exploration,182943,https://www.footlocker.fr/fr/product/model/okami-exploration/182943.html
adidas,Stan Smith,159709,https://www.footlocker.fr/fr/product/model/adidas-stan-smith/159709.html
adidas,Real Madrid Home 25 26,201228,https://www.footlocker.fr/fr/product/model/adidas-real-madrid-home-25-26/201228.html
adidas,Arsenal Fc Away 25 26,201227,https://www.footlocker.fr/fr/product/model/adidas-arsenal-fc-away-25-26/201227.html
adidas,Fc Bayern Muenchen Home 25 26,201229,https://www.footlocker.fr/fr/product/model/adidas-fc-bayern-muenchen-home-25-26/201229.html
adidas,Juventus Away 25 26,201223,https://www.footlocker.fr/fr/product/model/adidas-juventus-away-25-26/201223.html
adidas,Manchester United Away 25 26,201226,https://www.footlocker.fr/fr/product/model/adidas-manchester-united-away-25-26/201226.html
Nike,5 Inch Swim Shorts,202563,https://www.footlocker.fr/fr/product/model/nike-5-inch-swim-shorts/202563.html
adidas,Real Madrid Away 25 26,201230,https://www.footlocker.fr/fr/product/model/adidas-real-madrid-away-25-26/201230.html
adidas,Ajax Amsterdam Third 25 26,201233,https://www.footlocker.fr/fr/product/model/adidas-ajax-amsterdam-third-25-26/201233.html
adidas,Manchester United Third 25 26,201232,https://www.footlocker.fr/fr/product/model/adidas-manchester-united-third-25-26/201232.html
Nike,5 Inch Swim Shorts Print,202562,https://www.footlocker.fr/fr/product/model/nike-5-inch-swim-shorts-print/202562.html
Nike,Tech Fleece,146404,https://www.footlocker.fr/fr/product/model/nike-tech-fleece/146404.html
adidas,Trefoil Essentials Crew Sweatshirt,210178,https://www.footlocker.fr/fr/product/model/adidas-trefoil-essentials-crew-sweatshirt/210178.html
Crocs,Classic Clog,190537,https://www.footlocker.fr/fr/product/model/crocs-classic-clog/190537.html
adidas,3 Stripes Woven Tracksuits,210196,https://www.footlocker.fr/fr/product/model/adidas-3-stripes-woven-tracksuits/210196.html
adidas,Cr Flamengo Third 25 26,201239,https://www.footlocker.fr/fr/product/model/adidas-cr-flamengo-third-25-26/201239.html
Nike,Club,96982,https://www.footlocker.fr/fr/product/model/nike-club/96982.html
adidas,Fc Bayern Muenchen Third 25 26,201235,https://www.footlocker.fr/fr/product/model/adidas-fc-bayern-muenchen-third-25-26/201235.html
adidas,Real Madrid Third 25 26,201234,https://www.footlocker.fr/fr/product/model/adidas-real-madrid-third-25-26/201234.html
adidas,Juventus Third 25 26,201237,https://www.footlocker.fr/fr/product/model/adidas-juventus-third-25-26/201237.html
adidas,Inter Miami Cf Third 25 26,201236,https://www.footlocker.fr/fr/product/model/adidas-inter-miami-cf-third-25-26/201236.html
adidas,Liverpool Fc Away 25 26,201242,https://www.footlocker.fr/fr/product/model/adidas-liverpool-fc-away-25-26/201242.html
adidas,Liverpool Fc Third 25 26,201241,https://www.footlocker.fr/fr/product/model/adidas-liverpool-fc-third-25-26/201241.html
adidas,Megaride F50,202572,https://www.footlocker.fr/fr/product/model/adidas-megaride-f50/202572.html
Lacoste,Game Trainer Pro,202573,https://www.footlocker.fr/fr/product/model/lacoste-game-trainer-pro/202573.html
adidas,Jabbar Hi,202571,https://www.footlocker.fr/fr/product/model/adidas-jabbar-hi/202571.html
adidas,Liverpool Fc Home 25 26,201240,https://www.footlocker.fr/fr/product/model/adidas-liverpool-fc-home-25-26/201240.html
Nike,Sportswear Phoenix Fleece Oversized,177555,https://www.footlocker.fr/fr/product/model/nike-sportswear-phoenix-fleece-oversized/177555.html
adidas,Adicolor Spacer Baggy Tracksuit Bottoms,210189,https://www.footlocker.fr/fr/product/model/adidas-adicolor-spacer-baggy-tracksuit-bottoms/210189.html
adidas,3 Stripes Baby,178883,https://www.footlocker.fr/fr/product/model/adidas-3-stripes-baby/178883.html
Nike,Nba L Donic Lakers Swingman,197180,https://www.footlocker.fr/fr/product/model/nike-nba-l-donic-lakers-swingman/197180.html
Reebok,Classic Leather,9156,https://www.footlocker.fr/fr/product/model/reebok-classic-leather/9156.html
Nike,Nba K Irving Mavs Hardwood Classic,197183,https://www.footlocker.fr/fr/product/model/nike-nba-k-irving-mavs-hardwood-classic/197183.html
Nike,Club,91283,https://www.footlocker.fr/fr/product/model/nike-club/91283.html
adidas,Gazelle,145972,https://www.footlocker.fr/fr/product/model/adidas-gazelle/145972.html
Vans,Super Lowpro,202582,https://www.footlocker.fr/fr/product/model/vans-super-lowpro/202582.html
adidas,Satin Wide Leg,178879,https://www.footlocker.fr/fr/product/model/adidas-satin-wide-leg/178879.html
Jordan,Retro 11,197177,https://www.footlocker.fr/fr/product/model/jordan-retro-11/197177.html
Nike,Swoosh Air Run,182927,https://www.footlocker.fr/fr/product/model/nike-swoosh-air-run/182927.html
Jordan,Spizike,197175,https://www.footlocker.fr/fr/product/model/jordan-spizike/197175.html
Jordan,Spizike,197176,https://www.footlocker.fr/fr/product/model/jordan-spizike/197176.html
Jordan,Mvp 92,197179,https://www.footlocker.fr/fr/product/model/jordan-mvp-92/197179.html
Nike,Dri Fit Long Sleeve 1 2 Zip,177582,https://www.footlocker.fr/fr/product/model/nike-dri-fit-long-sleeve-1-2-zip/177582.html
adidas,Anthony Edwards 1 Low Lucid Lime,190519,https://www.footlocker.fr/fr/product/model/adidas-anthony-edwards-1-low-lucid-lime/190519.html
Jordan,Terry Cloth Camp,189529,https://www.footlocker.fr/fr/product/model/jordan-terry-cloth-camp/189529.html
Jordan,Terry Cloth Camp,189526,https://www.footlocker.fr/fr/product/model/jordan-terry-cloth-camp/189526.html
adidas,Gazelle Crib,186499,https://www.footlocker.fr/fr/product/model/adidas-gazelle-crib/186499.html
adidas,Adicolor Classic Firebird,202596,https://www.footlocker.fr/fr/product/model/adidas-adicolor-classic-firebird/202596.html
Pro,Standard Grizzlies City Arch Soccer,202594,https://www.footlocker.fr/fr/product/model/pro-standard-grizzlies-city-arch-soccer/202594.html
Pro,Standard Magic City Arch Soccer,202595,https://www.footlocker.fr/fr/product/model/pro-standard-magic-city-arch-soccer/202595.html
Pro,Standard New York Knicks Ultras Soccer,202593,https://www.footlocker.fr/fr/product/model/pro-standard-new-york-knicks-ultras-soccer/202593.html
Buffalo,Aspha Loafer,169959,https://www.footlocker.fr/fr/product/model/buffalo-aspha-loafer/169959.html
Nike,React Live,108119,https://www.footlocker.fr/fr/product/model/nike-react-live/108119.html
Jordan,Hidden,189531,https://www.footlocker.fr/fr/product/model/jordan-hidden/189531.html
Nike,Tech Fleece,144667,https://www.footlocker.fr/fr/product/model/nike-tech-fleece/144667.html
Nike,Dunk Low,185181,https://www.footlocker.fr/fr/product/model/nike-dunk-low/185181.html
Nike,Terra,182904,https://www.footlocker.fr/fr/product/model/nike-terra/182904.html
adidas,Adilette Aqua,132690,https://www.footlocker.fr/fr/product/model/adidas-adilette-aqua/132690.html
Hoka,Mafate Speed 2,194412,https://www.footlocker.fr/fr/product/model/hoka-mafate-speed-2/194412.html
Hoka,Mafate Three2 Wordmark,194411,https://www.footlocker.fr/fr/product/model/hoka-mafate-three2-wordmark/194411.html
adidas,Anthony Edwards 1 Low,181115,https://www.footlocker.fr/fr/product/model/adidas-anthony-edwards-1-low/181115.html
Puma,Suede Xl,171765,https://www.footlocker.fr/fr/product/model/puma-suede-xl/171765.html
Nike,Ankle 3 Pack Medium,189086,https://www.footlocker.fr/fr/product/model/nike-ankle-3-pack-medium/189086.html
Crocs,Classic Bball Jersey Clog,203477,https://www.footlocker.fr/fr/product/model/crocs-classic-bball-jersey-clog/203477.html
Nike,Air Max 270 React,74083,https://www.footlocker.fr/fr/product/model/nike-air-max-270-react/74083.html
Nike,Everyday Cushioned Crew 3 Pack,189082,https://www.footlocker.fr/fr/product/model/nike-everyday-cushioned-crew-3-pack/189082.html
Nike,Everyday Cushioned Crew 3 Pack,189084,https://www.footlocker.fr/fr/product/model/nike-everyday-cushioned-crew-3-pack/189084.html
Nike,Ankle 3 Pack Small,189081,https://www.footlocker.fr/fr/product/model/nike-ankle-3-pack-small/189081.html
Crep,Protect Fuzzy Laces,207840,https://www.footlocker.fr/fr/product/model/crep-protect-fuzzy-laces/207840.html
adidas,Superstar Ii,202149,https://www.footlocker.fr/fr/product/model/adidas-superstar-ii/202149.html
Nike,Kobe,206510,https://www.footlocker.fr/fr/product/model/nike-kobe/206510.html
Jordan,Pullover,206511,https://www.footlocker.fr/fr/product/model/jordan-pullover/206511.html
Asics,Gel 1130,189049,https://www.footlocker.fr/fr/product/model/asics-gel-1130/189049.html
Jordan,Brooklyn,206512,https://www.footlocker.fr/fr/product/model/jordan-brooklyn/206512.html
Ugg,Lo Lowmel Plains,202148,https://www.footlocker.fr/fr/product/model/ugg-lo-lowmel-plains/202148.html
Nike,Nba Spurs,206503,https://www.footlocker.fr/fr/product/model/nike-nba-spurs/206503.html
adidas,Z N E,189053,https://www.footlocker.fr/fr/product/model/adidas-z-n-e/189053.html
adidas,Italy Away 26,203488,https://www.footlocker.fr/fr/product/model/adidas-italy-away-26/203488.html
adidas,Algeria Away 26,203485,https://www.footlocker.fr/fr/product/model/adidas-algeria-away-26/203485.html
Jordan,Sport,206505,https://www.footlocker.fr/fr/product/model/jordan-sport/206505.html
adidas,Costa Rica Away 26,203486,https://www.footlocker.fr/fr/product/model/adidas-costa-rica-away-26/203486.html
Nike,Swoosh Air,206506,https://www.footlocker.fr/fr/product/model/nike-swoosh-air/206506.html
Ugg,Goldenglow,202152,https://www.footlocker.fr/fr/product/model/ugg-goldenglow/202152.html
adidas,Venezuela Away 26,203483,https://www.footlocker.fr/fr/product/model/adidas-venezuela-away-26/203483.html
Ugg,Goldenglow,202153,https://www.footlocker.fr/fr/product/model/ugg-goldenglow/202153.html
adidas,Argentina Home 26,203484,https://www.footlocker.fr/fr/product/model/adidas-argentina-home-26/203484.html
Crep,Protect Rope Laces,207839,https://www.footlocker.fr/fr/product/model/crep-protect-rope-laces/207839.html
Forcefield,Premium Laces,49090,https://www.footlocker.fr/fr/product/model/forcefield-premium-laces/49090.html
Ugg,Classic Ultra Mini Plains,202150,https://www.footlocker.fr/fr/product/model/ugg-classic-ultra-mini-plains/202150.html
Ugg,Tazz Plains,202151,https://www.footlocker.fr/fr/product/model/ugg-tazz-plains/202151.html
Crocs,Classic Bball Jersey Clog,203480,https://www.footlocker.fr/fr/product/model/crocs-classic-bball-jersey-clog/203480.html
Nike,Kobe 9 Protro,183757,https://www.footlocker.fr/fr/product/model/nike-kobe-9-protro/183757.html
Nike,Zoom Vomero 18,194408,https://www.footlocker.fr/fr/product/model/nike-zoom-vomero-18/194408.html
Jordan,Chicago,206521,https://www.footlocker.fr/fr/product/model/jordan-chicago/206521.html
adidas,Spain Away 26,203489,https://www.footlocker.fr/fr/product/model/adidas-spain-away-26/203489.html
Jordan,1 Mid,170456,https://www.footlocker.fr/fr/product/model/jordan-1-mid/170456.html
adidas,Juventus 25 26,202167,https://www.footlocker.fr/fr/product/model/adidas-juventus-25-26/202167.html
adidas,Summer Prints,203498,https://www.footlocker.fr/fr/product/model/adidas-summer-prints/203498.html
adidas,Arsenal 25 26,202168,https://www.footlocker.fr/fr/product/model/adidas-arsenal-25-26/202168.html
adidas,Ac Ess Pitch Gfx,203499,https://www.footlocker.fr/fr/product/model/adidas-ac-ess-pitch-gfx/203499.html
Nike,Tech Boreas,206515,https://www.footlocker.fr/fr/product/model/nike-tech-boreas/206515.html
adidas,Tech Essentials,203496,https://www.footlocker.fr/fr/product/model/adidas-tech-essentials/203496.html
Nike,Lebron Xxiii Bubble Boy,207847,https://www.footlocker.fr/fr/product/model/nike-lebron-xxiii-bubble-boy/207847.html
adidas,Manchester United 25 26 Pre Match,202166,https://www.footlocker.fr/fr/product/model/adidas-manchester-united-25-26-pre-match/202166.html
adidas,Summer Prints,203497,https://www.footlocker.fr/fr/product/model/adidas-summer-prints/203497.html
Nike,Tech Fleece,206518,https://www.footlocker.fr/fr/product/model/nike-tech-fleece/206518.html
adidas,Firebird Denim Jort,203495,https://www.footlocker.fr/fr/product/model/adidas-firebird-denim-jort/203495.html
Nike,Pegasus 41,194407,https://www.footlocker.fr/fr/product/model/nike-pegasus-41/194407.html
Puma,Pumatech,171781,https://www.footlocker.fr/fr/product/model/puma-pumatech/171781.html
Converse,Run Star Legacy Cx Platform High,134795,https://www.footlocker.fr/fr/product/model/converse-run-star-legacy-cx-platform-high/134795.html
Jordan,Max Aura 7,195707,https://www.footlocker.fr/fr/product/model/jordan-max-aura-7/195707.html
Jordan,Max Aura 7,195709,https://www.footlocker.fr/fr/product/model/jordan-max-aura-7/195709.html
Nike,Sportswear Club,206530,https://www.footlocker.fr/fr/product/model/nike-sportswear-club/206530.html
Nike,Tech Fleece Joggers,206531,https://www.footlocker.fr/fr/product/model/nike-tech-fleece-joggers/206531.html
Nike,Club Loose,206532,https://www.footlocker.fr/fr/product/model/nike-club-loose/206532.html
adidas,Arsenal 25 26,202169,https://www.footlocker.fr/fr/product/model/adidas-arsenal-25-26/202169.html
Puma,Fade Nitro Ls,202178,https://www.footlocker.fr/fr/product/model/puma-fade-nitro-ls/202178.html
New Balance,1000,189031,https://www.footlocker.fr/fr/product/model/new-balance-1000/189031.html
Puma,Magnify Nitro 3,202179,https://www.footlocker.fr/fr/product/model/puma-magnify-nitro-3/202179.html
Salomon,Xt 6 Expanse,207857,https://www.footlocker.fr/fr/product/model/salomon-xt-6-expanse/207857.html
Jordan,Sport Dri Fit,166394,https://www.footlocker.fr/fr/product/model/jordan-sport-dri-fit/166394.html
Puma,Mb 05 Fast And Furious La,202176,https://www.footlocker.fr/fr/product/model/puma-mb-05-fast-and-furious-la/202176.html
Nike,Club,206528,https://www.footlocker.fr/fr/product/model/nike-club/206528.html
Nike,Tech Fleece,206529,https://www.footlocker.fr/fr/product/model/nike-tech-fleece/206529.html
On,Cloudhorizon 1,179699,https://www.footlocker.fr/fr/product/model/on-cloudhorizon-1/179699.html
Jordan,Aj1 Mm Low,183733,https://www.footlocker.fr/fr/product/model/jordan-aj1-mm-low/183733.html
adidas,Adicolor 70S Monogram Short,154398,https://www.footlocker.fr/fr/product/model/adidas-adicolor-70s-monogram-short/154398.html
Jordan,4Rm,179690,https://www.footlocker.fr/fr/product/model/jordan-4rm/179690.html
New Balance,Hierro,206543,https://www.footlocker.fr/fr/product/model/new-balance-hierro/206543.html
New Balance,2010,205215,https://www.footlocker.fr/fr/product/model/new-balance-2010/205215.html
Nike,Icon,166384,https://www.footlocker.fr/fr/product/model/nike-icon/166384.html
Puma,King Indoor,202182,https://www.footlocker.fr/fr/product/model/puma-king-indoor/202182.html
Puma,Velocity Nitro 4,202180,https://www.footlocker.fr/fr/product/model/puma-velocity-nitro-4/202180.html
adidas,Adilette Aqua,193988,https://www.footlocker.fr/fr/product/model/adidas-adilette-aqua/193988.html
Crep,Protect Suede Revive,191327,https://www.footlocker.fr/fr/product/model/crep-protect-suede-revive/191327.html
Nike,Gfx,137854,https://www.footlocker.fr/fr/product/model/nike-gfx/137854.html
Salomon,Xt 6,171748,https://www.footlocker.fr/fr/product/model/salomon-xt-6/171748.html
adidas,Sprinter,169432,https://www.footlocker.fr/fr/product/model/adidas-sprinter/169432.html
adidas,Superstar Ii Denim,192666,https://www.footlocker.fr/fr/product/model/adidas-superstar-ii-denim/192666.html
adidas,Adilette Ayoon,193990,https://www.footlocker.fr/fr/product/model/adidas-adilette-ayoon/193990.html
Nike,Tech Fleece,174888,https://www.footlocker.fr/fr/product/model/nike-tech-fleece/174888.html
Nike,Everyday Cushioned Crew 6 Pack,138323,https://www.footlocker.fr/fr/product/model/nike-everyday-cushioned-crew-6-pack/138323.html
Nike,Total 90,193161,https://www.footlocker.fr/fr/product/model/nike-total-90/193161.html
Nike,Premium Essentials,139652,https://www.footlocker.fr/fr/product/model/nike-premium-essentials/139652.html
Forcefield,Crease Preventer Elite,185559,https://www.footlocker.fr/fr/product/model/forcefield-crease-preventer-elite/185559.html
Nike,Heritage 86 Metal Swoosh,138328,https://www.footlocker.fr/fr/product/model/nike-heritage-86-metal-swoosh/138328.html
adidas,Juventus Football Club,193180,https://www.footlocker.fr/fr/product/model/adidas-juventus-football-club/193180.html
adidas,Juventus Football Club,193181,https://www.footlocker.fr/fr/product/model/adidas-juventus-football-club/193181.html
adidas,Inter Miami Cf 25 26 Home Jersey,206587,https://www.footlocker.fr/fr/product/model/adidas-inter-miami-cf-25-26-home-jersey/206587.html
adidas,Inter Miami Cf 25 26 Messi Home Jersey,206588,https://www.footlocker.fr/fr/product/model/adidas-inter-miami-cf-25-26-messi-home-jersey/206588.html
Nike,Calm 2 0,209614,https://www.footlocker.fr/fr/product/model/nike-calm-2-0/209614.html
Jordan,X Psg,172213,https://www.footlocker.fr/fr/product/model/jordan-x-psg/172213.html
Nike,Futura,174873,https://www.footlocker.fr/fr/product/model/nike-futura/174873.html
Nike,Kids Metal Swoosh,138331,https://www.footlocker.fr/fr/product/model/nike-kids-metal-swoosh/138331.html
Saucony,Shadow 5000,186850,https://www.footlocker.fr/fr/product/model/saucony-shadow-5000/186850.html
Nike,Calm 2 0,209617,https://www.footlocker.fr/fr/product/model/nike-calm-2-0/209617.html
Nike,Stellar Ride,210606,https://www.footlocker.fr/fr/product/model/nike-stellar-ride/210606.html
Lckr,Oswego,198836,https://www.footlocker.fr/fr/product/model/lckr-oswego/198836.html
Nike,Rift 2,210605,https://www.footlocker.fr/fr/product/model/nike-rift-2/210605.html
adidas,Messi,152638,https://www.footlocker.fr/fr/product/model/adidas-messi/152638.html
Nike,Tatum 4,209619,https://www.footlocker.fr/fr/product/model/nike-tatum-4/209619.html
Nike,Acg Pegasus Trail,210604,https://www.footlocker.fr/fr/product/model/nike-acg-pegasus-trail/210604.html
adidas,Messi,152637,https://www.footlocker.fr/fr/product/model/adidas-messi/152637.html
New Balance,480,194479,https://www.footlocker.fr/fr/product/model/new-balance-480/194479.html
Nike,Pegasus 42,210603,https://www.footlocker.fr/fr/product/model/nike-pegasus-42/210603.html
Lckr,Oswego,198837,https://www.footlocker.fr/fr/product/model/lckr-oswego/198837.html
Nike,Tuned,205263,https://www.footlocker.fr/fr/product/model/nike-tuned/205263.html
Nike,Club,104997,https://www.footlocker.fr/fr/product/model/nike-club/104997.html
Under,Armour Storm Blitzing,194470,https://www.footlocker.fr/fr/product/model/under-armour-storm-blitzing/194470.html
Reebok,Classic Leather,415,https://www.footlocker.fr/fr/product/model/reebok-classic-leather/415.html
adidas,Liberty,193140,https://www.footlocker.fr/fr/product/model/adidas-liberty/193140.html
Under,Armour Sportstyle,194471,https://www.footlocker.fr/fr/product/model/under-armour-sportstyle/194471.html
Nike,Free Ride,210602,https://www.footlocker.fr/fr/product/model/nike-free-ride/210602.html
adidas,Adicolor 3 Stripes,193143,https://www.footlocker.fr/fr/product/model/adidas-adicolor-3-stripes/193143.html
Nike,P 6000 Fade,210601,https://www.footlocker.fr/fr/product/model/nike-p-6000-fade/210601.html
Nike,Stellar Ride,210600,https://www.footlocker.fr/fr/product/model/nike-stellar-ride/210600.html
adidas,Superstar Woven,193145,https://www.footlocker.fr/fr/product/model/adidas-superstar-woven/193145.html
Nike,Gfx,139678,https://www.footlocker.fr/fr/product/model/nike-gfx/139678.html
Timberland,Authentics 3 Eye Classic,165944,https://www.footlocker.fr/fr/product/model/timberland-authentics-3-eye-classic/165944.html
On,Cloud 5 Waterproof,165941,https://www.footlocker.fr/fr/product/model/on-cloud-5-waterproof/165941.html
adidas,Lace Long Sleeve Jersey,208300,https://www.footlocker.fr/fr/product/model/adidas-lace-long-sleeve-jersey/208300.html
adidas,Santiago Woven Track Top,208301,https://www.footlocker.fr/fr/product/model/adidas-santiago-woven-track-top/208301.html
adidas,Belgium 26 Home Shorts,208302,https://www.footlocker.fr/fr/product/model/adidas-belgium-26-home-shorts/208302.html
adidas,Cycling Short Tee Set,208303,https://www.footlocker.fr/fr/product/model/adidas-cycling-short-tee-set/208303.html
adidas,Amg Cap,208304,https://www.footlocker.fr/fr/product/model/adidas-amg-cap/208304.html
adidas,Audi F1 Baseball Cap,208305,https://www.footlocker.fr/fr/product/model/adidas-audi-f1-baseball-cap/208305.html
adidas,Translucent Trefoil,173569,https://www.footlocker.fr/fr/product/model/adidas-translucent-trefoil/173569.html
Puma,Roma,177923,https://www.footlocker.fr/fr/product/model/puma-roma/177923.html
Under,Armour Launch,128954,https://www.footlocker.fr/fr/product/model/under-armour-launch/128954.html
adidas,Messi,193150,https://www.footlocker.fr/fr/product/model/adidas-messi/193150.html
New Balance,327,194480,https://www.footlocker.fr/fr/product/model/new-balance-327/194480.html
Nike,Phoenix,139685,https://www.footlocker.fr/fr/product/model/nike-phoenix/139685.html
adidas,Jude Bellingham,193151,https://www.footlocker.fr/fr/product/model/adidas-jude-bellingham/193151.html
adidas,Adistar Control 5,205271,https://www.footlocker.fr/fr/product/model/adidas-adistar-control-5/205271.html
Street,Cartel Patch Trucker,198843,https://www.footlocker.fr/fr/product/model/street-cartel-patch-trucker/198843.html
adidas,Anthony Edwards,181146,https://www.footlocker.fr/fr/product/model/adidas-anthony-edwards/181146.html
adidas,Adistar Xlg 2 0,208314,https://www.footlocker.fr/fr/product/model/adidas-adistar-xlg-2-0/208314.html
adidas,Disney Superstar Ii Comfort Closure,208315,https://www.footlocker.fr/fr/product/model/adidas-disney-superstar-ii-comfort-closure/208315.html
adidas,Oversize,181144,https://www.footlocker.fr/fr/product/model/adidas-oversize/181144.html
adidas,Disney Handball Spezial Comfort Closure,208316,https://www.footlocker.fr/fr/product/model/adidas-disney-handball-spezial-comfort-closure/208316.html
adidas,La Trainer Lt,190095,https://www.footlocker.fr/fr/product/model/adidas-la-trainer-lt/190095.html
Asics,Gel Nunobiki,198818,https://www.footlocker.fr/fr/product/model/asics-gel-nunobiki/198818.html
adidas,Stan Smith,435,https://www.footlocker.fr/fr/product/model/adidas-stan-smith/435.html
Jordan,Aj1 Retro High Og,125038,https://www.footlocker.fr/fr/product/model/jordan-aj1-retro-high-og/125038.html
Nike,Total 90,194450,https://www.footlocker.fr/fr/product/model/nike-total-90/194450.html
New Balance,370,190099,https://www.footlocker.fr/fr/product/model/new-balance-370/190099.html
Saucony,Progrid Omni 9,186846,https://www.footlocker.fr/fr/product/model/saucony-progrid-omni-9/186846.html
adidas,Tubular Runner,4386,https://www.footlocker.fr/fr/product/model/adidas-tubular-runner/4386.html
adidas,Knitted Crochet Firebird Bottoms,208326,https://www.footlocker.fr/fr/product/model/adidas-knitted-crochet-firebird-bottoms/208326.html
adidas,Adicolor 3 Stripes,193136,https://www.footlocker.fr/fr/product/model/adidas-adicolor-3-stripes/193136.html
Nike,Air,194469,https://www.footlocker.fr/fr/product/model/nike-air/194469.html
Nike,Backpacks,104104,https://www.footlocker.fr/fr/product/model/nike-backpacks/104104.html
adidas,Coastal Club Mid Cut Crew 2 Pack,205293,https://www.footlocker.fr/fr/product/model/adidas-coastal-club-mid-cut-crew-2-pack/205293.html
Jordan,Brooklyn Graphic T Shirt,209661,https://www.footlocker.fr/fr/product/model/jordan-brooklyn-graphic-t-shirt/209661.html
Nike,Sportswear Club Fleece Loose Trousers,209668,https://www.footlocker.fr/fr/product/model/nike-sportswear-club-fleece-loose-trousers/209668.html
New Balance,Crew 6 Pack,194434,https://www.footlocker.fr/fr/product/model/new-balance-crew-6-pack/194434.html
adidas,Adilette Slide,147248,https://www.footlocker.fr/fr/product/model/adidas-adilette-slide/147248.html
New Balance,Quarter 6 Pack,194435,https://www.footlocker.fr/fr/product/model/new-balance-quarter-6-pack/194435.html
adidas,Ozelia,148577,https://www.footlocker.fr/fr/product/model/adidas-ozelia/148577.html
adidas,Adizero Aruku,189092,https://www.footlocker.fr/fr/product/model/adidas-adizero-aruku/189092.html
adidas,Jabbar Lo,189091,https://www.footlocker.fr/fr/product/model/adidas-jabbar-lo/189091.html
adidas,Originals X Liberty London,201709,https://www.footlocker.fr/fr/product/model/adidas-originals-x-liberty-london/201709.html
adidas,Denim,201705,https://www.footlocker.fr/fr/product/model/adidas-denim/201705.html
Nike,Vomero 18,210660,https://www.footlocker.fr/fr/product/model/nike-vomero-18/210660.html
Nike,Air Fleece Tracksuit Jacket,209670,https://www.footlocker.fr/fr/product/model/nike-air-fleece-tracksuit-jacket/209670.html
adidas,Juventus 25 26 Pre Match,201706,https://www.footlocker.fr/fr/product/model/adidas-juventus-25-26-pre-match/201706.html
adidas,Orginals X Minecraft,201701,https://www.footlocker.fr/fr/product/model/adidas-orginals-x-minecraft/201701.html
New Balance,204L,207012,https://www.footlocker.fr/fr/product/model/new-balance-204l/207012.html
adidas,Originals X Liberty London,201700,https://www.footlocker.fr/fr/product/model/adidas-originals-x-liberty-london/201700.html
Puma,Lafrance Rnnr,198808,https://www.footlocker.fr/fr/product/model/puma-lafrance-rnnr/198808.html
Street,Cartel Pure,207014,https://www.footlocker.fr/fr/product/model/street-cartel-pure/207014.html
adidas,Orginals X Minecraft,201702,https://www.footlocker.fr/fr/product/model/adidas-orginals-x-minecraft/201702.html
Street,Cartel Rotate,207015,https://www.footlocker.fr/fr/product/model/street-cartel-rotate/207015.html
Street,Cartel Dreamer,207016,https://www.footlocker.fr/fr/product/model/street-cartel-dreamer/207016.html
Street,Cartel Peak,207017,https://www.footlocker.fr/fr/product/model/street-cartel-peak/207017.html
Street,Cartel Roland,207018,https://www.footlocker.fr/fr/product/model/street-cartel-roland/207018.html
Nike,Revolution 8,210659,https://www.footlocker.fr/fr/product/model/nike-revolution-8/210659.html
Nike,V5 Rnr,210658,https://www.footlocker.fr/fr/product/model/nike-v5-rnr/210658.html
Lckr,Stock,174854,https://www.footlocker.fr/fr/product/model/lckr-stock/174854.html
Nike,Zoom Vomero Plus,194448,https://www.footlocker.fr/fr/product/model/nike-zoom-vomero-plus/194448.html
Puma,Hali 1,198807,https://www.footlocker.fr/fr/product/model/puma-hali-1/198807.html
Lckr,Teslin Shasta,174850,https://www.footlocker.fr/fr/product/model/lckr-teslin-shasta/174850.html
Nike,Tuned,195772,https://www.footlocker.fr/fr/product/model/nike-tuned/195772.html
Nike,Journey Run,210657,https://www.footlocker.fr/fr/product/model/nike-journey-run/210657.html
Nike,Tuned,195771,https://www.footlocker.fr/fr/product/model/nike-tuned/195771.html
Nike,Air Force 1 07 Lv8 Denim,210656,https://www.footlocker.fr/fr/product/model/nike-air-force-1-07-lv8-denim/210656.html
Nike,Precision 8 Low,210655,https://www.footlocker.fr/fr/product/model/nike-precision-8-low/210655.html
Nike,Air Force 1 07 Lx Vibram,210654,https://www.footlocker.fr/fr/product/model/nike-air-force-1-07-lx-vibram/210654.html
Nike,Air Max 90,172193,https://www.footlocker.fr/fr/product/model/nike-air-max-90/172193.html
adidas,Shorts,201715,https://www.footlocker.fr/fr/product/model/adidas-shorts/201715.html
adidas,Real Madrid Tiro 25 Competition,201714,https://www.footlocker.fr/fr/product/model/adidas-real-madrid-tiro-25-competition/201714.html
adidas,Adilette 22,155618,https://www.footlocker.fr/fr/product/model/adidas-adilette-22/155618.html
New Balance,2000,208359,https://www.footlocker.fr/fr/product/model/new-balance-2000/208359.html
Salomon,Xt 6 Gtx,207029,https://www.footlocker.fr/fr/product/model/salomon-xt-6-gtx/207029.html
Nike,Pegasus 42,210664,https://www.footlocker.fr/fr/product/model/nike-pegasus-42/210664.html
Nike,Downshifter 14,210663,https://www.footlocker.fr/fr/product/model/nike-downshifter-14/210663.html
Nike,Winflo 12,210662,https://www.footlocker.fr/fr/product/model/nike-winflo-12/210662.html
Nike,Revolution 8 Easyon,210661,https://www.footlocker.fr/fr/product/model/nike-revolution-8-easyon/210661.html
Nike,V5 Rnr,210667,https://www.footlocker.fr/fr/product/model/nike-v5-rnr/210667.html
Nike,Revolution 8 Easyon,210666,https://www.footlocker.fr/fr/product/model/nike-revolution-8-easyon/210666.html
Nike,Revolution 8,210665,https://www.footlocker.fr/fr/product/model/nike-revolution-8/210665.html
New Balance,480,208360,https://www.footlocker.fr/fr/product/model/new-balance-480/208360.html
New Balance,T500,208361,https://www.footlocker.fr/fr/product/model/new-balance-t500/208361.html
Hoka,Bondi 7,201726,https://www.footlocker.fr/fr/product/model/hoka-bondi-7/201726.html
New Balance,480 Lace,208362,https://www.footlocker.fr/fr/product/model/new-balance-480-lace/208362.html
Nike,Air Force 1 07 Se,209692,https://www.footlocker.fr/fr/product/model/nike-air-force-1-07-se/209692.html
New Balance,530 Bungee Lace,208363,https://www.footlocker.fr/fr/product/model/new-balance-530-bungee-lace/208363.html
Nike,Waist Pack,8785,https://www.footlocker.fr/fr/product/model/nike-waist-pack/8785.html
New Balance,9060 Lace,208364,https://www.footlocker.fr/fr/product/model/new-balance-9060-lace/208364.html
adidas,Samba Og,189876,https://www.footlocker.fr/fr/product/model/adidas-samba-og/189876.html
Hoka,Mafate Speed 4,201723,https://www.footlocker.fr/fr/product/model/hoka-mafate-speed-4/201723.html
New Balance,740 Lace,208365,https://www.footlocker.fr/fr/product/model/new-balance-740-lace/208365.html
New Balance,530 Lace,208366,https://www.footlocker.fr/fr/product/model/new-balance-530-lace/208366.html
Crocs,Miami Flip,207040,https://www.footlocker.fr/fr/product/model/crocs-miami-flip/207040.html
Nike,Sportswear Club,96204,https://www.footlocker.fr/fr/product/model/nike-sportswear-club/96204.html
New Balance,480P,208375,https://www.footlocker.fr/fr/product/model/new-balance-480p/208375.html
New Balance,2000,208377,https://www.footlocker.fr/fr/product/model/new-balance-2000/208377.html
Jordan,Apex Bucket,185483,https://www.footlocker.fr/fr/product/model/jordan-apex-bucket/185483.html
New Balance,T500D,208378,https://www.footlocker.fr/fr/product/model/new-balance-t500d/208378.html
adidas,Adicolor Essentials Shorts,86889,https://www.footlocker.fr/fr/product/model/adidas-adicolor-essentials-shorts/86889.html
Nike,M90,196130,https://www.footlocker.fr/fr/product/model/nike-m90/196130.html
New Balance,Sport Essentials French Terry Jogger,208380,https://www.footlocker.fr/fr/product/model/new-balance-sport-essentials-french-terry-jogger/208380.html
New Balance,Sport Essentials Short,208382,https://www.footlocker.fr/fr/product/model/new-balance-sport-essentials-short/208382.html
Under,Armour Essential Low,201749,https://www.footlocker.fr/fr/product/model/under-armour-essential-low/201749.html
New Balance,Sport Essentials French Terry Short,208383,https://www.footlocker.fr/fr/product/model/new-balance-sport-essentials-french-terry-short/208383.html
Under,Armour Av Low,201748,https://www.footlocker.fr/fr/product/model/under-armour-av-low/201748.html
New Balance,Athletics French Terry Crew,208384,https://www.footlocker.fr/fr/product/model/new-balance-athletics-french-terry-crew/208384.html
Nike,Air Max Plus Tiempo,197480,https://www.footlocker.fr/fr/product/model/nike-air-max-plus-tiempo/197480.html
Lacoste,Tech Croc,201747,https://www.footlocker.fr/fr/product/model/lacoste-tech-croc/201747.html
Nike,Zoom Vomero Plus,207059,https://www.footlocker.fr/fr/product/model/nike-zoom-vomero-plus/207059.html
New Balance,Boylston,189850,https://www.footlocker.fr/fr/product/model/new-balance-boylston/189850.html
Under,Armour Velociti,201750,https://www.footlocker.fr/fr/product/model/under-armour-velociti/201750.html
adidas,Gazelle,172194,https://www.footlocker.fr/fr/product/model/adidas-gazelle/172194.html
Nike,Nba L James Lakers Swingman,172198,https://www.footlocker.fr/fr/product/model/nike-nba-l-james-lakers-swingman/172198.html
Nike,Club Fleece,48549,https://www.footlocker.fr/fr/product/model/nike-club-fleece/48549.html
adidas,Gazelle X,153870,https://www.footlocker.fr/fr/product/model/adidas-gazelle-x/153870.html
adidas,Adistar 4,207062,https://www.footlocker.fr/fr/product/model/adidas-adistar-4/207062.html
adidas,Terrex Skychaser Ax5 Mid Gtx Climawarm,207063,https://www.footlocker.fr/fr/product/model/adidas-terrex-skychaser-ax5-mid-gtx-climawarm/207063.html
adidas,Trucker,198780,https://www.footlocker.fr/fr/product/model/adidas-trucker/198780.html
adidas,Supernova Glide M,207064,https://www.footlocker.fr/fr/product/model/adidas-supernova-glide-m/207064.html
adidas,Supernova Rise 3,207065,https://www.footlocker.fr/fr/product/model/adidas-supernova-rise-3/207065.html
adidas,Supernova Solution 3,207066,https://www.footlocker.fr/fr/product/model/adidas-supernova-solution-3/207066.html
adidas,Terrex Agravic Gtx Trail,207067,https://www.footlocker.fr/fr/product/model/adidas-terrex-agravic-gtx-trail/207067.html
adidas,Terrex Anylander,207068,https://www.footlocker.fr/fr/product/model/adidas-terrex-anylander/207068.html
adidas,Terrex Anylander Climawarm,207069,https://www.footlocker.fr/fr/product/model/adidas-terrex-anylander-climawarm/207069.html
Vans,Old Skool,176505,https://www.footlocker.fr/fr/product/model/vans-old-skool/176505.html
Nike,Air Max 90,172142,https://www.footlocker.fr/fr/product/model/nike-air-max-90/172142.html
Reebok,Bb 4000,144911,https://www.footlocker.fr/fr/product/model/reebok-bb-4000/144911.html
Converse,Star Player 76 Low,172144,https://www.footlocker.fr/fr/product/model/converse-star-player-76-low/172144.html
Reebok,Lt Court,144916,https://www.footlocker.fr/fr/product/model/reebok-lt-court/144916.html
adidas,Terrex Anylander Mid Rain Rdy,207070,https://www.footlocker.fr/fr/product/model/adidas-terrex-anylander-mid-rain-rdy/207070.html
adidas,Terrex Skychaser Ax5 Gtx,207071,https://www.footlocker.fr/fr/product/model/adidas-terrex-skychaser-ax5-gtx/207071.html
adidas,Terrex Skychaser Ax5 Mid Gtx,207072,https://www.footlocker.fr/fr/product/model/adidas-terrex-skychaser-ax5-mid-gtx/207072.html
adidas,Terrex Skychaser Gtx,207073,https://www.footlocker.fr/fr/product/model/adidas-terrex-skychaser-gtx/207073.html
adidas,Terrex Skychaser Mid Gtx,207074,https://www.footlocker.fr/fr/product/model/adidas-terrex-skychaser-mid-gtx/207074.html
adidas,Tracefinder Trail,207075,https://www.footlocker.fr/fr/product/model/adidas-tracefinder-trail/207075.html
adidas,Terrex Trailmaker 2 0,207076,https://www.footlocker.fr/fr/product/model/adidas-terrex-trailmaker-2-0/207076.html
adidas,Ultraboost 5 Gtx,207077,https://www.footlocker.fr/fr/product/model/adidas-ultraboost-5-gtx/207077.html
adidas,Adicolor Firebird,185474,https://www.footlocker.fr/fr/product/model/adidas-adicolor-firebird/185474.html
adidas,Ultraboost 5X,207078,https://www.footlocker.fr/fr/product/model/adidas-ultraboost-5x/207078.html
adidas,Ultrarun 5 Tr,207079,https://www.footlocker.fr/fr/product/model/adidas-ultrarun-5-tr/207079.html
Puma,Speedcat Long Tong,198789,https://www.footlocker.fr/fr/product/model/puma-speedcat-long-tong/198789.html
adidas,Originals,86891,https://www.footlocker.fr/fr/product/model/adidas-originals/86891.html
adidas,Belgium 24 Home,184117,https://www.footlocker.fr/fr/product/model/adidas-belgium-24-home/184117.html
adidas,Adistar 4,207082,https://www.footlocker.fr/fr/product/model/adidas-adistar-4/207082.html
adidas,Adizero Sl2,207083,https://www.footlocker.fr/fr/product/model/adidas-adizero-sl2/207083.html
adidas,Dropset Control,207084,https://www.footlocker.fr/fr/product/model/adidas-dropset-control/207084.html
New,Era Nba Chicago Bulls,164548,https://www.footlocker.fr/fr/product/model/new-era-nba-chicago-bulls/164548.html
adidas,Runfalcon 5 Tr,207085,https://www.footlocker.fr/fr/product/model/adidas-runfalcon-5-tr/207085.html
Asics,Japan S Platform,138259,https://www.footlocker.fr/fr/product/model/asics-japan-s-platform/138259.html
adidas,Handball Spezial Bold,207089,https://www.footlocker.fr/fr/product/model/adidas-handball-spezial-bold/207089.html
Nike,Nrg Nocta,204801,https://www.footlocker.fr/fr/product/model/nike-nrg-nocta/204801.html
adidas,Samba Og,185444,https://www.footlocker.fr/fr/product/model/adidas-samba-og/185444.html
adidas,Samba Xlg,185443,https://www.footlocker.fr/fr/product/model/adidas-samba-xlg/185443.html
Nike,Aone,197427,https://www.footlocker.fr/fr/product/model/nike-aone/197427.html
Nike,Sabrina 3,197426,https://www.footlocker.fr/fr/product/model/nike-sabrina-3/197426.html
New Balance,550,144931,https://www.footlocker.fr/fr/product/model/new-balance-550/144931.html
New Balance,530,144932,https://www.footlocker.fr/fr/product/model/new-balance-530/144932.html
Nike,Nba Swingman All Star,144936,https://www.footlocker.fr/fr/product/model/nike-nba-swingman-all-star/144936.html
Ugg,Tasman,194392,https://www.footlocker.fr/fr/product/model/ugg-tasman/194392.html
Ugg,Tasman Weather Hybrid,194395,https://www.footlocker.fr/fr/product/model/ugg-tasman-weather-hybrid/194395.html
Ugg,Classic Ultra Stretch Cuff,194394,https://www.footlocker.fr/fr/product/model/ugg-classic-ultra-stretch-cuff/194394.html
Ugg,Tazz Dazzle,194396,https://www.footlocker.fr/fr/product/model/ugg-tazz-dazzle/194396.html
Ugg,Tasman,143606,https://www.footlocker.fr/fr/product/model/ugg-tasman/143606.html
Hub,Glide,141050,https://www.footlocker.fr/fr/product/model/hub-glide/141050.html
adidas,Firebird,187291,https://www.footlocker.fr/fr/product/model/adidas-firebird/187291.html
Lacoste,Storm 2K Tech,203508,https://www.footlocker.fr/fr/product/model/lacoste-storm-2k-tech/203508.html
adidas,Teamgeist,187298,https://www.footlocker.fr/fr/product/model/adidas-teamgeist/187298.html
New Balance,Midcalf 3 Pack,203500,https://www.footlocker.fr/fr/product/model/new-balance-midcalf-3-pack/203500.html
Nike,Ja 3,193971,https://www.footlocker.fr/fr/product/model/nike-ja-3/193971.html
Nike,Air Max Tuned 7,193972,https://www.footlocker.fr/fr/product/model/nike-air-max-tuned-7/193972.html
adidas,Megaride,193973,https://www.footlocker.fr/fr/product/model/adidas-megaride/193973.html
Nike,Zoom Freak 7,193970,https://www.footlocker.fr/fr/product/model/nike-zoom-freak-7/193970.html
adidas,Harden Volume 9,188599,https://www.footlocker.fr/fr/product/model/adidas-harden-volume-9/188599.html
adidas,Superstar,43718,https://www.footlocker.fr/fr/product/model/adidas-superstar/43718.html
Puma,Chivas Guadalajara Away 25 26,200494,https://www.footlocker.fr/fr/product/model/puma-chivas-guadalajara-away-25-26/200494.html
adidas,Superstar Led Lights,187273,https://www.footlocker.fr/fr/product/model/adidas-superstar-led-lights/187273.html
Puma,Manchester City Home 25 26,200496,https://www.footlocker.fr/fr/product/model/puma-manchester-city-home-25-26/200496.html
Puma,Ac Milan Home 25 26,200495,https://www.footlocker.fr/fr/product/model/puma-ac-milan-home-25-26/200495.html
On,Cloudsurfer Next,200492,https://www.footlocker.fr/fr/product/model/on-cloudsurfer-next/200492.html
adidas,Adilette,177013,https://www.footlocker.fr/fr/product/model/adidas-adilette/177013.html
On,Cloudmonster,153049,https://www.footlocker.fr/fr/product/model/on-cloudmonster/153049.html
Nike,Nrg Nocta,187279,https://www.footlocker.fr/fr/product/model/nike-nrg-nocta/187279.html
Puma,Marseille Home 25 26,200497,https://www.footlocker.fr/fr/product/model/puma-marseille-home-25-26/200497.html
Nike,Nrg Nocta,187278,https://www.footlocker.fr/fr/product/model/nike-nrg-nocta/187278.html
Puma,Manchester City Away 25 26,200499,https://www.footlocker.fr/fr/product/model/puma-manchester-city-away-25-26/200499.html
adidas,Liberty,187284,https://www.footlocker.fr/fr/product/model/adidas-liberty/187284.html
adidas,Aop Palm,187285,https://www.footlocker.fr/fr/product/model/adidas-aop-palm/187285.html
adidas,Dropset 3,193925,https://www.footlocker.fr/fr/product/model/adidas-dropset-3/193925.html
adidas,Ultraboost 5,193926,https://www.footlocker.fr/fr/product/model/adidas-ultraboost-5/193926.html
Hoka,Speedgoat 6,187242,https://www.footlocker.fr/fr/product/model/hoka-speedgoat-6/187242.html
Nike,Nrg Nocta,187244,https://www.footlocker.fr/fr/product/model/nike-nrg-nocta/187244.html
Street,Cartel Carmine,196197,https://www.footlocker.fr/fr/product/model/street-cartel-carmine/196197.html
Street,Cartel Carmine,196196,https://www.footlocker.fr/fr/product/model/street-cartel-carmine/196196.html
Nike,Dunk Low,41982,https://www.footlocker.fr/fr/product/model/nike-dunk-low/41982.html
adidas,Handball Spezial,187257,https://www.footlocker.fr/fr/product/model/adidas-handball-spezial/187257.html
adidas,Vl Court Bold,193936,https://www.footlocker.fr/fr/product/model/adidas-vl-court-bold/193936.html
Crep,Protect Cure Refill,176577,https://www.footlocker.fr/fr/product/model/crep-protect-cure-refill/176577.html
adidas,Samba Og,189885,https://www.footlocker.fr/fr/product/model/adidas-samba-og/189885.html
adidas,Mercedes Amg Petronas F1 Team Dna,207920,https://www.footlocker.fr/fr/product/model/adidas-mercedes-amg-petronas-f1-team-dna/207920.html
Converse,Shai 001,199208,https://www.footlocker.fr/fr/product/model/converse-shai-001/199208.html
adidas,Samba,207916,https://www.footlocker.fr/fr/product/model/adidas-samba/207916.html
adidas,Cuff Knit,82483,https://www.footlocker.fr/fr/product/model/adidas-cuff-knit/82483.html
Jordan,Sky,125815,https://www.footlocker.fr/fr/product/model/jordan-sky/125815.html
Nike,Cross Body,107165,https://www.footlocker.fr/fr/product/model/nike-cross-body/107165.html
adidas,Handball Spezial,187239,https://www.footlocker.fr/fr/product/model/adidas-handball-spezial/187239.html
Street,Cartel Guessepie,196193,https://www.footlocker.fr/fr/product/model/street-cartel-guessepie/196193.html
Street,Cartel Trillo,196195,https://www.footlocker.fr/fr/product/model/street-cartel-trillo/196195.html
Street,Cartel Bosco,196194,https://www.footlocker.fr/fr/product/model/street-cartel-bosco/196194.html
adidas,Superstar Ii,187235,https://www.footlocker.fr/fr/product/model/adidas-superstar-ii/187235.html
adidas,Ultraboost 5,193913,https://www.footlocker.fr/fr/product/model/adidas-ultraboost-5/193913.html
adidas,Handball Spezial,187236,https://www.footlocker.fr/fr/product/model/adidas-handball-spezial/187236.html
adidas,Treziod 2 0,193915,https://www.footlocker.fr/fr/product/model/adidas-treziod-2-0/193915.html
adidas,Superstar Ii,187238,https://www.footlocker.fr/fr/product/model/adidas-superstar-ii/187238.html
adidas,Runfalcon 5,193917,https://www.footlocker.fr/fr/product/model/adidas-runfalcon-5/193917.html
adidas,Runfalcon 5 Tr,193918,https://www.footlocker.fr/fr/product/model/adidas-runfalcon-5-tr/193918.html
adidas,Ultraboost 5 Tr,193919,https://www.footlocker.fr/fr/product/model/adidas-ultraboost-5-tr/193919.html
adidas,X Farm Rio House Of Tiro Track Top,207922,https://www.footlocker.fr/fr/product/model/adidas-x-farm-rio-house-of-tiro-track-top/207922.html
adidas,Knitted Crochet Firebird Track Top,207923,https://www.footlocker.fr/fr/product/model/adidas-knitted-crochet-firebird-track-top/207923.html
adidas,Samba Og,187240,https://www.footlocker.fr/fr/product/model/adidas-samba-og/187240.html
adidas,F50 Tracksuit Bottoms,207924,https://www.footlocker.fr/fr/product/model/adidas-f50-tracksuit-bottoms/207924.html
adidas,Response Cl,143694,https://www.footlocker.fr/fr/product/model/adidas-response-cl/143694.html
adidas,Originals X Liberty London Crew Set,207925,https://www.footlocker.fr/fr/product/model/adidas-originals-x-liberty-london-crew-set/207925.html
adidas,Originals X Liberty London Dress Set,207926,https://www.footlocker.fr/fr/product/model/adidas-originals-x-liberty-london-dress-set/207926.html
Sergio,Tacchini Bb Court Low,167645,https://www.footlocker.fr/fr/product/model/sergio-tacchini-bb-court-low/167645.html
adidas,Minecraft Sst Loose Track Top,207927,https://www.footlocker.fr/fr/product/model/adidas-minecraft-sst-loose-track-top/207927.html
adidas,Sst Track Bottoms,207928,https://www.footlocker.fr/fr/product/model/adidas-sst-track-bottoms/207928.html
Crep,Protect Foam X,180608,https://www.footlocker.fr/fr/product/model/crep-protect-foam-x/180608.html
New Balance,1906R,154340,https://www.footlocker.fr/fr/product/model/new-balance-1906r/154340.html
Timberland,6 Inch,156027,https://www.footlocker.fr/fr/product/model/timberland-6-inch/156027.html
Vans,Knu Skool,184979,https://www.footlocker.fr/fr/product/model/vans-knu-skool/184979.html
Nike,Tech Fleece Reflective,196952,https://www.footlocker.fr/fr/product/model/nike-tech-fleece-reflective/196952.html
Nike,Tech Fleece Pro,196950,https://www.footlocker.fr/fr/product/model/nike-tech-fleece-pro/196950.html
Nike,Tech Fleece Reflective,196951,https://www.footlocker.fr/fr/product/model/nike-tech-fleece-reflective/196951.html
Jordan,Kids Crew 6 Pack,183653,https://www.footlocker.fr/fr/product/model/jordan-kids-crew-6-pack/183653.html
Jordan,1 Low Alt,92855,https://www.footlocker.fr/fr/product/model/jordan-1-low-alt/92855.html
New,Era 59Fifty New York Yankees Fitted Cap,2683,https://www.footlocker.fr/fr/product/model/new-era-59fifty-new-york-yankees-fitted-cap/2683.html
adidas,Supernova Rise Gtx,207951,https://www.footlocker.fr/fr/product/model/adidas-supernova-rise-gtx/207951.html
adidas,Supernova Rise Gtx,207952,https://www.footlocker.fr/fr/product/model/adidas-supernova-rise-gtx/207952.html
Jordan,Mvp,170311,https://www.footlocker.fr/fr/product/model/jordan-mvp/170311.html
adidas,Megaride,195639,https://www.footlocker.fr/fr/product/model/adidas-megaride/195639.html
New,Era 9Forty Mlb La Dodgers,157353,https://www.footlocker.fr/fr/product/model/new-era-9forty-mlb-la-dodgers/157353.html
Dc,Shoes Dc Command,196961,https://www.footlocker.fr/fr/product/model/dc-shoes-dc-command/196961.html
New Balance,327,91555,https://www.footlocker.fr/fr/product/model/new-balance-327/91555.html
adidas,Mercedes Petronas F1 Dna Full Zip Hoody,207960,https://www.footlocker.fr/fr/product/model/adidas-mercedes-petronas-f1-dna-full-zip-hoody/207960.html
adidas,Mercedes F1 Driver Authentic Jersey,207961,https://www.footlocker.fr/fr/product/model/adidas-mercedes-f1-driver-authentic-jersey/207961.html
Nike,Club Fleece,180592,https://www.footlocker.fr/fr/product/model/nike-club-fleece/180592.html
adidas,Mercedes Petronas F1 Engineers Polo Shirt,207962,https://www.footlocker.fr/fr/product/model/adidas-mercedes-petronas-f1-engineers-polo-shirt/207962.html
Jordan,Air Jordan 4 Rm,206632,https://www.footlocker.fr/fr/product/model/jordan-air-jordan-4-rm/206632.html
adidas,Denim Shorts,207963,https://www.footlocker.fr/fr/product/model/adidas-denim-shorts/207963.html
adidas,Classic Track Pants,207964,https://www.footlocker.fr/fr/product/model/adidas-classic-track-pants/207964.html
adidas,Mini Dress,207965,https://www.footlocker.fr/fr/product/model/adidas-mini-dress/207965.html
adidas,Gazelle Indoor Elastic Lace,207956,https://www.footlocker.fr/fr/product/model/adidas-gazelle-indoor-elastic-lace/207956.html
Crep,Protect Sneaker Guard 3 0,192576,https://www.footlocker.fr/fr/product/model/crep-protect-sneaker-guard-3-0/192576.html
Jordan,3 Rm,205301,https://www.footlocker.fr/fr/product/model/jordan-3-rm/205301.html
adidas,Gazelle Indoor,207957,https://www.footlocker.fr/fr/product/model/adidas-gazelle-indoor/207957.html
adidas,Real Madrid Avengers 2526 Prematch Jersey,207959,https://www.footlocker.fr/fr/product/model/adidas-real-madrid-avengers-2526-prematch-jersey/207959.html
Converse,Ctas Lift Hi,191247,https://www.footlocker.fr/fr/product/model/converse-ctas-lift-hi/191247.html
Jordan,1 Low Alt,92871,https://www.footlocker.fr/fr/product/model/jordan-1-low-alt/92871.html
adidas,Firebird Lace Joggers,207970,https://www.footlocker.fr/fr/product/model/adidas-firebird-lace-joggers/207970.html
Nike,Tech Fleece Pro,196949,https://www.footlocker.fr/fr/product/model/nike-tech-fleece-pro/196949.html
Nike,Air Max Phoenix,206640,https://www.footlocker.fr/fr/product/model/nike-air-max-phoenix/206640.html
adidas,Firebird Lace Tracktop,207971,https://www.footlocker.fr/fr/product/model/adidas-firebird-lace-tracktop/207971.html
adidas,Pleated Check Skirt,207972,https://www.footlocker.fr/fr/product/model/adidas-pleated-check-skirt/207972.html
Jordan,City Boots,206642,https://www.footlocker.fr/fr/product/model/jordan-city-boots/206642.html
adidas,Hooded Trefoil Zipper Jacket,207973,https://www.footlocker.fr/fr/product/model/adidas-hooded-trefoil-zipper-jacket/207973.html
Nike,Air Max Portal Se,206643,https://www.footlocker.fr/fr/product/model/nike-air-max-portal-se/206643.html
adidas,Slouchy Straight Leg Trousers,207974,https://www.footlocker.fr/fr/product/model/adidas-slouchy-straight-leg-trousers/207974.html
Nike,Cortez Textile,206645,https://www.footlocker.fr/fr/product/model/nike-cortez-textile/206645.html
Jordan,Air Jordan Mvp 92,206635,https://www.footlocker.fr/fr/product/model/jordan-air-jordan-mvp-92/206635.html
adidas,Originals X Liberty London T Shirt,207966,https://www.footlocker.fr/fr/product/model/adidas-originals-x-liberty-london-t-shirt/207966.html
adidas,Originals X Liberty London Firebird Pants,207967,https://www.footlocker.fr/fr/product/model/adidas-originals-x-liberty-london-firebird-pants/207967.html
adidas,Originals X Liberty London Firebird Top,207968,https://www.footlocker.fr/fr/product/model/adidas-originals-x-liberty-london-firebird-top/207968.html
adidas,Firebird Classic Track Top,207969,https://www.footlocker.fr/fr/product/model/adidas-firebird-classic-track-top/207969.html
adidas,Adizero Evo Sl,191256,https://www.footlocker.fr/fr/product/model/adidas-adizero-evo-sl/191256.html
Nike,Nba S Curry Warriors Swingman,137703,https://www.footlocker.fr/fr/product/model/nike-nba-s-curry-warriors-swingman/137703.html
Asics,Gel Nyc,180576,https://www.footlocker.fr/fr/product/model/asics-gel-nyc/180576.html
Jordan,1 Mid,42560,https://www.footlocker.fr/fr/product/model/jordan-1-mid/42560.html
adidas,Real Madrid Avengers 25 26 Tiro25 Jersey,207980,https://www.footlocker.fr/fr/product/model/adidas-real-madrid-avengers-25-26-tiro25-jersey/207980.html
Jordan,Air Jordan 1 Low Se,206650,https://www.footlocker.fr/fr/product/model/jordan-air-jordan-1-low-se/206650.html
adidas,Mercedes,207981,https://www.footlocker.fr/fr/product/model/adidas-mercedes/207981.html
Jordan,Air Jordan 1 Low Method Of Make,206651,https://www.footlocker.fr/fr/product/model/jordan-air-jordan-1-low-method-of-make/206651.html
adidas,Germany Football Cap,207982,https://www.footlocker.fr/fr/product/model/adidas-germany-football-cap/207982.html
adidas,Mercedes,207984,https://www.footlocker.fr/fr/product/model/adidas-mercedes/207984.html
Jordan,Air Jordan 4 Rm,206654,https://www.footlocker.fr/fr/product/model/jordan-air-jordan-4-rm/206654.html
adidas,Mercedes,207985,https://www.footlocker.fr/fr/product/model/adidas-mercedes/207985.html
adidas,Mercedes Petronas F1 George Russell Cap,207987,https://www.footlocker.fr/fr/product/model/adidas-mercedes-petronas-f1-george-russell-cap/207987.html
adidas,Originals X Liberty London Crew Set,207977,https://www.footlocker.fr/fr/product/model/adidas-originals-x-liberty-london-crew-set/207977.html
adidas,Originals X Liberty London Tracksuit,207978,https://www.footlocker.fr/fr/product/model/adidas-originals-x-liberty-london-tracksuit/207978.html
adidas,Real Madrid Avengers 25 26 Prematch Shirt,207979,https://www.footlocker.fr/fr/product/model/adidas-real-madrid-avengers-25-26-prematch-shirt/207979.html
Nike,Adp Puffer,193886,https://www.footlocker.fr/fr/product/model/nike-adp-puffer/193886.html
Nike,Adp Puffer Vest,193888,https://www.footlocker.fr/fr/product/model/nike-adp-puffer-vest/193888.html
adidas,Island Club Adilette 22,179577,https://www.footlocker.fr/fr/product/model/adidas-island-club-adilette-22/179577.html
Nike,Kobe,183610,https://www.footlocker.fr/fr/product/model/nike-kobe/183610.html
Hoka,Clifton 9,180588,https://www.footlocker.fr/fr/product/model/hoka-clifton-9/180588.html
Nike,Huarache,167592,https://www.footlocker.fr/fr/product/model/nike-huarache/167592.html
adidas,Waist,123127,https://www.footlocker.fr/fr/product/model/adidas-waist/123127.html
adidas,Trucker,123123,https://www.footlocker.fr/fr/product/model/adidas-trucker/123123.html
Vans,Old Skool,192569,https://www.footlocker.fr/fr/product/model/vans-old-skool/192569.html
Nike,Df T90 Energy Jersey,193890,https://www.footlocker.fr/fr/product/model/nike-df-t90-energy-jersey/193890.html
New Balance,530,42543,https://www.footlocker.fr/fr/product/model/new-balance-530/42543.html
Nike,City Utility,180558,https://www.footlocker.fr/fr/product/model/nike-city-utility/180558.html
Nike,Calm Elevation Fur Slides,206671,https://www.footlocker.fr/fr/product/model/nike-calm-elevation-fur-slides/206671.html
Nike,Air Force 1 Lv8 2,206672,https://www.footlocker.fr/fr/product/model/nike-air-force-1-lv8-2/206672.html
adidas,Adizero Evo Sl Exo,205347,https://www.footlocker.fr/fr/product/model/adidas-adizero-evo-sl-exo/205347.html
New Balance,1906R,193866,https://www.footlocker.fr/fr/product/model/new-balance-1906r/193866.html
Nike,City Utility,180559,https://www.footlocker.fr/fr/product/model/nike-city-utility/180559.html
Asics,Tiger Runner Ii,184919,https://www.footlocker.fr/fr/product/model/asics-tiger-runner-ii/184919.html
adidas,Adicolor Firebird,179595,https://www.footlocker.fr/fr/product/model/adidas-adicolor-firebird/179595.html
New Balance,2002R,160979,https://www.footlocker.fr/fr/product/model/new-balance-2002r/160979.html
Nike,Victori One Slide,104845,https://www.footlocker.fr/fr/product/model/nike-victori-one-slide/104845.html
Converse,Chuck Taylor All Star Hi,8810,https://www.footlocker.fr/fr/product/model/converse-chuck-taylor-all-star-hi/8810.html
Converse,Ctas High,511,https://www.footlocker.fr/fr/product/model/converse-ctas-high/511.html
Nike,Cosmic Youth,186768,https://www.footlocker.fr/fr/product/model/nike-cosmic-youth/186768.html
Forcefield,Toe Box Decreaser,43044,https://www.footlocker.fr/fr/product/model/forcefield-toe-box-decreaser/43044.html
Puma,Lafrance Camo,204049,https://www.footlocker.fr/fr/product/model/puma-lafrance-camo/204049.html
Puma,Lafrance Iridiscent,204048,https://www.footlocker.fr/fr/product/model/puma-lafrance-iridiscent/204048.html
Puma,Mb 05 Camo,204046,https://www.footlocker.fr/fr/product/model/puma-mb-05-camo/204046.html
Tommy,Jeans Tjw,173423,https://www.footlocker.fr/fr/product/model/tommy-jeans-tjw/173423.html
Puma,Mb 05 Mist,204045,https://www.footlocker.fr/fr/product/model/puma-mb-05-mist/204045.html
Puma,Mb 05 Skull Melo,204044,https://www.footlocker.fr/fr/product/model/puma-mb-05-skull-melo/204044.html
Puma,Lafrance,197418,https://www.footlocker.fr/fr/product/model/puma-lafrance/197418.html
Puma,Lafrance Fast And Furious Miami,204043,https://www.footlocker.fr/fr/product/model/puma-lafrance-fast-and-furious-miami/204043.html
Puma,Lafrance Rnnr Fast And Furious,204042,https://www.footlocker.fr/fr/product/model/puma-lafrance-rnnr-fast-and-furious/204042.html
Puma,Mb 05 Fast And Furious Miami,204041,https://www.footlocker.fr/fr/product/model/puma-mb-05-fast-and-furious-miami/204041.html
Tommy,Jeans Brooklyn,173422,https://www.footlocker.fr/fr/product/model/tommy-jeans-brooklyn/173422.html
On,Cloudswift,193056,https://www.footlocker.fr/fr/product/model/on-cloudswift/193056.html
On,Cloudswift,193057,https://www.footlocker.fr/fr/product/model/on-cloudswift/193057.html
Crocs,Cozzzy Slipper,185405,https://www.footlocker.fr/fr/product/model/crocs-cozzzy-slipper/185405.html
adidas,Campus 00S,185404,https://www.footlocker.fr/fr/product/model/adidas-campus-00s/185404.html
On,Cloudswift 4,186733,https://www.footlocker.fr/fr/product/model/on-cloudswift-4/186733.html
adidas,Samba Og,185408,https://www.footlocker.fr/fr/product/model/adidas-samba-og/185408.html
adidas,Campus 00S,185407,https://www.footlocker.fr/fr/product/model/adidas-campus-00s/185407.html
On,Cloudvista,186732,https://www.footlocker.fr/fr/product/model/on-cloudvista/186732.html
On,Cloud 6,186731,https://www.footlocker.fr/fr/product/model/on-cloud-6/186731.html
On,Cloudzone,186730,https://www.footlocker.fr/fr/product/model/on-cloudzone/186730.html
adidas,Italia 70S,204055,https://www.footlocker.fr/fr/product/model/adidas-italia-70s/204055.html
Puma,Lafrance Pastel,204054,https://www.footlocker.fr/fr/product/model/puma-lafrance-pastel/204054.html
Puma,Lafrance Gradient,204053,https://www.footlocker.fr/fr/product/model/puma-lafrance-gradient/204053.html
Puma,Lafrance Rnnr Camo,204052,https://www.footlocker.fr/fr/product/model/puma-lafrance-rnnr-camo/204052.html
Puma,Lafrance Rnnr Trail,204051,https://www.footlocker.fr/fr/product/model/puma-lafrance-rnnr-trail/204051.html
Puma,Mb 05 Hive,204050,https://www.footlocker.fr/fr/product/model/puma-mb-05-hive/204050.html
Asics,Gt 2160,173451,https://www.footlocker.fr/fr/product/model/asics-gt-2160/173451.html
Ugg,Classic Maxi Short,161467,https://www.footlocker.fr/fr/product/model/ugg-classic-maxi-short/161467.html
Puma,Suede Xl X Hello Kitty And Friends,198728,https://www.footlocker.fr/fr/product/model/puma-suede-xl-x-hello-kitty-and-friends/198728.html
adidas,Crew 2 Pack,128837,https://www.footlocker.fr/fr/product/model/adidas-crew-2-pack/128837.html
New Balance,T500,208437,https://www.footlocker.fr/fr/product/model/new-balance-t500/208437.html
New Balance,T500,208438,https://www.footlocker.fr/fr/product/model/new-balance-t500/208438.html
Puma,Lafrance,193003,https://www.footlocker.fr/fr/product/model/puma-lafrance/193003.html
Nike,Air Max Muse,196998,https://www.footlocker.fr/fr/product/model/nike-air-max-muse/196998.html
Nike,Air Max Sndr,195665,https://www.footlocker.fr/fr/product/model/nike-air-max-sndr/195665.html
Nike,Total 90,196996,https://www.footlocker.fr/fr/product/model/nike-total-90/196996.html
Puma,Lafrance Bright Lights,193006,https://www.footlocker.fr/fr/product/model/puma-lafrance-bright-lights/193006.html
Nike,Shox Z,196997,https://www.footlocker.fr/fr/product/model/nike-shox-z/196997.html
Nike,Air Zoom Pegasus 42,204079,https://www.footlocker.fr/fr/product/model/nike-air-zoom-pegasus-42/204079.html
Nike,React Pegasus Trail 4,204078,https://www.footlocker.fr/fr/product/model/nike-react-pegasus-trail-4/204078.html
Nike,Air Max Moto 2K,204076,https://www.footlocker.fr/fr/product/model/nike-air-max-moto-2k/204076.html
Nike,Calm Slide,204075,https://www.footlocker.fr/fr/product/model/nike-calm-slide/204075.html
Vans,106 Vulc W C,557,https://www.footlocker.fr/fr/product/model/vans-106-vulc-w-c/557.html
Nike,Air Max 90 Ez,204074,https://www.footlocker.fr/fr/product/model/nike-air-max-90-ez/204074.html
Under,Armour Aura Rpstp,195660,https://www.footlocker.fr/fr/product/model/under-armour-aura-rpstp/195660.html
Under,Armour Echo,195662,https://www.footlocker.fr/fr/product/model/under-armour-echo/195662.html
Puma,Mb 05 Encore,193000,https://www.footlocker.fr/fr/product/model/puma-mb-05-encore/193000.html
Under,Armour Apparition Tech,195661,https://www.footlocker.fr/fr/product/model/under-armour-apparition-tech/195661.html
Puma,Mostro Og,193001,https://www.footlocker.fr/fr/product/model/puma-mostro-og/193001.html
New Balance,Utility Knit 1 4 Zip,208440,https://www.footlocker.fr/fr/product/model/new-balance-utility-knit-1-4-zip/208440.html
New Balance,Athletics French Terry Jogger,208441,https://www.footlocker.fr/fr/product/model/new-balance-athletics-french-terry-jogger/208441.html
Mizuno,Wave Prophecy,207118,https://www.footlocker.fr/fr/product/model/mizuno-wave-prophecy/207118.html
Nike,Air Force 1 Low Ez,170357,https://www.footlocker.fr/fr/product/model/nike-air-force-1-low-ez/170357.html
New Balance,Space Dye 1 4 Zip,208439,https://www.footlocker.fr/fr/product/model/new-balance-space-dye-1-4-zip/208439.html
Nike,Air Max Tuned 1,170358,https://www.footlocker.fr/fr/product/model/nike-air-max-tuned-1/170358.html
adidas,Liberty London,204084,https://www.footlocker.fr/fr/product/model/adidas-liberty-london/204084.html
Under,Armour Utility,204083,https://www.footlocker.fr/fr/product/model/under-armour-utility/204083.html
Nike,Air Force 1 Low Ez,170353,https://www.footlocker.fr/fr/product/model/nike-air-force-1-low-ez/170353.html
Nike,Sabrina 3,204080,https://www.footlocker.fr/fr/product/model/nike-sabrina-3/204080.html
Under,Armour Utility,201819,https://www.footlocker.fr/fr/product/model/under-armour-utility/201819.html
Under,Armour Utility,201818,https://www.footlocker.fr/fr/product/model/under-armour-utility/201818.html
Nike,Swim Essential 5 Inch,201815,https://www.footlocker.fr/fr/product/model/nike-swim-essential-5-inch/201815.html
Hoka,Rincon 4,201814,https://www.footlocker.fr/fr/product/model/hoka-rincon-4/201814.html
Under,Armour Velocity,201817,https://www.footlocker.fr/fr/product/model/under-armour-velocity/201817.html
Under,Armour Velocity,201816,https://www.footlocker.fr/fr/product/model/under-armour-velocity/201816.html
Hoka,Clifton 10,201811,https://www.footlocker.fr/fr/product/model/hoka-clifton-10/201811.html
Dc,Shoes Manteca 4 V,201810,https://www.footlocker.fr/fr/product/model/dc-shoes-manteca-4-v/201810.html
Hoka,Clifton 10,201813,https://www.footlocker.fr/fr/product/model/hoka-clifton-10/201813.html
Hoka,Rincon 4,201812,https://www.footlocker.fr/fr/product/model/hoka-rincon-4/201812.html
Mizuno,Wave Prophecy 13 2,207119,https://www.footlocker.fr/fr/product/model/mizuno-wave-prophecy-13-2/207119.html
adidas,Adizero Evo Sl,195640,https://www.footlocker.fr/fr/product/model/adidas-adizero-evo-sl/195640.html
Nike,Everyday Cushioned Ankle 6 Pack,195641,https://www.footlocker.fr/fr/product/model/nike-everyday-cushioned-ankle-6-pack/195641.html
Under,Armour Wordmark Logo,201822,https://www.footlocker.fr/fr/product/model/under-armour-wordmark-logo/201822.html
Under,Armour Vanish,201821,https://www.footlocker.fr/fr/product/model/under-armour-vanish/201821.html
Foot,Locker Crew 6 Pack,201824,https://www.footlocker.fr/fr/product/model/foot-locker-crew-6-pack/201824.html
adidas,Argentina 26 Home Messi Jersey,207137,https://www.footlocker.fr/fr/product/model/adidas-argentina-26-home-messi-jersey/207137.html
adidas,Argentina 26 Home Authentic Jersey,207138,https://www.footlocker.fr/fr/product/model/adidas-argentina-26-home-authentic-jersey/207138.html
Under,Armour Utility,201820,https://www.footlocker.fr/fr/product/model/under-armour-utility/201820.html
adidas,Argentina 26 Home Replica Jersey,207139,https://www.footlocker.fr/fr/product/model/adidas-argentina-26-home-replica-jersey/207139.html
Dc,Shoes Court Graffik,196980,https://www.footlocker.fr/fr/product/model/dc-shoes-court-graffik/196980.html
Converse,Ctas Low,78537,https://www.footlocker.fr/fr/product/model/converse-ctas-low/78537.html
Dc,Shoes Court Graffik,196983,https://www.footlocker.fr/fr/product/model/dc-shoes-court-graffik/196983.html
Dc,Shoes Stag,196984,https://www.footlocker.fr/fr/product/model/dc-shoes-stag/196984.html
Dc,Shoes Stag,196981,https://www.footlocker.fr/fr/product/model/dc-shoes-stag/196981.html
Dc,Shoes Manteca 4 V,196982,https://www.footlocker.fr/fr/product/model/dc-shoes-manteca-4-v/196982.html
adidas,Germany 26 Home Replica Goalkeeper Jersey,207140,https://www.footlocker.fr/fr/product/model/adidas-germany-26-home-replica-goalkeeper-jersey/207140.html
Jordan,1 Low,129203,https://www.footlocker.fr/fr/product/model/jordan-1-low/129203.html
adidas,Germany 26 Home Authentic Jersey,207141,https://www.footlocker.fr/fr/product/model/adidas-germany-26-home-authentic-jersey/207141.html
adidas,Germany 26 Home Replica Jersey,207142,https://www.footlocker.fr/fr/product/model/adidas-germany-26-home-replica-jersey/207142.html
adidas,Algeria 26 Home Replica Shorts,207143,https://www.footlocker.fr/fr/product/model/adidas-algeria-26-home-replica-shorts/207143.html
adidas,Italy 26 Home Goalkeeper Jersey,207144,https://www.footlocker.fr/fr/product/model/adidas-italy-26-home-goalkeeper-jersey/207144.html
adidas,Mexico 26 Home Replica Shorts,207145,https://www.footlocker.fr/fr/product/model/adidas-mexico-26-home-replica-shorts/207145.html
adidas,Italy 26 Home Authentic Jersey,207146,https://www.footlocker.fr/fr/product/model/adidas-italy-26-home-authentic-jersey/207146.html
Puma,Ac Milan Third 25 26,200503,https://www.footlocker.fr/fr/product/model/puma-ac-milan-third-25-26/200503.html
adidas,Italy 26 Home Replica Shorts,207147,https://www.footlocker.fr/fr/product/model/adidas-italy-26-home-replica-shorts/207147.html
Nike,Air Max Tl 2 5,189740,https://www.footlocker.fr/fr/product/model/nike-air-max-tl-2-5/189740.html
adidas,Colombia 26 Home Authentic Jersey,207148,https://www.footlocker.fr/fr/product/model/adidas-colombia-26-home-authentic-jersey/207148.html
adidas,Colombia 26 Home Replica Jersey,207149,https://www.footlocker.fr/fr/product/model/adidas-colombia-26-home-replica-jersey/207149.html
Puma,Ac Milan Away 25 26,200500,https://www.footlocker.fr/fr/product/model/puma-ac-milan-away-25-26/200500.html
New Balance,1906R,165770,https://www.footlocker.fr/fr/product/model/new-balance-1906r/165770.html
adidas,Belgium 24 Home,184061,https://www.footlocker.fr/fr/product/model/adidas-belgium-24-home/184061.html
Jordan,Spizike Low,176428,https://www.footlocker.fr/fr/product/model/jordan-spizike-low/176428.html
Lacoste,Silicon Croc Core,196032,https://www.footlocker.fr/fr/product/model/lacoste-silicon-croc-core/196032.html
Nike,React R3Vision,138167,https://www.footlocker.fr/fr/product/model/nike-react-r3vision/138167.html
Puma,Mostro,198699,https://www.footlocker.fr/fr/product/model/puma-mostro/198699.html
Puma,Speedcat,198698,https://www.footlocker.fr/fr/product/model/puma-speedcat/198698.html
adidas,Mexico 26 Home Authentic Jersey,207150,https://www.footlocker.fr/fr/product/model/adidas-mexico-26-home-authentic-jersey/207150.html
adidas,Belgium 26 Home Shorts,207151,https://www.footlocker.fr/fr/product/model/adidas-belgium-26-home-shorts/207151.html
adidas,Mexico 26 Home Jersey,207152,https://www.footlocker.fr/fr/product/model/adidas-mexico-26-home-jersey/207152.html
adidas,Argentina 26 Home Shorts,207153,https://www.footlocker.fr/fr/product/model/adidas-argentina-26-home-shorts/207153.html
adidas,Sweden 26 Home Jersey,207154,https://www.footlocker.fr/fr/product/model/adidas-sweden-26-home-jersey/207154.html
adidas,Belgium 26 Home Authentic Jersey,207155,https://www.footlocker.fr/fr/product/model/adidas-belgium-26-home-authentic-jersey/207155.html
adidas,Belgium 26 Home Jersey,207156,https://www.footlocker.fr/fr/product/model/adidas-belgium-26-home-jersey/207156.html
adidas,Japan 26 Home Authentic Jersey,207157,https://www.footlocker.fr/fr/product/model/adidas-japan-26-home-authentic-jersey/207157.html
adidas,Germany 26 Home Authentic Shorts,207158,https://www.footlocker.fr/fr/product/model/adidas-germany-26-home-authentic-shorts/207158.html
adidas,Spain 26 Home Authentic Jersey,207159,https://www.footlocker.fr/fr/product/model/adidas-spain-26-home-authentic-jersey/207159.html
Jordan,Delta 3 Low,138170,https://www.footlocker.fr/fr/product/model/jordan-delta-3-low/138170.html
Nike,Kawa Slide,190742,https://www.footlocker.fr/fr/product/model/nike-kawa-slide/190742.html
Nike,Dunk High,138177,https://www.footlocker.fr/fr/product/model/nike-dunk-high/138177.html
adidas,Spain 26 Home Authentic Shorts,207160,https://www.footlocker.fr/fr/product/model/adidas-spain-26-home-authentic-shorts/207160.html
adidas,Spain 26 Home Replica Shorts,207161,https://www.footlocker.fr/fr/product/model/adidas-spain-26-home-replica-shorts/207161.html
Puma,Speedcat,198680,https://www.footlocker.fr/fr/product/model/puma-speedcat/198680.html
adidas,Algeria 26 Training Top,207162,https://www.footlocker.fr/fr/product/model/adidas-algeria-26-training-top/207162.html
adidas,Ukraine 26 Home Replica Jersey,207163,https://www.footlocker.fr/fr/product/model/adidas-ukraine-26-home-replica-jersey/207163.html
adidas,Spain 26 Home Replica Long Sleeve Jersey,207164,https://www.footlocker.fr/fr/product/model/adidas-spain-26-home-replica-long-sleeve-jersey/207164.html
adidas,Hungary 26 Home Replica Jersey,207165,https://www.footlocker.fr/fr/product/model/adidas-hungary-26-home-replica-jersey/207165.html
adidas,Italy 26 Tiro Training Jersey,207166,https://www.footlocker.fr/fr/product/model/adidas-italy-26-tiro-training-jersey/207166.html
adidas,Costa Rica 26 Home Replica Jersey,207167,https://www.footlocker.fr/fr/product/model/adidas-costa-rica-26-home-replica-jersey/207167.html
adidas,Belgium 26 Tiro Training Jersey,207169,https://www.footlocker.fr/fr/product/model/adidas-belgium-26-tiro-training-jersey/207169.html
New Balance,1000,186699,https://www.footlocker.fr/fr/product/model/new-balance-1000/186699.html
Crocs,Cozzzy Slipper,196017,https://www.footlocker.fr/fr/product/model/crocs-cozzzy-slipper/196017.html
Crocs,Cozzzy Slipper,196016,https://www.footlocker.fr/fr/product/model/crocs-cozzzy-slipper/196016.html
adidas,Spain 26 Home Replica Goalkeeper Jersey,207170,https://www.footlocker.fr/fr/product/model/adidas-spain-26-home-replica-goalkeeper-jersey/207170.html
adidas,Peru 26 Home Jersey,207172,https://www.footlocker.fr/fr/product/model/adidas-peru-26-home-jersey/207172.html
adidas,Germany 26 Home Replica Shorts,207173,https://www.footlocker.fr/fr/product/model/adidas-germany-26-home-replica-shorts/207173.html
Nike,Kd 18,190725,https://www.footlocker.fr/fr/product/model/nike-kd-18/190725.html
adidas,Spain 26 Home Authentic Jersey,207174,https://www.footlocker.fr/fr/product/model/adidas-spain-26-home-authentic-jersey/207174.html
New Balance,740,189739,https://www.footlocker.fr/fr/product/model/new-balance-740/189739.html
adidas,Firebird Classic Track Top,207175,https://www.footlocker.fr/fr/product/model/adidas-firebird-classic-track-top/207175.html
adidas,Italy 26 Home Authentic Jersey,207176,https://www.footlocker.fr/fr/product/model/adidas-italy-26-home-authentic-jersey/207176.html
adidas,Italy 26 Home Jersey,207177,https://www.footlocker.fr/fr/product/model/adidas-italy-26-home-jersey/207177.html
adidas,Algeria 26 Home Replica Jersey,207178,https://www.footlocker.fr/fr/product/model/adidas-algeria-26-home-replica-jersey/207178.html
adidas,Spain Dna Hoodie,207179,https://www.footlocker.fr/fr/product/model/adidas-spain-dna-hoodie/207179.html
Lacoste,Diamond Taffeta,196029,https://www.footlocker.fr/fr/product/model/lacoste-diamond-taffeta/196029.html
Lacoste,Diamond Taffeta,196028,https://www.footlocker.fr/fr/product/model/lacoste-diamond-taffeta/196028.html
Lacoste,Grid Taped,196023,https://www.footlocker.fr/fr/product/model/lacoste-grid-taped/196023.html
Puma,Inhale Essentials,198682,https://www.footlocker.fr/fr/product/model/puma-inhale-essentials/198682.html
Lacoste,Front Stripe,196022,https://www.footlocker.fr/fr/product/model/lacoste-front-stripe/196022.html
Nike,Air Max Tuned 3,176430,https://www.footlocker.fr/fr/product/model/nike-air-max-tuned-3/176430.html
Puma,King Indoor,198688,https://www.footlocker.fr/fr/product/model/puma-king-indoor/198688.html
New Balance,574,142209,https://www.footlocker.fr/fr/product/model/new-balance-574/142209.html
Timberland,6 Inch,198689,https://www.footlocker.fr/fr/product/model/timberland-6-inch/198689.html
Lacoste,Front Stripe Croc,196026,https://www.footlocker.fr/fr/product/model/lacoste-front-stripe-croc/196026.html
adidas,Germany 26 Home Replica Jersey,207180,https://www.footlocker.fr/fr/product/model/adidas-germany-26-home-replica-jersey/207180.html
adidas,Spain 26 Home Replica Jersey,207181,https://www.footlocker.fr/fr/product/model/adidas-spain-26-home-replica-jersey/207181.html
adidas,Belgium 26 Home Replica Jersey,207182,https://www.footlocker.fr/fr/product/model/adidas-belgium-26-home-replica-jersey/207182.html
adidas,Germany Dna Hoodie,207183,https://www.footlocker.fr/fr/product/model/adidas-germany-dna-hoodie/207183.html
adidas,Mexico 26 Home Jersey,207184,https://www.footlocker.fr/fr/product/model/adidas-mexico-26-home-jersey/207184.html
adidas,Argentina 26 Home Replica Jersey,207185,https://www.footlocker.fr/fr/product/model/adidas-argentina-26-home-replica-jersey/207185.html
adidas,Germany 26 Home Authentic Jersey,207186,https://www.footlocker.fr/fr/product/model/adidas-germany-26-home-authentic-jersey/207186.html
adidas,Italy 26 Home Baby Kit,207187,https://www.footlocker.fr/fr/product/model/adidas-italy-26-home-baby-kit/207187.html
adidas,Germany 26 Home Replica Baby Kit,207188,https://www.footlocker.fr/fr/product/model/adidas-germany-26-home-replica-baby-kit/207188.html
adidas,Spain 26 Home Baby Kit,207189,https://www.footlocker.fr/fr/product/model/adidas-spain-26-home-baby-kit/207189.html
Puma,All Pro Nitro,198659,https://www.footlocker.fr/fr/product/model/puma-all-pro-nitro/198659.html
Under,Armour Utility Woven,194294,https://www.footlocker.fr/fr/product/model/under-armour-utility-woven/194294.html
Under,Armour Vibe Woven,194293,https://www.footlocker.fr/fr/product/model/under-armour-vibe-woven/194293.html
adidas,Germany 26 Home Replica Set,207191,https://www.footlocker.fr/fr/product/model/adidas-germany-26-home-replica-set/207191.html
Nike,Hyperelite Motion Full Zip,9311,https://www.footlocker.fr/fr/product/model/nike-hyperelite-motion-full-zip/9311.html
adidas,Spain 26 Home Set,207192,https://www.footlocker.fr/fr/product/model/adidas-spain-26-home-set/207192.html
adidas,Germany 26 Home Authentic Jersey,207193,https://www.footlocker.fr/fr/product/model/adidas-germany-26-home-authentic-jersey/207193.html
adidas,Spain 26 Home Jersey,207194,https://www.footlocker.fr/fr/product/model/adidas-spain-26-home-jersey/207194.html
adidas,Spain 26 Home Shorts,207195,https://www.footlocker.fr/fr/product/model/adidas-spain-26-home-shorts/207195.html
adidas,Belgium 26 Home Jersey,207197,https://www.footlocker.fr/fr/product/model/adidas-belgium-26-home-jersey/207197.html
adidas,Hungary 26 Home Jersey,207198,https://www.footlocker.fr/fr/product/model/adidas-hungary-26-home-jersey/207198.html
adidas,Italy 26 Tiro Training Pants,207199,https://www.footlocker.fr/fr/product/model/adidas-italy-26-tiro-training-pants/207199.html
Nike,Tech Fleece,160034,https://www.footlocker.fr/fr/product/model/nike-tech-fleece/160034.html
On,Cloudsurfer Next,200559,https://www.footlocker.fr/fr/product/model/on-cloudsurfer-next/200559.html
adidas,Adicolor Classics Firebird,162693,https://www.footlocker.fr/fr/product/model/adidas-adicolor-classics-firebird/162693.html
On,Cloudtilt Remix,200561,https://www.footlocker.fr/fr/product/model/on-cloudtilt-remix/200561.html
adidas,Samba Og,174673,https://www.footlocker.fr/fr/product/model/adidas-samba-og/174673.html
adidas,3 Pack Crew,49980,https://www.footlocker.fr/fr/product/model/adidas-3-pack-crew/49980.html
Puma,Lafrance Untouchable,198667,https://www.footlocker.fr/fr/product/model/puma-lafrance-untouchable/198667.html
adidas,Italy 26 Home Set,207190,https://www.footlocker.fr/fr/product/model/adidas-italy-26-home-set/207190.html
New Balance,550,153772,https://www.footlocker.fr/fr/product/model/new-balance-550/153772.html
New Balance,2002R,153773,https://www.footlocker.fr/fr/product/model/new-balance-2002r/153773.html
New Balance,550,126199,https://www.footlocker.fr/fr/product/model/new-balance-550/126199.html
adidas,Superstar,160062,https://www.footlocker.fr/fr/product/model/adidas-superstar/160062.html
Nike,Lebron Ix,197307,https://www.footlocker.fr/fr/product/model/nike-lebron-ix/197307.html
adidas,Essentials,152436,https://www.footlocker.fr/fr/product/model/adidas-essentials/152436.html
adidas,Campus 00S,159087,https://www.footlocker.fr/fr/product/model/adidas-campus-00s/159087.html
adidas,Anthony Edwards 2 Mid,198634,https://www.footlocker.fr/fr/product/model/adidas-anthony-edwards-2-mid/198634.html
Under,Armour Vibe Woven,194291,https://www.footlocker.fr/fr/product/model/under-armour-vibe-woven/194291.html
New Balance,2002R,153769,https://www.footlocker.fr/fr/product/model/new-balance-2002r/153769.html
adidas,Trefoil,160057,https://www.footlocker.fr/fr/product/model/adidas-trefoil/160057.html
adidas,Algeria Pre,200581,https://www.footlocker.fr/fr/product/model/adidas-algeria-pre/200581.html
adidas,Italy,200584,https://www.footlocker.fr/fr/product/model/adidas-italy/200584.html
adidas,Italy,200583,https://www.footlocker.fr/fr/product/model/adidas-italy/200583.html
Nike,Air,76752,https://www.footlocker.fr/fr/product/model/nike-air/76752.html
Under,Armour Bgs Surge 4,194285,https://www.footlocker.fr/fr/product/model/under-armour-bgs-surge-4/194285.html
Crep,Protect Cure Protect Ultimate Shoe Cleaner,10048,https://www.footlocker.fr/fr/product/model/crep-protect-cure-protect-ultimate-shoe-cleaner/10048.html
Nike,M90,155579,https://www.footlocker.fr/fr/product/model/nike-m90/155579.html
adidas,Firebird Loose Pinstripes,200589,https://www.footlocker.fr/fr/product/model/adidas-firebird-loose-pinstripes/200589.html
adidas,Tech Essentials,200586,https://www.footlocker.fr/fr/product/model/adidas-tech-essentials/200586.html
adidas,Tech Essentials,200585,https://www.footlocker.fr/fr/product/model/adidas-tech-essentials/200585.html
Nike,Air Max 2090,82539,https://www.footlocker.fr/fr/product/model/nike-air-max-2090/82539.html
adidas,Tech Essentials,200587,https://www.footlocker.fr/fr/product/model/adidas-tech-essentials/200587.html
Puma,X A Ap Rocky Inhale,192513,https://www.footlocker.fr/fr/product/model/puma-x-a-ap-rocky-inhale/192513.html
adidas,Jaquard,200591,https://www.footlocker.fr/fr/product/model/adidas-jaquard/200591.html
Jordan,Sport,175179,https://www.footlocker.fr/fr/product/model/jordan-sport/175179.html
Nike,Nba Chicago Bulls,175175,https://www.footlocker.fr/fr/product/model/nike-nba-chicago-bulls/175175.html
Jordan,Aj3 Retro,179530,https://www.footlocker.fr/fr/product/model/jordan-aj3-retro/179530.html
Jordan,Brooklyn,187184,https://www.footlocker.fr/fr/product/model/jordan-brooklyn/187184.html
Okami,Exploration,193852,https://www.footlocker.fr/fr/product/model/okami-exploration/193852.html
Nike,T90,193853,https://www.footlocker.fr/fr/product/model/nike-t90/193853.html
Jordan,Tatum,179529,https://www.footlocker.fr/fr/product/model/jordan-tatum/179529.html
Jordan,Spizike Low,179528,https://www.footlocker.fr/fr/product/model/jordan-spizike-low/179528.html
Buffalo,Aspha Chelsea,160918,https://www.footlocker.fr/fr/product/model/buffalo-aspha-chelsea/160918.html
Nike,Air Max 90,167549,https://www.footlocker.fr/fr/product/model/nike-air-max-90/167549.html
Jordan,Luka,179526,https://www.footlocker.fr/fr/product/model/jordan-luka/179526.html
Jordan,Retro 6 Infrared Salesman,179522,https://www.footlocker.fr/fr/product/model/jordan-retro-6-infrared-salesman/179522.html
Jordan,Aj3 Retro,179521,https://www.footlocker.fr/fr/product/model/jordan-aj3-retro/179521.html
Jordan,Flight,159956,https://www.footlocker.fr/fr/product/model/jordan-flight/159956.html
New Balance,Ankle 3 Pack,181844,https://www.footlocker.fr/fr/product/model/new-balance-ankle-3-pack/181844.html
Asics,Gel Quantum 360 Vii Flw,203637,https://www.footlocker.fr/fr/product/model/asics-gel-quantum-360-vii-flw/203637.html
Nike,Tuned 1,167578,https://www.footlocker.fr/fr/product/model/nike-tuned-1/167578.html
Nike,Vomero 5,196098,https://www.footlocker.fr/fr/product/model/nike-vomero-5/196098.html
Jordan,Essentials,159947,https://www.footlocker.fr/fr/product/model/jordan-essentials/159947.html
Nike,Club,179546,https://www.footlocker.fr/fr/product/model/nike-club/179546.html
Jordan,Curved Brim,155594,https://www.footlocker.fr/fr/product/model/jordan-curved-brim/155594.html
Nike,Tech Woven,8056,https://www.footlocker.fr/fr/product/model/nike-tech-woven/8056.html
adidas,Samba Jp,193803,https://www.footlocker.fr/fr/product/model/adidas-samba-jp/193803.html
Nike,W Nike Air Superfly,201001,https://www.footlocker.fr/fr/product/model/nike-w-nike-air-superfly/201001.html
New Balance,2002R,142218,https://www.footlocker.fr/fr/product/model/new-balance-2002r/142218.html
Nike,3 Pack Ankle,131570,https://www.footlocker.fr/fr/product/model/nike-3-pack-ankle/131570.html
adidas,Samba Og,49110,https://www.footlocker.fr/fr/product/model/adidas-samba-og/49110.html
Okami,Brockton,176461,https://www.footlocker.fr/fr/product/model/okami-brockton/176461.html
Ugg,Tasman Maxi Curly,193818,https://www.footlocker.fr/fr/product/model/ugg-tasman-maxi-curly/193818.html
Ugg,Tazzelle,193819,https://www.footlocker.fr/fr/product/model/ugg-tazzelle/193819.html
Nike,Tuned 3,167500,https://www.footlocker.fr/fr/product/model/nike-tuned-3/167500.html
Ground,Up Disney 100 High Top,168837,https://www.footlocker.fr/fr/product/model/ground-up-disney-100-high-top/168837.html
New Balance,370,189766,https://www.footlocker.fr/fr/product/model/new-balance-370/189766.html
New Balance,Fresh Foam Bb,189764,https://www.footlocker.fr/fr/product/model/new-balance-fresh-foam-bb/189764.html
Jordan,Sabrina 3 Glitch,206711,https://www.footlocker.fr/fr/product/model/jordan-sabrina-3-glitch/206711.html
New Balance,574,142231,https://www.footlocker.fr/fr/product/model/new-balance-574/142231.html
Nike,Itz Oversized Ft,201022,https://www.footlocker.fr/fr/product/model/nike-itz-oversized-ft/201022.html
adidas,Leopard Firebird,203685,https://www.footlocker.fr/fr/product/model/adidas-leopard-firebird/203685.html
Nike,Zoom Vomero 18,201021,https://www.footlocker.fr/fr/product/model/nike-zoom-vomero-18/201021.html
adidas,Originals Beads Jersey,203686,https://www.footlocker.fr/fr/product/model/adidas-originals-beads-jersey/203686.html
Nike,Essential Crew,201024,https://www.footlocker.fr/fr/product/model/nike-essential-crew/201024.html
New Balance,327,142234,https://www.footlocker.fr/fr/product/model/new-balance-327/142234.html
Jordan,Aj3 Retro,179518,https://www.footlocker.fr/fr/product/model/jordan-aj3-retro/179518.html
Nike,P 6000,201020,https://www.footlocker.fr/fr/product/model/nike-p-6000/201020.html
New Balance,Ct302,142239,https://www.footlocker.fr/fr/product/model/new-balance-ct302/142239.html
Nike,Air Max Moto 2K,206709,https://www.footlocker.fr/fr/product/model/nike-air-max-moto-2k/206709.html
Crocs,Cozzzy Slipper,196058,https://www.footlocker.fr/fr/product/model/crocs-cozzzy-slipper/196058.html
Crocs,Cozzzy Slipper,196059,https://www.footlocker.fr/fr/product/model/crocs-cozzzy-slipper/196059.html
Nike,Air More Uptempo Slide,155542,https://www.footlocker.fr/fr/product/model/nike-air-more-uptempo-slide/155542.html
New Balance,Sport,181810,https://www.footlocker.fr/fr/product/model/new-balance-sport/181810.html
Lacoste,Diamond Weave,187112,https://www.footlocker.fr/fr/product/model/lacoste-diamond-weave/187112.html
Nike,Paperbag Waist Baby,201027,https://www.footlocker.fr/fr/product/model/nike-paperbag-waist-baby/201027.html
New Balance,Ankle 3,203688,https://www.footlocker.fr/fr/product/model/new-balance-ankle-3/203688.html
Nike,Itz Oversized,201032,https://www.footlocker.fr/fr/product/model/nike-itz-oversized/201032.html
Nike,Miler,201035,https://www.footlocker.fr/fr/product/model/nike-miler/201035.html
Nike,Itz Oversized Ft,201034,https://www.footlocker.fr/fr/product/model/nike-itz-oversized-ft/201034.html
Nike,Force 1 Low Lv8 2,206715,https://www.footlocker.fr/fr/product/model/nike-force-1-low-lv8-2/206715.html
Nike,Miler 1 2 Zip Top Wvn Pant,201031,https://www.footlocker.fr/fr/product/model/nike-miler-1-2-zip-top-wvn-pant/201031.html
Jordan,Giannis Immortality 4,206719,https://www.footlocker.fr/fr/product/model/jordan-giannis-immortality-4/206719.html
Nike,Nba Memphis G,190764,https://www.footlocker.fr/fr/product/model/nike-nba-memphis-g/190764.html
Nike,Air Force 1 07 Lv8,196066,https://www.footlocker.fr/fr/product/model/nike-air-force-1-07-lv8/196066.html
Puma,Speedcat Ferrari X Monza,196068,https://www.footlocker.fr/fr/product/model/puma-speedcat-ferrari-x-monza/196068.html
adidas,Tiro 24 Training 2 In 1,181819,https://www.footlocker.fr/fr/product/model/adidas-tiro-24-training-2-in-1/181819.html
Crocs,Classic Clog,159418,https://www.footlocker.fr/fr/product/model/crocs-classic-clog/159418.html
Timberland,Treeline Mid,124794,https://www.footlocker.fr/fr/product/model/timberland-treeline-mid/124794.html
adidas,Inter Miami Cf Originals Shorts,205879,https://www.footlocker.fr/fr/product/model/adidas-inter-miami-cf-originals-shorts/205879.html
adidas,Olympique Lyonnais Anniversary Track Top,205877,https://www.footlocker.fr/fr/product/model/adidas-olympique-lyonnais-anniversary-track-top/205877.html
adidas,Benfica 25 26 Pre Match Jersey,205876,https://www.footlocker.fr/fr/product/model/adidas-benfica-25-26-pre-match-jersey/205876.html
adidas,Real Madrid Tiro 25 Training Jersey,205886,https://www.footlocker.fr/fr/product/model/adidas-real-madrid-tiro-25-training-jersey/205886.html
adidas,Real Madrid 25 26 Home Authentic Jersey,205885,https://www.footlocker.fr/fr/product/model/adidas-real-madrid-25-26-home-authentic-jersey/205885.html
adidas,Fc Bayern 25 26 Goalkeeper Jersey,205884,https://www.footlocker.fr/fr/product/model/adidas-fc-bayern-25-26-goalkeeper-jersey/205884.html
adidas,Inter Miami Cf 25 26 Authentic Jersey,205883,https://www.footlocker.fr/fr/product/model/adidas-inter-miami-cf-25-26-authentic-jersey/205883.html
adidas,Juventus Vialli Pack Sports Jacket,205882,https://www.footlocker.fr/fr/product/model/adidas-juventus-vialli-pack-sports-jacket/205882.html
adidas,Ajax Amsterdam Terrace Icons T Shirt,205881,https://www.footlocker.fr/fr/product/model/adidas-ajax-amsterdam-terrace-icons-t-shirt/205881.html
adidas,Peru Training Jacket,205880,https://www.footlocker.fr/fr/product/model/adidas-peru-training-jacket/205880.html
Nike,Nba Phoenix Suns Devin Booker Swingman Icon Jersey,134120,https://www.footlocker.fr/fr/product/model/nike-nba-phoenix-suns-devin-booker-swingman-icon-jersey/134120.html
Vans,Authentic,159406,https://www.footlocker.fr/fr/product/model/vans-authentic/159406.html
adidas,Adicolor Essentials,134126,https://www.footlocker.fr/fr/product/model/adidas-adicolor-essentials/134126.html
Vans,Sk8 Hi,159409,https://www.footlocker.fr/fr/product/model/vans-sk8-hi/159409.html
adidas,Real Madrid 25 26 Away Authentic Jersey,205889,https://www.footlocker.fr/fr/product/model/adidas-real-madrid-25-26-away-authentic-jersey/205889.html
adidas,Real Madrid 25 26 Third Authentic Jersey,205888,https://www.footlocker.fr/fr/product/model/adidas-real-madrid-25-26-third-authentic-jersey/205888.html
adidas,Originals X Liberty London,203226,https://www.footlocker.fr/fr/product/model/adidas-originals-x-liberty-london/203226.html
adidas,Real Madrid 25 26 Home Goalkeeper Jersey,205887,https://www.footlocker.fr/fr/product/model/adidas-real-madrid-25-26-home-goalkeeper-jersey/205887.html
Jordan,Son Of Mars Low,204566,https://www.footlocker.fr/fr/product/model/jordan-son-of-mars-low/204566.html
adidas,Liverpool Fc 25 26 Home Authentic Jersey,205897,https://www.footlocker.fr/fr/product/model/adidas-liverpool-fc-25-26-home-authentic-jersey/205897.html
Puma,Lafrance Rnnr,193334,https://www.footlocker.fr/fr/product/model/puma-lafrance-rnnr/193334.html
adidas,Liverpool Fc 25 26 Away Shorts,205896,https://www.footlocker.fr/fr/product/model/adidas-liverpool-fc-25-26-away-shorts/205896.html
Puma,Mb 05 World Tour,193335,https://www.footlocker.fr/fr/product/model/puma-mb-05-world-tour/193335.html
adidas,Liverpool Fc Tiro 25 Training Jersey,205895,https://www.footlocker.fr/fr/product/model/adidas-liverpool-fc-tiro-25-training-jersey/205895.html
Puma,Mb 01234 Mash Up,193336,https://www.footlocker.fr/fr/product/model/puma-mb-01234-mash-up/193336.html
adidas,Liverpool Fc Tiro 25 Training Pants,205893,https://www.footlocker.fr/fr/product/model/adidas-liverpool-fc-tiro-25-training-pants/205893.html
Puma,Scoot Zeros Ii Gold D D,193338,https://www.footlocker.fr/fr/product/model/puma-scoot-zeros-ii-gold-d-d/193338.html
adidas,Liverpool Fc 25 26 Away Authentic Jersey,205892,https://www.footlocker.fr/fr/product/model/adidas-liverpool-fc-25-26-away-authentic-jersey/205892.html
Puma,Inhale,193339,https://www.footlocker.fr/fr/product/model/puma-inhale/193339.html
adidas,Liverpool Fc 25 26 Away Jersey,205891,https://www.footlocker.fr/fr/product/model/adidas-liverpool-fc-25-26-away-jersey/205891.html
adidas,Liverpool Fc 25 26 Home Shorts,205890,https://www.footlocker.fr/fr/product/model/adidas-liverpool-fc-25-26-home-shorts/205890.html
Vans,Old Skool,159411,https://www.footlocker.fr/fr/product/model/vans-old-skool/159411.html
Puma,All Pro Nitro 2 Chris Brickley,193331,https://www.footlocker.fr/fr/product/model/puma-all-pro-nitro-2-chris-brickley/193331.html
Puma,Lafrance Wolf,193332,https://www.footlocker.fr/fr/product/model/puma-lafrance-wolf/193332.html
Nike,Victori One,159434,https://www.footlocker.fr/fr/product/model/nike-victori-one/159434.html
Converse,Ctas Move Platform High,148785,https://www.footlocker.fr/fr/product/model/converse-ctas-move-platform-high/148785.html
Jordan,Son Of Mars Low,204568,https://www.footlocker.fr/fr/product/model/jordan-son-of-mars-low/204568.html
adidas,Germany Anniversary Track Pants,205899,https://www.footlocker.fr/fr/product/model/adidas-germany-anniversary-track-pants/205899.html
Jordan,Trunner,204567,https://www.footlocker.fr/fr/product/model/jordan-trunner/204567.html
adidas,Germany Anniversary Sports Jacket,205898,https://www.footlocker.fr/fr/product/model/adidas-germany-anniversary-sports-jacket/205898.html
Nike,Nba Lebron James,167057,https://www.footlocker.fr/fr/product/model/nike-nba-lebron-james/167057.html
adidas,Manchester United,193300,https://www.footlocker.fr/fr/product/model/adidas-manchester-united/193300.html
adidas,Liverpool Fc Tiro 25 Competition Shorts,204577,https://www.footlocker.fr/fr/product/model/adidas-liverpool-fc-tiro-25-competition-shorts/204577.html
adidas,Arsenal 25 26 Third Shorts,204576,https://www.footlocker.fr/fr/product/model/adidas-arsenal-25-26-third-shorts/204576.html
adidas,Campus 00S,156398,https://www.footlocker.fr/fr/product/model/adidas-campus-00s/156398.html
Sergio,Tacchini Court Classic,173729,https://www.footlocker.fr/fr/product/model/sergio-tacchini-court-classic/173729.html
Converse,Ctas 2V Low,189299,https://www.footlocker.fr/fr/product/model/converse-ctas-2v-low/189299.html
adidas,Manchester United Terrace Icons Jersey,204579,https://www.footlocker.fr/fr/product/model/adidas-manchester-united-terrace-icons-jersey/204579.html
Puma,Fade Nitro Umbreon,203256,https://www.footlocker.fr/fr/product/model/puma-fade-nitro-umbreon/203256.html
adidas,Anthony Edwards 2,207603,https://www.footlocker.fr/fr/product/model/adidas-anthony-edwards-2/207603.html
Puma,Fade Nitro Pikachu,203257,https://www.footlocker.fr/fr/product/model/puma-fade-nitro-pikachu/203257.html
Puma,H Street Og,203254,https://www.footlocker.fr/fr/product/model/puma-h-street-og/203254.html
Jordan,Kids Ankle No Slip 3 Pack,170695,https://www.footlocker.fr/fr/product/model/jordan-kids-ankle-no-slip-3-pack/170695.html
Puma,Speedcat Ballet,203255,https://www.footlocker.fr/fr/product/model/puma-speedcat-ballet/203255.html
adidas,Climacool Laced,207608,https://www.footlocker.fr/fr/product/model/adidas-climacool-laced/207608.html
adidas,Chile20 Bomber Jacket Midweight,134152,https://www.footlocker.fr/fr/product/model/adidas-chile20-bomber-jacket-midweight/134152.html
adidas,Real Madrid Terrace Icons Jersey,204580,https://www.footlocker.fr/fr/product/model/adidas-real-madrid-terrace-icons-jersey/204580.html
adidas,Essentials Tracksuit Bottoms,207620,https://www.footlocker.fr/fr/product/model/adidas-essentials-tracksuit-bottoms/207620.html
adidas,Essentials 3 Stripes Joggers Open Hem,207621,https://www.footlocker.fr/fr/product/model/adidas-essentials-3-stripes-joggers-open-hem/207621.html
adidas,Z N E Woven Track Top,207622,https://www.footlocker.fr/fr/product/model/adidas-z-n-e-woven-track-top/207622.html
Puma,H Street Og,203258,https://www.footlocker.fr/fr/product/model/puma-h-street-og/203258.html
adidas,Mercedes Amg Petronas F1 Team Las Vegas,207623,https://www.footlocker.fr/fr/product/model/adidas-mercedes-amg-petronas-f1-team-las-vegas/207623.html
Puma,Speedcat Ballet,203259,https://www.footlocker.fr/fr/product/model/puma-speedcat-ballet/203259.html
adidas,Mercedes Amg Petronas F1 Las Vegas L S,207624,https://www.footlocker.fr/fr/product/model/adidas-mercedes-amg-petronas-f1-las-vegas-l-s/207624.html
Lckr,Heavyweight Relaxed Fit,203267,https://www.footlocker.fr/fr/product/model/lckr-heavyweight-relaxed-fit/203267.html
adidas,Manchester United 25 26 Authentic Jersey,207614,https://www.footlocker.fr/fr/product/model/adidas-manchester-united-25-26-authentic-jersey/207614.html
Lckr,Heavyweight Distressed Relaxed Fit,203268,https://www.footlocker.fr/fr/product/model/lckr-heavyweight-distressed-relaxed-fit/203268.html
adidas,Manchester United 25 26 Home Authentic,207615,https://www.footlocker.fr/fr/product/model/adidas-manchester-united-25-26-home-authentic/207615.html
Lckr,Bradley 8 5Inch French Terry,203266,https://www.footlocker.fr/fr/product/model/lckr-bradley-8-5inch-french-terry/203266.html
adidas,Firebird Track Top,207617,https://www.footlocker.fr/fr/product/model/adidas-firebird-track-top/207617.html
Tommy,Jeans Cupsole Ess,168326,https://www.footlocker.fr/fr/product/model/tommy-jeans-cupsole-ess/168326.html
adidas,Essentials Feel Cozy French Terry Joggers,207618,https://www.footlocker.fr/fr/product/model/adidas-essentials-feel-cozy-french-terry-joggers/207618.html
adidas,Essentials Feel Cozy Fleece Sweatshirt,207619,https://www.footlocker.fr/fr/product/model/adidas-essentials-feel-cozy-fleece-sweatshirt/207619.html
Jordan,Aj 3 Retro Tex,189271,https://www.footlocker.fr/fr/product/model/jordan-aj-3-retro-tex/189271.html
Puma,Fade Nitro Pikachu,203262,https://www.footlocker.fr/fr/product/model/puma-fade-nitro-pikachu/203262.html
Skechers,Twinkle Toes,190259,https://www.footlocker.fr/fr/product/model/skechers-twinkle-toes/190259.html
Puma,H Street Og,203260,https://www.footlocker.fr/fr/product/model/puma-h-street-og/203260.html
Skechers,Twinkle Sparks,190258,https://www.footlocker.fr/fr/product/model/skechers-twinkle-sparks/190258.html
Nike,Club Cap,177279,https://www.footlocker.fr/fr/product/model/nike-club-cap/177279.html
Skechers,Play Scene,190254,https://www.footlocker.fr/fr/product/model/skechers-play-scene/190254.html
adidas,Retro Remix Cardigan,207630,https://www.footlocker.fr/fr/product/model/adidas-retro-remix-cardigan/207630.html
adidas,Liverpool Fc Terrace Icons Jersey,206300,https://www.footlocker.fr/fr/product/model/adidas-liverpool-fc-terrace-icons-jersey/206300.html
adidas,Tracksuit Bottoms,207631,https://www.footlocker.fr/fr/product/model/adidas-tracksuit-bottoms/207631.html
adidas,Liverpool Fc 25 26 Third Shorts,206301,https://www.footlocker.fr/fr/product/model/adidas-liverpool-fc-25-26-third-shorts/206301.html
adidas,Originals Basketball Crest T Shirt,207632,https://www.footlocker.fr/fr/product/model/adidas-originals-basketball-crest-t-shirt/207632.html
adidas,Liverpool Fc 25 26 Third Authentic Jersey,206302,https://www.footlocker.fr/fr/product/model/adidas-liverpool-fc-25-26-third-authentic-jersey/206302.html
adidas,Teamgeist Adicolor Trackpant,207633,https://www.footlocker.fr/fr/product/model/adidas-teamgeist-adicolor-trackpant/207633.html
On,Cloud X 3 Ad,169652,https://www.footlocker.fr/fr/product/model/on-cloud-x-3-ad/169652.html
Lckr,Flagship Rib Tank,203269,https://www.footlocker.fr/fr/product/model/lckr-flagship-rib-tank/203269.html
adidas,Liverpool Fc Terrace Icons T Shirt,206304,https://www.footlocker.fr/fr/product/model/adidas-liverpool-fc-terrace-icons-t-shirt/206304.html
adidas,Teamgeist Adicolor Track Top,207635,https://www.footlocker.fr/fr/product/model/adidas-teamgeist-adicolor-track-top/207635.html
Street,Cartel Guessepie,203278,https://www.footlocker.fr/fr/product/model/street-cartel-guessepie/203278.html
adidas,Mercedes Amg Petronas F1 Las Vegas,207625,https://www.footlocker.fr/fr/product/model/adidas-mercedes-amg-petronas-f1-las-vegas/207625.html
Street,Cartel Combine,203279,https://www.footlocker.fr/fr/product/model/street-cartel-combine/203279.html
adidas,Mercedes Amg Petronas F1 Las Vegas,207626,https://www.footlocker.fr/fr/product/model/adidas-mercedes-amg-petronas-f1-las-vegas/207626.html
On,Cloudaway,169645,https://www.footlocker.fr/fr/product/model/on-cloudaway/169645.html
Street,Cartel Cupid,203276,https://www.footlocker.fr/fr/product/model/street-cartel-cupid/203276.html
adidas,Premium Essentials Wide Trousers,207627,https://www.footlocker.fr/fr/product/model/adidas-premium-essentials-wide-trousers/207627.html
Street,Cartel Orbit,203277,https://www.footlocker.fr/fr/product/model/street-cartel-orbit/203277.html
adidas,Sst Adicolor Classics Loose Track Top,207628,https://www.footlocker.fr/fr/product/model/adidas-sst-adicolor-classics-loose-track-top/207628.html
Lckr,Heavyweight Relaxed Fit,203274,https://www.footlocker.fr/fr/product/model/lckr-heavyweight-relaxed-fit/203274.html
adidas,Denim Pants,207629,https://www.footlocker.fr/fr/product/model/adidas-denim-pants/207629.html
adidas,Handball Spezial,170635,https://www.footlocker.fr/fr/product/model/adidas-handball-spezial/170635.html
Street,Cartel 5Star,203275,https://www.footlocker.fr/fr/product/model/street-cartel-5star/203275.html
Lckr,Salaman Carpenter Jeans,203271,https://www.footlocker.fr/fr/product/model/lckr-salaman-carpenter-jeans/203271.html
adidas,X Plrphase,161713,https://www.footlocker.fr/fr/product/model/adidas-x-plrphase/161713.html
Nike,Air Max 1,161714,https://www.footlocker.fr/fr/product/model/nike-air-max-1/161714.html
Jordan,Essentials,122152,https://www.footlocker.fr/fr/product/model/jordan-essentials/122152.html
adidas,Taekwondo W,189248,https://www.footlocker.fr/fr/product/model/adidas-taekwondo-w/189248.html
adidas,3 Stripes Sprinter Shorts,207640,https://www.footlocker.fr/fr/product/model/adidas-3-stripes-sprinter-shorts/207640.html
adidas,Liverpool Fc Terrace Icons Shorts,206310,https://www.footlocker.fr/fr/product/model/adidas-liverpool-fc-terrace-icons-shorts/206310.html
New Balance,Athletics Premium Logo T Shirt,206311,https://www.footlocker.fr/fr/product/model/new-balance-athletics-premium-logo-t-shirt/206311.html
adidas,Firebird Classic Track Top,207642,https://www.footlocker.fr/fr/product/model/adidas-firebird-classic-track-top/207642.html
New Balance,Athletics French Terry Jogger,206312,https://www.footlocker.fr/fr/product/model/new-balance-athletics-french-terry-jogger/206312.html
adidas,Firebird Loose Track Bottoms,207643,https://www.footlocker.fr/fr/product/model/adidas-firebird-loose-track-bottoms/207643.html
New Balance,Athletics French Terry Logo Hoodie,206313,https://www.footlocker.fr/fr/product/model/new-balance-athletics-french-terry-logo-hoodie/206313.html
adidas,Firebird Classic Shorts,207644,https://www.footlocker.fr/fr/product/model/adidas-firebird-classic-shorts/207644.html
Jordan,Play Slide,167022,https://www.footlocker.fr/fr/product/model/jordan-play-slide/167022.html
New Balance,In Game Woven Track Jacket,206314,https://www.footlocker.fr/fr/product/model/new-balance-in-game-woven-track-jacket/206314.html
adidas,Firebird T Shirt,207645,https://www.footlocker.fr/fr/product/model/adidas-firebird-t-shirt/207645.html
New Balance,Linear Heritage Fleece Full Zip,206315,https://www.footlocker.fr/fr/product/model/new-balance-linear-heritage-fleece-full-zip/206315.html
adidas,Denim Jacket,207646,https://www.footlocker.fr/fr/product/model/adidas-denim-jacket/207646.html
Jordan,Nba K Durant Suns Swingman,171996,https://www.footlocker.fr/fr/product/model/jordan-nba-k-durant-suns-swingman/171996.html
adidas,Liverpool Fc Terrace Icons Bottoms,206305,https://www.footlocker.fr/fr/product/model/adidas-liverpool-fc-terrace-icons-bottoms/206305.html
adidas,Liverpool Fc Terrace Icons Polo Shirt,206306,https://www.footlocker.fr/fr/product/model/adidas-liverpool-fc-terrace-icons-polo-shirt/206306.html
adidas,Fb Tt Loose Top,207637,https://www.footlocker.fr/fr/product/model/adidas-fb-tt-loose-top/207637.html
adidas,Vintage Bb Tt Striped Rib Track Top,207638,https://www.footlocker.fr/fr/product/model/adidas-vintage-bb-tt-striped-rib-track-top/207638.html
adidas,Vintage Tt High Knitted Ribs Top,207639,https://www.footlocker.fr/fr/product/model/adidas-vintage-tt-high-knitted-ribs-top/207639.html
Nike,Zoom Vomero 5,161717,https://www.footlocker.fr/fr/product/model/nike-zoom-vomero-5/161717.html
Vans,Knu Skool,182621,https://www.footlocker.fr/fr/product/model/vans-knu-skool/182621.html
Nike,Tech Fleece,42653,https://www.footlocker.fr/fr/product/model/nike-tech-fleece/42653.html
adidas,3 Stripes Slim T Shirt,207650,https://www.footlocker.fr/fr/product/model/adidas-3-stripes-slim-t-shirt/207650.html
adidas,Adibreak Track Tracksuit Bottoms,207651,https://www.footlocker.fr/fr/product/model/adidas-adibreak-track-tracksuit-bottoms/207651.html
Nike,Chill Knit,194609,https://www.footlocker.fr/fr/product/model/nike-chill-knit/194609.html
adidas,Juventus 25 26 Home Kit,206321,https://www.footlocker.fr/fr/product/model/adidas-juventus-25-26-home-kit/206321.html
adidas,Blocked Washed Zipped Track Top,207652,https://www.footlocker.fr/fr/product/model/adidas-blocked-washed-zipped-track-top/207652.html
Jordan,Sport,194608,https://www.footlocker.fr/fr/product/model/jordan-sport/194608.html
adidas,Liverpool Fc 25 26 Home Kit,206322,https://www.footlocker.fr/fr/product/model/adidas-liverpool-fc-25-26-home-kit/206322.html
adidas,Classic Track Top,207653,https://www.footlocker.fr/fr/product/model/adidas-classic-track-top/207653.html
adidas,Liverpool Fc 25 26 Away Kit,206323,https://www.footlocker.fr/fr/product/model/adidas-liverpool-fc-25-26-away-kit/206323.html
adidas,Dress,207654,https://www.footlocker.fr/fr/product/model/adidas-dress/207654.html
adidas,Adicolor Sst Track Suit,206324,https://www.footlocker.fr/fr/product/model/adidas-adicolor-sst-track-suit/206324.html
adidas,Blocked Washed Zipped Tracktop,207655,https://www.footlocker.fr/fr/product/model/adidas-blocked-washed-zipped-tracktop/207655.html
adidas,Knitted Crochet Polo,207656,https://www.footlocker.fr/fr/product/model/adidas-knitted-crochet-polo/207656.html
adidas,Cycling Shorts And Tee Set,206326,https://www.footlocker.fr/fr/product/model/adidas-cycling-shorts-and-tee-set/206326.html
adidas,Knitted Crochet Shorts,207657,https://www.footlocker.fr/fr/product/model/adidas-knitted-crochet-shorts/207657.html
adidas,Mercedes,207647,https://www.footlocker.fr/fr/product/model/adidas-mercedes/207647.html
Lacoste,Serve Slide Dual,189262,https://www.footlocker.fr/fr/product/model/lacoste-serve-slide-dual/189262.html
adidas,Poplin Shorts,207648,https://www.footlocker.fr/fr/product/model/adidas-poplin-shorts/207648.html
adidas,3 Stripes Dress,207649,https://www.footlocker.fr/fr/product/model/adidas-3-stripes-dress/207649.html
Dc,Shoes Court Graffik,189260,https://www.footlocker.fr/fr/product/model/dc-shoes-court-graffik/189260.html
Nike,Tech Colorblock,183125,https://www.footlocker.fr/fr/product/model/nike-tech-colorblock/183125.html
Nike,Tech Colorblock,183129,https://www.footlocker.fr/fr/product/model/nike-tech-colorblock/183129.html
adidas,Firebird Adilenium Track Pant,207661,https://www.footlocker.fr/fr/product/model/adidas-firebird-adilenium-track-pant/207661.html
Jordan,Retro 4,180092,https://www.footlocker.fr/fr/product/model/jordan-retro-4/180092.html
adidas,Liverpool Fc 25 26 Home Mini Kit,206331,https://www.footlocker.fr/fr/product/model/adidas-liverpool-fc-25-26-home-mini-kit/206331.html
adidas,Neuclassics Hoodie,207662,https://www.footlocker.fr/fr/product/model/adidas-neuclassics-hoodie/207662.html
adidas,Liverpool Fc 25 26 Away Mini Kit,206332,https://www.footlocker.fr/fr/product/model/adidas-liverpool-fc-25-26-away-mini-kit/206332.html
adidas,Neuclassics Track Top,207663,https://www.footlocker.fr/fr/product/model/adidas-neuclassics-track-top/207663.html
adidas,Liverpool Fc 25 26 Third Mini Kit,206333,https://www.footlocker.fr/fr/product/model/adidas-liverpool-fc-25-26-third-mini-kit/206333.html
adidas,Poplin Trousers,207664,https://www.footlocker.fr/fr/product/model/adidas-poplin-trousers/207664.html
adidas,Fc Bayern 25 26 Goalkeeper Jersey,206334,https://www.footlocker.fr/fr/product/model/adidas-fc-bayern-25-26-goalkeeper-jersey/206334.html
Nike,Air Max Tuned 1 Manchester,208997,https://www.footlocker.fr/fr/product/model/nike-air-max-tuned-1-manchester/208997.html
adidas,Real Madrid 25 26 Home Jersey,206335,https://www.footlocker.fr/fr/product/model/adidas-real-madrid-25-26-home-jersey/206335.html
Nike,Air Max Tuned 1 Manchester,208996,https://www.footlocker.fr/fr/product/model/nike-air-max-tuned-1-manchester/208996.html
Nike,Zoom Vomero 5,180099,https://www.footlocker.fr/fr/product/model/nike-zoom-vomero-5/180099.html
adidas,Real Madrid 25 26 Home Goalkeeper Jersey,206336,https://www.footlocker.fr/fr/product/model/adidas-real-madrid-25-26-home-goalkeeper-jersey/206336.html
adidas,Firebird Adilenium Track Top,207667,https://www.footlocker.fr/fr/product/model/adidas-firebird-adilenium-track-top/207667.html
adidas,Liverpool Fc 25 26 Third Shorts,206337,https://www.footlocker.fr/fr/product/model/adidas-liverpool-fc-25-26-third-shorts/206337.html
adidas,Poplin Shirt,207668,https://www.footlocker.fr/fr/product/model/adidas-poplin-shirt/207668.html
Nike,Blur,205006,https://www.footlocker.fr/fr/product/model/nike-blur/205006.html
adidas,Knitted Crochet Firebird Track Pants,207658,https://www.footlocker.fr/fr/product/model/adidas-knitted-crochet-firebird-track-pants/207658.html
adidas,Juventus 25 26 Home Mini Kit,206328,https://www.footlocker.fr/fr/product/model/adidas-juventus-25-26-home-mini-kit/206328.html
adidas,Firebird Loose Track Tracksuit Bottoms,207659,https://www.footlocker.fr/fr/product/model/adidas-firebird-loose-track-tracksuit-bottoms/207659.html
adidas,Real Madrid 25 26 Home Mini Kit,206329,https://www.footlocker.fr/fr/product/model/adidas-real-madrid-25-26-home-mini-kit/206329.html
Crep,Protect Cleaning Wipes,172466,https://www.footlocker.fr/fr/product/model/crep-protect-cleaning-wipes/172466.html
Converse,Chuck Taylor All Star Lift Ox,176824,https://www.footlocker.fr/fr/product/model/converse-chuck-taylor-all-star-lift-ox/176824.html
adidas,Essentials,192071,https://www.footlocker.fr/fr/product/model/adidas-essentials/192071.html
Puma,Rs X Efekt,197762,https://www.footlocker.fr/fr/product/model/puma-rs-x-efekt/197762.html
adidas,Sst T Shirt,207670,https://www.footlocker.fr/fr/product/model/adidas-sst-t-shirt/207670.html
Nike,Swoosh Air Run,179094,https://www.footlocker.fr/fr/product/model/nike-swoosh-air-run/179094.html
adidas,Hoodie,206340,https://www.footlocker.fr/fr/product/model/adidas-hoodie/206340.html
adidas,Sst Classic Track Tracksuit Bottoms,207671,https://www.footlocker.fr/fr/product/model/adidas-sst-classic-track-tracksuit-bottoms/207671.html
adidas,Liverpool Fc Terrace Icons Jersey,206341,https://www.footlocker.fr/fr/product/model/adidas-liverpool-fc-terrace-icons-jersey/206341.html
adidas,Essentials 3 Stripes Parachute Bottoms,207672,https://www.footlocker.fr/fr/product/model/adidas-essentials-3-stripes-parachute-bottoms/207672.html
Nike,Tech Woven,179092,https://www.footlocker.fr/fr/product/model/nike-tech-woven/179092.html
adidas,Juventus 25 26 Third Shorts,206342,https://www.footlocker.fr/fr/product/model/adidas-juventus-25-26-third-shorts/206342.html
adidas,Essentials Logo Fleece Barrel Pants,207673,https://www.footlocker.fr/fr/product/model/adidas-essentials-logo-fleece-barrel-pants/207673.html
adidas,Fc Bayern 25 26 Away Shorts,206343,https://www.footlocker.fr/fr/product/model/adidas-fc-bayern-25-26-away-shorts/206343.html
adidas,Adidas Z N E Track Top,207674,https://www.footlocker.fr/fr/product/model/adidas-adidas-z-n-e-track-top/207674.html
adidas,Pleather Mini Skirt,207675,https://www.footlocker.fr/fr/product/model/adidas-pleather-mini-skirt/207675.html
adidas,Santiago Woven Track Top,207676,https://www.footlocker.fr/fr/product/model/adidas-santiago-woven-track-top/207676.html
adidas,Sst Classic Track Top,207677,https://www.footlocker.fr/fr/product/model/adidas-sst-classic-track-top/207677.html
adidas,Firebird Track Top Denim,207678,https://www.footlocker.fr/fr/product/model/adidas-firebird-track-top-denim/207678.html
adidas,Firebird Adilenium Track Top Denim,207679,https://www.footlocker.fr/fr/product/model/adidas-firebird-adilenium-track-top-denim/207679.html
adidas,Santiago Woven Shorts,207669,https://www.footlocker.fr/fr/product/model/adidas-santiago-woven-shorts/207669.html
adidas,Classic 3 Bar Logo Backpack,205011,https://www.footlocker.fr/fr/product/model/adidas-classic-3-bar-logo-backpack/205011.html
adidas,X Jeremy Scott Backpack,205010,https://www.footlocker.fr/fr/product/model/adidas-x-jeremy-scott-backpack/205010.html
Project,X Paris Utility,192089,https://www.footlocker.fr/fr/product/model/project-x-paris-utility/192089.html
adidas,Sst Tracksuit,207681,https://www.footlocker.fr/fr/product/model/adidas-sst-tracksuit/207681.html
adidas,Campus 00S,180073,https://www.footlocker.fr/fr/product/model/adidas-campus-00s/180073.html
New Balance,Fresh Foam X Evoz V4,206354,https://www.footlocker.fr/fr/product/model/new-balance-fresh-foam-x-evoz-v4/206354.html
adidas,Boxy Crew Set,207685,https://www.footlocker.fr/fr/product/model/adidas-boxy-crew-set/207685.html
New Balance,Fresh Foam X More V6,206355,https://www.footlocker.fr/fr/product/model/new-balance-fresh-foam-x-more-v6/206355.html
adidas,Disney Crew Flared Leggings Set,207686,https://www.footlocker.fr/fr/product/model/adidas-disney-crew-flared-leggings-set/207686.html
adidas,Firebird Dress,207687,https://www.footlocker.fr/fr/product/model/adidas-firebird-dress/207687.html
New Balance,Fuelcell Propel V5,206357,https://www.footlocker.fr/fr/product/model/new-balance-fuelcell-propel-v5/206357.html
adidas,Disney Firebird Track Suit,207688,https://www.footlocker.fr/fr/product/model/adidas-disney-firebird-track-suit/207688.html
Nike,Dunk Low Next Nature,180077,https://www.footlocker.fr/fr/product/model/nike-dunk-low-next-nature/180077.html
adidas,Minecraft Loose Crew Set,207689,https://www.footlocker.fr/fr/product/model/adidas-minecraft-loose-crew-set/207689.html
Crep,Protect Flat Laces,47518,https://www.footlocker.fr/fr/product/model/crep-protect-flat-laces/47518.html
Timberland,Euro Trekker,197747,https://www.footlocker.fr/fr/product/model/timberland-euro-trekker/197747.html
Nike,Futura Aop,150215,https://www.footlocker.fr/fr/product/model/nike-futura-aop/150215.html
Puma,Essentials Tape,192050,https://www.footlocker.fr/fr/product/model/puma-essentials-tape/192050.html
Puma,Pumatech,192052,https://www.footlocker.fr/fr/product/model/puma-pumatech/192052.html
Puma,Pumatech,192054,https://www.footlocker.fr/fr/product/model/puma-pumatech/192054.html
Under,Armour Tech,192055,https://www.footlocker.fr/fr/product/model/under-armour-tech/192055.html
Hoka,Clifton 10,188808,https://www.footlocker.fr/fr/product/model/hoka-clifton-10/188808.html
adidas,Minecraft Oversized Short Tee Set,207690,https://www.footlocker.fr/fr/product/model/adidas-minecraft-oversized-short-tee-set/207690.html
adidas,Disney Short T Shirt Set,207691,https://www.footlocker.fr/fr/product/model/adidas-disney-short-t-shirt-set/207691.html
adidas,Originals X Liberty London Skirt Tee Set,207692,https://www.footlocker.fr/fr/product/model/adidas-originals-x-liberty-london-skirt-tee-set/207692.html
adidas,Gazelle Indoor,188804,https://www.footlocker.fr/fr/product/model/adidas-gazelle-indoor/188804.html
adidas,Minecraft Sst Tracksuit,207693,https://www.footlocker.fr/fr/product/model/adidas-minecraft-sst-tracksuit/207693.html
adidas,Sst Tracksuit,207694,https://www.footlocker.fr/fr/product/model/adidas-sst-tracksuit/207694.html
Timberland,Motion 6 Ox,197757,https://www.footlocker.fr/fr/product/model/timberland-motion-6-ox/197757.html
Puma,Rs X,197758,https://www.footlocker.fr/fr/product/model/puma-rs-x/197758.html
Ugg,Ca78 Tasman,172476,https://www.footlocker.fr/fr/product/model/ugg-ca78-tasman/172476.html
Asics,Gel Kayano 14,193396,https://www.footlocker.fr/fr/product/model/asics-gel-kayano-14/193396.html
New Balance,9060,159459,https://www.footlocker.fr/fr/product/model/new-balance-9060/159459.html
adidas,T Shirt,179067,https://www.footlocker.fr/fr/product/model/adidas-t-shirt/179067.html
Nike,Club Fleece Wide Leg Trousers,209400,https://www.footlocker.fr/fr/product/model/nike-club-fleece-wide-leg-trousers/209400.html
Nike,Dri Fit Hooded Tracksuit,209402,https://www.footlocker.fr/fr/product/model/nike-dri-fit-hooded-tracksuit/209402.html
Nike,Woven Tracksuit,209401,https://www.footlocker.fr/fr/product/model/nike-woven-tracksuit/209401.html
Nike,Club Fleece Hooded Tracksuit,209403,https://www.footlocker.fr/fr/product/model/nike-club-fleece-hooded-tracksuit/209403.html
Nike,Tech Fleece Shorts,209406,https://www.footlocker.fr/fr/product/model/nike-tech-fleece-shorts/209406.html
Project,X Paris Signature,192035,https://www.footlocker.fr/fr/product/model/project-x-paris-signature/192035.html
Hoka,Kawana 2,173758,https://www.footlocker.fr/fr/product/model/hoka-kawana-2/173758.html
Puma,Shibui Cat,197725,https://www.footlocker.fr/fr/product/model/puma-shibui-cat/197725.html
Hoka,Clifton 9,173753,https://www.footlocker.fr/fr/product/model/hoka-clifton-9/173753.html
Under,Armour Unstoppable,192039,https://www.footlocker.fr/fr/product/model/under-armour-unstoppable/192039.html
Hoka,Clifton Ls,173754,https://www.footlocker.fr/fr/product/model/hoka-clifton-ls/173754.html
Birkenstock,Boston,205044,https://www.footlocker.fr/fr/product/model/birkenstock-boston/205044.html
adidas,Ultraboost,159462,https://www.footlocker.fr/fr/product/model/adidas-ultraboost/159462.html
Salomon,Xt Whisper,194690,https://www.footlocker.fr/fr/product/model/salomon-xt-whisper/194690.html
Birkenstock,Arizona,205042,https://www.footlocker.fr/fr/product/model/birkenstock-arizona/205042.html
Hoka,Bondi 8,173751,https://www.footlocker.fr/fr/product/model/hoka-bondi-8/173751.html
New Balance,480,160437,https://www.footlocker.fr/fr/product/model/new-balance-480/160437.html
Crocs,Classic Clog,158119,https://www.footlocker.fr/fr/product/model/crocs-classic-clog/158119.html
Nike,Windrunner Denim Jacket,209412,https://www.footlocker.fr/fr/product/model/nike-windrunner-denim-jacket/209412.html
Nike,Miler Dri Fit Training Shorts,209414,https://www.footlocker.fr/fr/product/model/nike-miler-dri-fit-training-shorts/209414.html
New Balance,Wrpd,180066,https://www.footlocker.fr/fr/product/model/new-balance-wrpd/180066.html
Nike,Tech Fleece Open Hem Trousers,209417,https://www.footlocker.fr/fr/product/model/nike-tech-fleece-open-hem-trousers/209417.html
New Balance,Rc42,180065,https://www.footlocker.fr/fr/product/model/new-balance-rc42/180065.html
Nike,Windrunner Hooded Repel Jacket,209416,https://www.footlocker.fr/fr/product/model/nike-windrunner-hooded-repel-jacket/209416.html
Under,Armour Essentials,192046,https://www.footlocker.fr/fr/product/model/under-armour-essentials/192046.html
Nike,Tech Fleece Full Zip Hoodie,209408,https://www.footlocker.fr/fr/product/model/nike-tech-fleece-full-zip-hoodie/209408.html
Under,Armour Storm,192047,https://www.footlocker.fr/fr/product/model/under-armour-storm/192047.html
Nike,Tech Fleece Oversized Pullover Hoodie,209407,https://www.footlocker.fr/fr/product/model/nike-tech-fleece-oversized-pullover-hoodie/209407.html
Under,Armour Storm,192048,https://www.footlocker.fr/fr/product/model/under-armour-storm/192048.html
Nike,Long Sleeve Mesh Jersey,209409,https://www.footlocker.fr/fr/product/model/nike-long-sleeve-mesh-jersey/209409.html
Jordan,1 Mid,78632,https://www.footlocker.fr/fr/product/model/jordan-1-mid/78632.html
adidas,Essential,179049,https://www.footlocker.fr/fr/product/model/adidas-essential/179049.html
Under,Armour Unstoppable,192045,https://www.footlocker.fr/fr/product/model/under-armour-unstoppable/192045.html
adidas,Firebird,185725,https://www.footlocker.fr/fr/product/model/adidas-firebird/185725.html
adidas,Adicolor Superstar,147496,https://www.footlocker.fr/fr/product/model/adidas-adicolor-superstar/147496.html
Puma,Slipstream Hi,197708,https://www.footlocker.fr/fr/product/model/puma-slipstream-hi/197708.html
adidas,Spain Away Anthem Jacket,210408,https://www.footlocker.fr/fr/product/model/adidas-spain-away-anthem-jacket/210408.html
adidas,Germany Away Anthem Jacket,210407,https://www.footlocker.fr/fr/product/model/adidas-germany-away-anthem-jacket/210407.html
adidas,Belgium 26 Away Shorts,210406,https://www.footlocker.fr/fr/product/model/adidas-belgium-26-away-shorts/210406.html
Nike,Club Hbr Energy,205069,https://www.footlocker.fr/fr/product/model/nike-club-hbr-energy/205069.html
adidas,Germany 26 Away Shorts,210405,https://www.footlocker.fr/fr/product/model/adidas-germany-26-away-shorts/210405.html
Puma,180,197706,https://www.footlocker.fr/fr/product/model/puma-180/197706.html
Birkenstock,Arizona,205067,https://www.footlocker.fr/fr/product/model/birkenstock-arizona/205067.html
adidas,Arsenal Fc,192019,https://www.footlocker.fr/fr/product/model/adidas-arsenal-fc/192019.html
Birkenstock,Boston,205066,https://www.footlocker.fr/fr/product/model/birkenstock-boston/205066.html
Puma,Ca Pro Glitch,197705,https://www.footlocker.fr/fr/product/model/puma-ca-pro-glitch/197705.html
Birkenstock,Arizona Eva,205065,https://www.footlocker.fr/fr/product/model/birkenstock-arizona-eva/205065.html
adidas,Italy Away Anthem Jacket,210409,https://www.footlocker.fr/fr/product/model/adidas-italy-away-anthem-jacket/210409.html
Birkenstock,Arizona,205064,https://www.footlocker.fr/fr/product/model/birkenstock-arizona/205064.html
adidas,Hungary 26 Away Jersey,210400,https://www.footlocker.fr/fr/product/model/adidas-hungary-26-away-jersey/210400.html
Birkenstock,Boston,205063,https://www.footlocker.fr/fr/product/model/birkenstock-boston/205063.html
adidas,Sweden 26 Away Jersey,210404,https://www.footlocker.fr/fr/product/model/adidas-sweden-26-away-jersey/210404.html
Puma,Speedcat Mid,193341,https://www.footlocker.fr/fr/product/model/puma-speedcat-mid/193341.html
adidas,Spain 26 Away Youth Kit,210403,https://www.footlocker.fr/fr/product/model/adidas-spain-26-away-youth-kit/210403.html
Nike,Air Max 90,159486,https://www.footlocker.fr/fr/product/model/nike-air-max-90/159486.html
New Balance,740,193343,https://www.footlocker.fr/fr/product/model/new-balance-740/193343.html
adidas,Belgium 26 Away Jersey,210401,https://www.footlocker.fr/fr/product/model/adidas-belgium-26-away-jersey/210401.html
adidas,Originals X Liberty London,185734,https://www.footlocker.fr/fr/product/model/adidas-originals-x-liberty-london/185734.html
Jordan,Flight,146172,https://www.footlocker.fr/fr/product/model/jordan-flight/146172.html
New Balance,Ct302,160452,https://www.footlocker.fr/fr/product/model/new-balance-ct302/160452.html
adidas,Teamgeist,185731,https://www.footlocker.fr/fr/product/model/adidas-teamgeist/185731.html
Under,Armour Rival Woven,208107,https://www.footlocker.fr/fr/product/model/under-armour-rival-woven/208107.html
adidas,Ultraboost Light 2 0 Gore Tex,194687,https://www.footlocker.fr/fr/product/model/adidas-ultraboost-light-2-0-gore-tex/194687.html
Converse,Chuck Taylor Throwback Low,210418,https://www.footlocker.fr/fr/product/model/converse-chuck-taylor-throwback-low/210418.html
Converse,Chuck Taylor Throwback Hi,210417,https://www.footlocker.fr/fr/product/model/converse-chuck-taylor-throwback-hi/210417.html
adidas,Manchester United,192027,https://www.footlocker.fr/fr/product/model/adidas-manchester-united/192027.html
adidas,Manchester United,192028,https://www.footlocker.fr/fr/product/model/adidas-manchester-united/192028.html
adidas,Arsenal Fc,192029,https://www.footlocker.fr/fr/product/model/adidas-arsenal-fc/192029.html
Puma,Slipstream,197715,https://www.footlocker.fr/fr/product/model/puma-slipstream/197715.html
adidas,Megaride O1 W,186118,https://www.footlocker.fr/fr/product/model/adidas-megaride-o1-w/186118.html
Jordan,Session,202808,https://www.footlocker.fr/fr/product/model/jordan-session/202808.html
adidas,Taekwondo W,186117,https://www.footlocker.fr/fr/product/model/adidas-taekwondo-w/186117.html
Jordan,Retro 6 Infrared Salesman,209444,https://www.footlocker.fr/fr/product/model/jordan-retro-6-infrared-salesman/209444.html
adidas,Handball Spezial,179819,https://www.footlocker.fr/fr/product/model/adidas-handball-spezial/179819.html
New Balance,Fresh Foam X Hierro Hiker Gore Tex,205084,https://www.footlocker.fr/fr/product/model/new-balance-fresh-foam-x-hierro-hiker-gore-tex/205084.html
adidas,Italia 70S,205082,https://www.footlocker.fr/fr/product/model/adidas-italia-70s/205082.html
Nike,Fuel Jug,210426,https://www.footlocker.fr/fr/product/model/nike-fuel-jug/210426.html
adidas,Sl 72 Og,186128,https://www.footlocker.fr/fr/product/model/adidas-sl-72-og/186128.html
Puma,H Street Og,202817,https://www.footlocker.fr/fr/product/model/puma-h-street-og/202817.html
Jordan,Retro 6 Infrared Salesman,209451,https://www.footlocker.fr/fr/product/model/jordan-retro-6-infrared-salesman/209451.html
Puma,Speedcat Ballet,202818,https://www.footlocker.fr/fr/product/model/puma-speedcat-ballet/202818.html
Timberland,Boat Shoe,208122,https://www.footlocker.fr/fr/product/model/timberland-boat-shoe/208122.html
Birkenstock,Boston Suede,208127,https://www.footlocker.fr/fr/product/model/birkenstock-boston-suede/208127.html
adidas,Samba Lt,186126,https://www.footlocker.fr/fr/product/model/adidas-samba-lt/186126.html
Nike,Zoom Vomero 5 Premium,202810,https://www.footlocker.fr/fr/product/model/nike-zoom-vomero-5-premium/202810.html
Puma,Suede Xl,179803,https://www.footlocker.fr/fr/product/model/puma-suede-xl/179803.html
Under,Armour Woven Workmark,171086,https://www.footlocker.fr/fr/product/model/under-armour-woven-workmark/171086.html
Under,Armour Vanish,171085,https://www.footlocker.fr/fr/product/model/under-armour-vanish/171085.html
Mizuno,X Vrunk Wave Prophecy Ls,210431,https://www.footlocker.fr/fr/product/model/mizuno-x-vrunk-wave-prophecy-ls/210431.html
Under,Armour Hg Fitted,171083,https://www.footlocker.fr/fr/product/model/under-armour-hg-fitted/171083.html
adidas,X Moon Boot Ace Mid,205093,https://www.footlocker.fr/fr/product/model/adidas-x-moon-boot-ace-mid/205093.html
Nike,Victori One Slide,122908,https://www.footlocker.fr/fr/product/model/nike-victori-one-slide/122908.html
adidas,Superstar Ii,188753,https://www.footlocker.fr/fr/product/model/adidas-superstar-ii/188753.html
Nike,Air Alpha Force,162166,https://www.footlocker.fr/fr/product/model/nike-air-alpha-force/162166.html
Jordan,See Me Shine,183065,https://www.footlocker.fr/fr/product/model/jordan-see-me-shine/183065.html
Nike,Club,183070,https://www.footlocker.fr/fr/product/model/nike-club/183070.html
Nike,Sunray Protect 4,199400,https://www.footlocker.fr/fr/product/model/nike-sunray-protect-4/199400.html
adidas,Firebird,178504,https://www.footlocker.fr/fr/product/model/adidas-firebird/178504.html
Jordan,Aj3 Retro Spring Flowers,210448,https://www.footlocker.fr/fr/product/model/jordan-aj3-retro-spring-flowers/210448.html
Lckr,Moswood,155880,https://www.footlocker.fr/fr/product/model/lckr-moswood/155880.html
Nike,Dunk Low Gore Tex,208143,https://www.footlocker.fr/fr/product/model/nike-dunk-low-gore-tex/208143.html
Jordan,Air Mvp 92,208144,https://www.footlocker.fr/fr/product/model/jordan-air-mvp-92/208144.html
Nike,Kd 18 Prm,208145,https://www.footlocker.fr/fr/product/model/nike-kd-18-prm/208145.html
Nike,Shox Nz,208148,https://www.footlocker.fr/fr/product/model/nike-shox-nz/208148.html
Vans,Authentic,141239,https://www.footlocker.fr/fr/product/model/vans-authentic/141239.html
adidas,Gazelle Bold,179821,https://www.footlocker.fr/fr/product/model/adidas-gazelle-bold/179821.html
adidas,Campus 00S,179820,https://www.footlocker.fr/fr/product/model/adidas-campus-00s/179820.html
Nike,Total 90,208150,https://www.footlocker.fr/fr/product/model/nike-total-90/208150.html
Nike,Ld 1000 Premium,208151,https://www.footlocker.fr/fr/product/model/nike-ld-1000-premium/208151.html
Nike,Total 90 Premium,208152,https://www.footlocker.fr/fr/product/model/nike-total-90-premium/208152.html
Nike,Classic Backpack,209484,https://www.footlocker.fr/fr/product/model/nike-classic-backpack/209484.html
Nike,Ava Rover Reflective,208153,https://www.footlocker.fr/fr/product/model/nike-ava-rover-reflective/208153.html
Nike,Total 90 Premium Tiempo,208154,https://www.footlocker.fr/fr/product/model/nike-total-90-premium-tiempo/208154.html
Nike,Air Max Ltd 3,208155,https://www.footlocker.fr/fr/product/model/nike-air-max-ltd-3/208155.html
Jordan,Hydro Vi Retro,208157,https://www.footlocker.fr/fr/product/model/jordan-hydro-vi-retro/208157.html
Nike,Vomero 5,202844,https://www.footlocker.fr/fr/product/model/nike-vomero-5/202844.html
Jordan,City,208158,https://www.footlocker.fr/fr/product/model/jordan-city/208158.html
Nike,Futura Aop,183046,https://www.footlocker.fr/fr/product/model/nike-futura-aop/183046.html
New Balance,370,184378,https://www.footlocker.fr/fr/product/model/new-balance-370/184378.html
Nike,Sunray Protect 4,202843,https://www.footlocker.fr/fr/product/model/nike-sunray-protect-4/202843.html
Nike,Essential,183044,https://www.footlocker.fr/fr/product/model/nike-essential/183044.html
Nike,Tech Colorblock,183045,https://www.footlocker.fr/fr/product/model/nike-tech-colorblock/183045.html
Jordan,4 Rm,202850,https://www.footlocker.fr/fr/product/model/jordan-4-rm/202850.html
Nike,Club,107327,https://www.footlocker.fr/fr/product/model/nike-club/107327.html
adidas,3 Stripes,43097,https://www.footlocker.fr/fr/product/model/adidas-3-stripes/43097.html
Nike,Air Max Sndr,208160,https://www.footlocker.fr/fr/product/model/nike-air-max-sndr/208160.html
Nike,Air Max Sndr Gore Tex,208161,https://www.footlocker.fr/fr/product/model/nike-air-max-sndr-gore-tex/208161.html
Nike,Air Superfly,208162,https://www.footlocker.fr/fr/product/model/nike-air-superfly/208162.html
Nike,Air Max Moto 2K Reflective,208164,https://www.footlocker.fr/fr/product/model/nike-air-max-moto-2k-reflective/208164.html
Jordan,1 Low Se,202859,https://www.footlocker.fr/fr/product/model/jordan-1-low-se/202859.html
Nike,Zoom Vomero Roam Winterized,208165,https://www.footlocker.fr/fr/product/model/nike-zoom-vomero-roam-winterized/208165.html
Nike,Ld 1000 Suede,208167,https://www.footlocker.fr/fr/product/model/nike-ld-1000-suede/208167.html
adidas,Megaride F50,208168,https://www.footlocker.fr/fr/product/model/adidas-megaride-f50/208168.html
Jordan,Mvp 92,202855,https://www.footlocker.fr/fr/product/model/jordan-mvp-92/202855.html
adidas,Jabbar Hi,208169,https://www.footlocker.fr/fr/product/model/adidas-jabbar-hi/208169.html
Nike,V5 Rnr,202856,https://www.footlocker.fr/fr/product/model/nike-v5-rnr/202856.html
Nike,Vomero 5,202854,https://www.footlocker.fr/fr/product/model/nike-vomero-5/202854.html
Nike,Essential,183055,https://www.footlocker.fr/fr/product/model/nike-essential/183055.html
Nike,Tech Colorblock,183056,https://www.footlocker.fr/fr/product/model/nike-tech-colorblock/183056.html
Jordan,Mvp 92,202860,https://www.footlocker.fr/fr/product/model/jordan-mvp-92/202860.html
adidas,Predator Sala,195038,https://www.footlocker.fr/fr/product/model/adidas-predator-sala/195038.html
Puma,Easy Rider,197693,https://www.footlocker.fr/fr/product/model/puma-easy-rider/197693.html
adidas,Megaride S2,195037,https://www.footlocker.fr/fr/product/model/adidas-megaride-s2/195037.html
adidas,Essentials,171043,https://www.footlocker.fr/fr/product/model/adidas-essentials/171043.html
adidas,Jabbar Lo,208170,https://www.footlocker.fr/fr/product/model/adidas-jabbar-lo/208170.html
New Balance,1906,210491,https://www.footlocker.fr/fr/product/model/new-balance-1906/210491.html
Timberland,6 Inch Low,210490,https://www.footlocker.fr/fr/product/model/timberland-6-inch-low/210490.html
Jordan,Sky,183026,https://www.footlocker.fr/fr/product/model/jordan-sky/183026.html
adidas,Gazelle Indoor,184358,https://www.footlocker.fr/fr/product/model/adidas-gazelle-indoor/184358.html
adidas,Harden Volume 10,208172,https://www.footlocker.fr/fr/product/model/adidas-harden-volume-10/208172.html
Foot,Locker 3 Pack Active Dry Quarter,46105,https://www.footlocker.fr/fr/product/model/foot-locker-3-pack-active-dry-quarter/46105.html
Foot,Locker 3 Pack Active Dry Crew,46106,https://www.footlocker.fr/fr/product/model/foot-locker-3-pack-active-dry-crew/46106.html
Nike,Calm Elevation,208174,https://www.footlocker.fr/fr/product/model/nike-calm-elevation/208174.html
Foot,Locker 3 Pack Active Dry No Show,46103,https://www.footlocker.fr/fr/product/model/foot-locker-3-pack-active-dry-no-show/46103.html
Foot,Locker 3 Pack Active Dry Low Cut,46104,https://www.footlocker.fr/fr/product/model/foot-locker-3-pack-active-dry-low-cut/46104.html
New Balance,2010,210492,https://www.footlocker.fr/fr/product/model/new-balance-2010/210492.html
Foot,Locker 3 Pack Active Dry Invisible,46102,https://www.footlocker.fr/fr/product/model/foot-locker-3-pack-active-dry-invisible/46102.html
Jordan,Sky,183024,https://www.footlocker.fr/fr/product/model/jordan-sky/183024.html
Jordan,Session,202862,https://www.footlocker.fr/fr/product/model/jordan-session/202862.html
Jordan,4 Rm,202863,https://www.footlocker.fr/fr/product/model/jordan-4-rm/202863.html
adidas,Ankle 3 Pack,116275,https://www.footlocker.fr/fr/product/model/adidas-ankle-3-pack/116275.html
New Balance,Abzorb 2000,210488,https://www.footlocker.fr/fr/product/model/new-balance-abzorb-2000/210488.html
New Balance,1906,210487,https://www.footlocker.fr/fr/product/model/new-balance-1906/210487.html
New Balance,550,122947,https://www.footlocker.fr/fr/product/model/new-balance-550/122947.html
Converse,Ctas Elements Mule Low,198995,https://www.footlocker.fr/fr/product/model/converse-ctas-elements-mule-low/198995.html
Lacoste,Diamond Weave,175430,https://www.footlocker.fr/fr/product/model/lacoste-diamond-weave/175430.html
New Balance,2010,210489,https://www.footlocker.fr/fr/product/model/new-balance-2010/210489.html
Jordan,Aj1 Low Craft,208181,https://www.footlocker.fr/fr/product/model/jordan-aj1-low-craft/208181.html
Nike,Vomero 5 Reflective,208182,https://www.footlocker.fr/fr/product/model/nike-vomero-5-reflective/208182.html
Jordan,Diamond,183038,https://www.footlocker.fr/fr/product/model/jordan-diamond/183038.html
adidas,Adicolor Oversize Full Zip Hoodie,205909,https://www.footlocker.fr/fr/product/model/adidas-adicolor-oversize-full-zip-hoodie/205909.html
adidas,Arsenal Fc 26 Pre Match Jersey,208186,https://www.footlocker.fr/fr/product/model/adidas-arsenal-fc-26-pre-match-jersey/208186.html
adidas,Liverpool Fc Us Pack Shirt,205907,https://www.footlocker.fr/fr/product/model/adidas-liverpool-fc-us-pack-shirt/205907.html
adidas,Arsenal Tiro 25 Training Jersey,208187,https://www.footlocker.fr/fr/product/model/adidas-arsenal-tiro-25-training-jersey/208187.html
adidas,Trefoil Essentials Long Sleeve Top,205906,https://www.footlocker.fr/fr/product/model/adidas-trefoil-essentials-long-sleeve-top/205906.html
adidas,Fc Bayern Ss26 Pre Match Jersey,208188,https://www.footlocker.fr/fr/product/model/adidas-fc-bayern-ss26-pre-match-jersey/208188.html
Nike,Dunk Low,130547,https://www.footlocker.fr/fr/product/model/nike-dunk-low/130547.html
adidas,Trefoil Essentials Open Hem Joggers,205905,https://www.footlocker.fr/fr/product/model/adidas-trefoil-essentials-open-hem-joggers/205905.html
adidas,Manchester United 25 26 Pre Match Jersey,208189,https://www.footlocker.fr/fr/product/model/adidas-manchester-united-25-26-pre-match-jersey/208189.html
adidas,Premium Essentials T Shirt,205902,https://www.footlocker.fr/fr/product/model/adidas-premium-essentials-t-shirt/205902.html
Nike,Club Sherpa,183035,https://www.footlocker.fr/fr/product/model/nike-club-sherpa/183035.html
adidas,Inter Miami Cf 25 26 Third Messi Jersey,205900,https://www.footlocker.fr/fr/product/model/adidas-inter-miami-cf-25-26-third-messi-jersey/205900.html
Jordan,1 Low,66606,https://www.footlocker.fr/fr/product/model/jordan-1-low/66606.html
Nike,Tech Woven,183034,https://www.footlocker.fr/fr/product/model/nike-tech-woven/183034.html
Lacoste,Interlock,175429,https://www.footlocker.fr/fr/product/model/lacoste-interlock/175429.html
Lacoste,Interlock,175428,https://www.footlocker.fr/fr/product/model/lacoste-interlock/175428.html
Lacoste,Diamond Weave,175427,https://www.footlocker.fr/fr/product/model/lacoste-diamond-weave/175427.html
New Balance,1906R,172397,https://www.footlocker.fr/fr/product/model/new-balance-1906r/172397.html
Nike,Dunk Low,107317,https://www.footlocker.fr/fr/product/model/nike-dunk-low/107317.html
Puma,Palermo,176751,https://www.footlocker.fr/fr/product/model/puma-palermo/176751.html
Nike,Pegasus 41 Road Running,208180,https://www.footlocker.fr/fr/product/model/nike-pegasus-41-road-running/208180.html
adidas,Amg Petronas F1 Silver Arrows Icon Polo,208192,https://www.footlocker.fr/fr/product/model/adidas-amg-petronas-f1-silver-arrows-icon-polo/208192.html
adidas,Amg Camo Short Sleeve T Shirt,208193,https://www.footlocker.fr/fr/product/model/adidas-amg-camo-short-sleeve-t-shirt/208193.html
Nike,Tech Fleece,43972,https://www.footlocker.fr/fr/product/model/nike-tech-fleece/43972.html
adidas,Amg Washed Hoodie,208194,https://www.footlocker.fr/fr/product/model/adidas-amg-washed-hoodie/208194.html
Hoka,Transport Gtx,180897,https://www.footlocker.fr/fr/product/model/hoka-transport-gtx/180897.html
adidas,Essentials Slim T Shirt,205919,https://www.footlocker.fr/fr/product/model/adidas-essentials-slim-t-shirt/205919.html
Jordan,Flight Club Long Sleeve T Shirt,208197,https://www.footlocker.fr/fr/product/model/jordan-flight-club-long-sleeve-t-shirt/208197.html
Nike,Club Joggers,208198,https://www.footlocker.fr/fr/product/model/nike-club-joggers/208198.html
adidas,Trefoil Essentials Shorts,205913,https://www.footlocker.fr/fr/product/model/adidas-trefoil-essentials-shorts/205913.html
adidas,Samba Jane,202887,https://www.footlocker.fr/fr/product/model/adidas-samba-jane/202887.html
adidas,Trefoil Essentials Woven Shorts,205911,https://www.footlocker.fr/fr/product/model/adidas-trefoil-essentials-woven-shorts/205911.html
adidas,Trefoil Essentials Tee,205910,https://www.footlocker.fr/fr/product/model/adidas-trefoil-essentials-tee/205910.html
Ugg,Lowmel,198178,https://www.footlocker.fr/fr/product/model/ugg-lowmel/198178.html
Nike,Air Max Tuned 1 Utility,179898,https://www.footlocker.fr/fr/product/model/nike-air-max-tuned-1-utility/179898.html
Ugg,Classic Ultra Mini,198177,https://www.footlocker.fr/fr/product/model/ugg-classic-ultra-mini/198177.html
Jordan,1 Mid,69684,https://www.footlocker.fr/fr/product/model/jordan-1-mid/69684.html
adidas,Adicolor 3 Stripes Bra Top,205929,https://www.footlocker.fr/fr/product/model/adidas-adicolor-3-stripes-bra-top/205929.html
adidas,Essentials Ribbed Shorts,205928,https://www.footlocker.fr/fr/product/model/adidas-essentials-ribbed-shorts/205928.html
adidas,Adicolor 3 Stripes Mini Skirt,205927,https://www.footlocker.fr/fr/product/model/adidas-adicolor-3-stripes-mini-skirt/205927.html
adidas,Essentials Fleece Loose Joggers,205926,https://www.footlocker.fr/fr/product/model/adidas-essentials-fleece-loose-joggers/205926.html
adidas,Essentials Oversized Sweatshirt,205925,https://www.footlocker.fr/fr/product/model/adidas-essentials-oversized-sweatshirt/205925.html
adidas,Essentials Loose French Terry Hoodie,205924,https://www.footlocker.fr/fr/product/model/adidas-essentials-loose-french-terry-hoodie/205924.html
adidas,Essentials French Terry Shorts,205923,https://www.footlocker.fr/fr/product/model/adidas-essentials-french-terry-shorts/205923.html
Street,Cartel Oversteer,202898,https://www.footlocker.fr/fr/product/model/street-cartel-oversteer/202898.html
adidas,Essentials Boyfriend T Shirt,205922,https://www.footlocker.fr/fr/product/model/adidas-essentials-boyfriend-t-shirt/205922.html
adidas,Essentials Ribbed Tank Top,205921,https://www.footlocker.fr/fr/product/model/adidas-essentials-ribbed-tank-top/205921.html
adidas,Essentials Rib Flared Leggings,205920,https://www.footlocker.fr/fr/product/model/adidas-essentials-rib-flared-leggings/205920.html
adidas,Adicolor 3 Stripes Tank Maxi Dress,205930,https://www.footlocker.fr/fr/product/model/adidas-adicolor-3-stripes-tank-maxi-dress/205930.html
Converse,Ctas Lift Hi,191528,https://www.footlocker.fr/fr/product/model/converse-ctas-lift-hi/191528.html
Jordan,Diamond,186177,https://www.footlocker.fr/fr/product/model/jordan-diamond/186177.html
adidas,Graphic Track Pants,205937,https://www.footlocker.fr/fr/product/model/adidas-graphic-track-pants/205937.html
adidas,Football Inspired Graphic Dress,205936,https://www.footlocker.fr/fr/product/model/adidas-football-inspired-graphic-dress/205936.html
adidas,Adicolor Knit 3 Stripes Skirt,205935,https://www.footlocker.fr/fr/product/model/adidas-adicolor-knit-3-stripes-skirt/205935.html
adidas,Essentials Linear Shorts Oversized,205933,https://www.footlocker.fr/fr/product/model/adidas-essentials-linear-shorts-oversized/205933.html
adidas,Adicolor 3 Stripes Raglan Slim T Shirt,205931,https://www.footlocker.fr/fr/product/model/adidas-adicolor-3-stripes-raglan-slim-t-shirt/205931.html
adidas,Adicolor 3 Stripes Tube Top,205941,https://www.footlocker.fr/fr/product/model/adidas-adicolor-3-stripes-tube-top/205941.html
adidas,Adicolor 3 Stripes Leggings Co,205940,https://www.footlocker.fr/fr/product/model/adidas-adicolor-3-stripes-leggings-co/205940.html
Converse,Ctas 1V Ox,191525,https://www.footlocker.fr/fr/product/model/converse-ctas-1v-ox/191525.html
Jordan,Essentials,133698,https://www.footlocker.fr/fr/product/model/jordan-essentials/133698.html
Converse,Chuck 70 High,183913,https://www.footlocker.fr/fr/product/model/converse-chuck-70-high/183913.html
Converse,All Star Bb Shift Cx,183911,https://www.footlocker.fr/fr/product/model/converse-all-star-bb-shift-cx/183911.html
adidas,Adilenium Season 4 Teamgeist Sheer Jersey,205949,https://www.footlocker.fr/fr/product/model/adidas-adilenium-season-4-teamgeist-sheer-jersey/205949.html
adidas,Adicolor Satin Wide Leg Track Joggers,205948,https://www.footlocker.fr/fr/product/model/adidas-adicolor-satin-wide-leg-track-joggers/205948.html
adidas,Originals Pin Stripe Satin Shorts,205947,https://www.footlocker.fr/fr/product/model/adidas-originals-pin-stripe-satin-shorts/205947.html
adidas,Adicolor Firebird,186186,https://www.footlocker.fr/fr/product/model/adidas-adicolor-firebird/186186.html
adidas,Adicolor Classics 3 Stripes Maxi Dress,205945,https://www.footlocker.fr/fr/product/model/adidas-adicolor-classics-3-stripes-maxi-dress/205945.html
adidas,Adicolor 3 Stripes Slim Sports Jacket,205944,https://www.footlocker.fr/fr/product/model/adidas-adicolor-3-stripes-slim-sports-jacket/205944.html
adidas,Firebird Utility Jorts,205943,https://www.footlocker.fr/fr/product/model/adidas-firebird-utility-jorts/205943.html
adidas,Loose Waffle,205951,https://www.footlocker.fr/fr/product/model/adidas-loose-waffle/205951.html
adidas,Adicolor Superstar,186190,https://www.footlocker.fr/fr/product/model/adidas-adicolor-superstar/186190.html
adidas,Adicolor Superstar,186196,https://www.footlocker.fr/fr/product/model/adidas-adicolor-superstar/186196.html
Nike,Club,186154,https://www.footlocker.fr/fr/product/model/nike-club/186154.html
Puma,Slipstream,198135,https://www.footlocker.fr/fr/product/model/puma-slipstream/198135.html
Ugg,Tazz,198139,https://www.footlocker.fr/fr/product/model/ugg-tazz/198139.html
Nike,Reactx Rejuven8,204636,https://www.footlocker.fr/fr/product/model/nike-reactx-rejuven8/204636.html
Jordan,Aj38,162173,https://www.footlocker.fr/fr/product/model/jordan-aj38/162173.html
Nike,P 6000,204635,https://www.footlocker.fr/fr/product/model/nike-p-6000/204635.html
Jordan,Trunner,79042,https://www.footlocker.fr/fr/product/model/jordan-trunner/79042.html
New Balance,550,141253,https://www.footlocker.fr/fr/product/model/new-balance-550/141253.html
adidas,Firebird,178518,https://www.footlocker.fr/fr/product/model/adidas-firebird/178518.html
adidas,Firebird,178519,https://www.footlocker.fr/fr/product/model/adidas-firebird/178519.html
Puma,Speedcat,186138,https://www.footlocker.fr/fr/product/model/puma-speedcat/186138.html
On,Cloudleap,186149,https://www.footlocker.fr/fr/product/model/on-cloudleap/186149.html
Nike,Standard Issue,204656,https://www.footlocker.fr/fr/product/model/nike-standard-issue/204656.html
Nike,Zoom Vomero 5 Se,180849,https://www.footlocker.fr/fr/product/model/nike-zoom-vomero-5-se/180849.html
New Balance,610,144286,https://www.footlocker.fr/fr/product/model/new-balance-610/144286.html
Converse,Essential Slide Low,205998,https://www.footlocker.fr/fr/product/model/converse-essential-slide-low/205998.html
adidas,Firebird Track Bottoms,207700,https://www.footlocker.fr/fr/product/model/adidas-firebird-track-bottoms/207700.html
adidas,Originals X Liberty London Regular Shorts,207701,https://www.footlocker.fr/fr/product/model/adidas-originals-x-liberty-london-regular-shorts/207701.html
Mizuno,Prophecy Ls,204676,https://www.footlocker.fr/fr/product/model/mizuno-prophecy-ls/204676.html
Mizuno,Mxr,204675,https://www.footlocker.fr/fr/product/model/mizuno-mxr/204675.html
Vans,Authentic,193207,https://www.footlocker.fr/fr/product/model/vans-authentic/193207.html
Jordan,Aj3 Retro,159301,https://www.footlocker.fr/fr/product/model/jordan-aj3-retro/159301.html
On,Cloudzone,186926,https://www.footlocker.fr/fr/product/model/on-cloudzone/186926.html
On,Cloud 6,186927,https://www.footlocker.fr/fr/product/model/on-cloud-6/186927.html
adidas,Adilette Aqua Slides,144292,https://www.footlocker.fr/fr/product/model/adidas-adilette-aqua-slides/144292.html
adidas,Woven Regular Wide Skirt,207711,https://www.footlocker.fr/fr/product/model/adidas-woven-regular-wide-skirt/207711.html
adidas,Fc Bayern 25 26 Third Jersey,207712,https://www.footlocker.fr/fr/product/model/adidas-fc-bayern-25-26-third-jersey/207712.html
adidas,Originals X Liberty London T Shirt,207702,https://www.footlocker.fr/fr/product/model/adidas-originals-x-liberty-london-t-shirt/207702.html
adidas,Liverpool,194543,https://www.footlocker.fr/fr/product/model/adidas-liverpool/194543.html
Puma,Lafrance Rnnr Fast And Furious,203356,https://www.footlocker.fr/fr/product/model/puma-lafrance-rnnr-fast-and-furious/203356.html
adidas,Santiago Sweat Joggers,207703,https://www.footlocker.fr/fr/product/model/adidas-santiago-sweat-joggers/207703.html
Jordan,Spizike Low,204685,https://www.footlocker.fr/fr/product/model/jordan-spizike-low/204685.html
adidas,Minecraft Oversized Knee Length Shorts,207704,https://www.footlocker.fr/fr/product/model/adidas-minecraft-oversized-knee-length-shorts/207704.html
adidas,Originals X Liberty London Balloon Skirt,207705,https://www.footlocker.fr/fr/product/model/adidas-originals-x-liberty-london-balloon-skirt/207705.html
adidas,Sst Loose Jacket,207706,https://www.footlocker.fr/fr/product/model/adidas-sst-loose-jacket/207706.html
adidas,Sst Track Top,207707,https://www.footlocker.fr/fr/product/model/adidas-sst-track-top/207707.html
adidas,Originals X Liberty London Track Bottoms,207708,https://www.footlocker.fr/fr/product/model/adidas-originals-x-liberty-london-track-bottoms/207708.html
adidas,Originals X Liberty London Track Top,207709,https://www.footlocker.fr/fr/product/model/adidas-originals-x-liberty-london-track-top/207709.html
On,Cloudswift 4,186928,https://www.footlocker.fr/fr/product/model/on-cloudswift-4/186928.html
adidas,Liverpool,194542,https://www.footlocker.fr/fr/product/model/adidas-liverpool/194542.html
adidas,Liverpool,194541,https://www.footlocker.fr/fr/product/model/adidas-liverpool/194541.html
adidas,Ozweego,159319,https://www.footlocker.fr/fr/product/model/adidas-ozweego/159319.html
Converse,Chuck Taylor All Star Hi,194518,https://www.footlocker.fr/fr/product/model/converse-chuck-taylor-all-star-hi/194518.html
adidas,Teamgeist,189168,https://www.footlocker.fr/fr/product/model/adidas-teamgeist/189168.html
adidas,Firebird Loose Track Top,207720,https://www.footlocker.fr/fr/product/model/adidas-firebird-loose-track-top/207720.html
adidas,Chile 62 Og Track Top,77492,https://www.footlocker.fr/fr/product/model/adidas-chile-62-og-track-top/77492.html
Puma,Borussia Dortmund Home 25 26,203357,https://www.footlocker.fr/fr/product/model/puma-borussia-dortmund-home-25-26/203357.html
Reebok,Club C 85 Vintage,147327,https://www.footlocker.fr/fr/product/model/reebok-club-c-85-vintage/147327.html
adidas,Fc Bayern 25 26 Away Jersey,207713,https://www.footlocker.fr/fr/product/model/adidas-fc-bayern-25-26-away-jersey/207713.html
Reebok,Court Peak 90,147328,https://www.footlocker.fr/fr/product/model/reebok-court-peak-90/147328.html
Hoka,Speedgoat 6,194510,https://www.footlocker.fr/fr/product/model/hoka-speedgoat-6/194510.html
adidas,Fc Bayern 25 26 Home Jersey,207714,https://www.footlocker.fr/fr/product/model/adidas-fc-bayern-25-26-home-jersey/207714.html
Hoka,Speedgoat 2,194513,https://www.footlocker.fr/fr/product/model/hoka-speedgoat-2/194513.html
adidas,Fc Bayern 25 26 Home Shorts,207715,https://www.footlocker.fr/fr/product/model/adidas-fc-bayern-25-26-home-shorts/207715.html
Hoka,Mafate Three2 Wordmark,194512,https://www.footlocker.fr/fr/product/model/hoka-mafate-three2-wordmark/194512.html
adidas,Arsenal Tiro 25 Competition Jersey,207716,https://www.footlocker.fr/fr/product/model/adidas-arsenal-tiro-25-competition-jersey/207716.html
adidas,Teamgeist,189171,https://www.footlocker.fr/fr/product/model/adidas-teamgeist/189171.html
Asics,Gel Quantum 360 I,194515,https://www.footlocker.fr/fr/product/model/asics-gel-quantum-360-i/194515.html
adidas,Cycling Shorts Lace,207717,https://www.footlocker.fr/fr/product/model/adidas-cycling-shorts-lace/207717.html
adidas,Teamgeist,189170,https://www.footlocker.fr/fr/product/model/adidas-teamgeist/189170.html
Asics,Gel Nyc Rgd,194514,https://www.footlocker.fr/fr/product/model/asics-gel-nyc-rgd/194514.html
adidas,Denim Skirt,207718,https://www.footlocker.fr/fr/product/model/adidas-denim-skirt/207718.html
Converse,Cl98,194517,https://www.footlocker.fr/fr/product/model/converse-cl98/194517.html
adidas,Firebird Loose Jacquard Track Top,207719,https://www.footlocker.fr/fr/product/model/adidas-firebird-loose-jacquard-track-top/207719.html
Asics,Gel Quantum 360 Viii Utility,194516,https://www.footlocker.fr/fr/product/model/asics-gel-quantum-360-viii-utility/194516.html
Jordan,Aj4 Retro,159304,https://www.footlocker.fr/fr/product/model/jordan-aj4-retro/159304.html
New Balance,740,182547,https://www.footlocker.fr/fr/product/model/new-balance-740/182547.html
Nike,Tn Napoli,182540,https://www.footlocker.fr/fr/product/model/nike-tn-napoli/182540.html
adidas,Campus 00S,44514,https://www.footlocker.fr/fr/product/model/adidas-campus-00s/44514.html
adidas,Originals X Liberty London Firebird Track Top,204699,https://www.footlocker.fr/fr/product/model/adidas-originals-x-liberty-london-firebird-track-top/204699.html
Hoka,Ora Primo,194520,https://www.footlocker.fr/fr/product/model/hoka-ora-primo/194520.html
adidas,Megaride,207740,https://www.footlocker.fr/fr/product/model/adidas-megaride/207740.html
Nike,Air Force 1 Low,206414,https://www.footlocker.fr/fr/product/model/nike-air-force-1-low/206414.html
adidas,Samba Jp,203388,https://www.footlocker.fr/fr/product/model/adidas-samba-jp/203388.html
New Balance,530 Bungee,192796,https://www.footlocker.fr/fr/product/model/new-balance-530-bungee/192796.html
adidas,Harden Volume 9,203387,https://www.footlocker.fr/fr/product/model/adidas-harden-volume-9/203387.html
On,Cloudtilt,170523,https://www.footlocker.fr/fr/product/model/on-cloudtilt/170523.html
Hoka,Bondi 9,194508,https://www.footlocker.fr/fr/product/model/hoka-bondi-9/194508.html
Hoka,Mafate Speed 2,194507,https://www.footlocker.fr/fr/product/model/hoka-mafate-speed-2/194507.html
Hoka,Challenger 8,194509,https://www.footlocker.fr/fr/product/model/hoka-challenger-8/194509.html
Nike,Kobe Viii Protro,206421,https://www.footlocker.fr/fr/product/model/nike-kobe-viii-protro/206421.html
Nike,Zoom Freak 6,206424,https://www.footlocker.fr/fr/product/model/nike-zoom-freak-6/206424.html
adidas,Juventus Football Club,189164,https://www.footlocker.fr/fr/product/model/adidas-juventus-football-club/189164.html
Under,Armour Iso Chill Armour Vent,194500,https://www.footlocker.fr/fr/product/model/under-armour-iso-chill-armour-vent/194500.html
Nike,Giannis Immortality 4,206416,https://www.footlocker.fr/fr/product/model/nike-giannis-immortality-4/206416.html
Jordan,Flight Court,206417,https://www.footlocker.fr/fr/product/model/jordan-flight-court/206417.html
Jordan,Tatum 3,206418,https://www.footlocker.fr/fr/product/model/jordan-tatum-3/206418.html
Nike,Air Max Dn,183821,https://www.footlocker.fr/fr/product/model/nike-air-max-dn/183821.html
adidas,Anthony Edwards 1 Low,190119,https://www.footlocker.fr/fr/product/model/adidas-anthony-edwards-1-low/190119.html
Nike,P 6000,206431,https://www.footlocker.fr/fr/product/model/nike-p-6000/206431.html
adidas,Messi,145595,https://www.footlocker.fr/fr/product/model/adidas-messi/145595.html
Nike,Zoom Vomero Roam,206433,https://www.footlocker.fr/fr/product/model/nike-zoom-vomero-roam/206433.html
adidas,Anthony Edwards,189123,https://www.footlocker.fr/fr/product/model/adidas-anthony-edwards/189123.html
Nike,Air Max Dn,206434,https://www.footlocker.fr/fr/product/model/nike-air-max-dn/206434.html
adidas,Ankle 6 Pack,189130,https://www.footlocker.fr/fr/product/model/adidas-ankle-6-pack/189130.html
Nike,Air Max Tuned 1,206428,https://www.footlocker.fr/fr/product/model/nike-air-max-tuned-1/206428.html
Nike,Air Max 90,206429,https://www.footlocker.fr/fr/product/model/nike-air-max-90/206429.html
adidas,Tokyo,190110,https://www.footlocker.fr/fr/product/model/adidas-tokyo/190110.html
New,Era 9Twenty Mlb New York Yankees,183836,https://www.footlocker.fr/fr/product/model/new-era-9twenty-mlb-new-york-yankees/183836.html
Nike,Tuned,135313,https://www.footlocker.fr/fr/product/model/nike-tuned/135313.html
Lacoste,Baseshot,206440,https://www.footlocker.fr/fr/product/model/lacoste-baseshot/206440.html
Nike,Calm Slide,206441,https://www.footlocker.fr/fr/product/model/nike-calm-slide/206441.html
Nike,Air Max Tuned 1,206443,https://www.footlocker.fr/fr/product/model/nike-air-max-tuned-1/206443.html
adidas,Liverpool Fc 25 26 Home Shorts,205109,https://www.footlocker.fr/fr/product/model/adidas-liverpool-fc-25-26-home-shorts/205109.html
Nike,Cortez,206444,https://www.footlocker.fr/fr/product/model/nike-cortez/206444.html
adidas,Liverpool Fc 25 26 Home Jersey,205108,https://www.footlocker.fr/fr/product/model/adidas-liverpool-fc-25-26-home-jersey/205108.html
Nike,Zoom Vomero 5,206445,https://www.footlocker.fr/fr/product/model/nike-zoom-vomero-5/206445.html
adidas,20Th Century Fox Disney T Shirt,205107,https://www.footlocker.fr/fr/product/model/adidas-20th-century-fox-disney-t-shirt/205107.html
Jordan,Max Aura,206446,https://www.footlocker.fr/fr/product/model/jordan-max-aura/206446.html
New Balance,Linear Graphic Pant,205106,https://www.footlocker.fr/fr/product/model/new-balance-linear-graphic-pant/205106.html
adidas,Utility Backpack Ips,205116,https://www.footlocker.fr/fr/product/model/adidas-utility-backpack-ips/205116.html
adidas,Superstar Xlg,206439,https://www.footlocker.fr/fr/product/model/adidas-superstar-xlg/206439.html
Under,Armour Tech,190123,https://www.footlocker.fr/fr/product/model/under-armour-tech/190123.html
Nike,Air Force 1 07 Next Nature,206452,https://www.footlocker.fr/fr/product/model/nike-air-force-1-07-next-nature/206452.html
Nike,Dunk Low,206453,https://www.footlocker.fr/fr/product/model/nike-dunk-low/206453.html
Nike,Air Force 1 Shadow,206454,https://www.footlocker.fr/fr/product/model/nike-air-force-1-shadow/206454.html
Jordan,4Rm,206455,https://www.footlocker.fr/fr/product/model/jordan-4rm/206455.html
Nike,Uptempo Low,183003,https://www.footlocker.fr/fr/product/model/nike-uptempo-low/183003.html
adidas,Classic Back To School Sport Backpack,205119,https://www.footlocker.fr/fr/product/model/adidas-classic-back-to-school-sport-backpack/205119.html
Jordan,Aj1 Mid,206456,https://www.footlocker.fr/fr/product/model/jordan-aj1-mid/206456.html
adidas,Samba Jane,207787,https://www.footlocker.fr/fr/product/model/adidas-samba-jane/207787.html
Jordan,Aj1 Low,206457,https://www.footlocker.fr/fr/product/model/jordan-aj1-low/206457.html
adidas,Terrex Multi Essentials Backpack,205117,https://www.footlocker.fr/fr/product/model/adidas-terrex-multi-essentials-backpack/205117.html
Converse,Ctas Elements Boot,198979,https://www.footlocker.fr/fr/product/model/converse-ctas-elements-boot/198979.html
Converse,Ctas Eva Lift,198978,https://www.footlocker.fr/fr/product/model/converse-ctas-eva-lift/198978.html
Nike,Shox R4,206449,https://www.footlocker.fr/fr/product/model/nike-shox-r4/206449.html
Converse,Ctas 1V Hi,198977,https://www.footlocker.fr/fr/product/model/converse-ctas-1v-hi/198977.html
Jordan,Air Jordan 1 Low,146058,https://www.footlocker.fr/fr/product/model/jordan-air-jordan-1-low/146058.html
adidas,Motion Backpack,205123,https://www.footlocker.fr/fr/product/model/adidas-motion-backpack/205123.html
adidas,Sambae,176701,https://www.footlocker.fr/fr/product/model/adidas-sambae/176701.html
adidas,Classic Back To School 3 Stripes Backpack,205122,https://www.footlocker.fr/fr/product/model/adidas-classic-back-to-school-3-stripes-backpack/205122.html
adidas,Ultramodern Backpack,205121,https://www.footlocker.fr/fr/product/model/adidas-ultramodern-backpack/205121.html
adidas,Sport Backpack,205120,https://www.footlocker.fr/fr/product/model/adidas-sport-backpack/205120.html
adidas,Gazelle,159382,https://www.footlocker.fr/fr/product/model/adidas-gazelle/159382.html
Reebok,Club C 85,159387,https://www.footlocker.fr/fr/product/model/reebok-club-c-85/159387.html
adidas,Juventus Football Club,160359,https://www.footlocker.fr/fr/product/model/adidas-juventus-football-club/160359.html
adidas,Real Madrid,160356,https://www.footlocker.fr/fr/product/model/adidas-real-madrid/160356.html
adidas,Real Madrid,160355,https://www.footlocker.fr/fr/product/model/adidas-real-madrid/160355.html
adidas,Juventus Football Club,160358,https://www.footlocker.fr/fr/product/model/adidas-juventus-football-club/160358.html
Nike,Jam,206461,https://www.footlocker.fr/fr/product/model/nike-jam/206461.html
Nike,Air Force 1 07 Essential,206462,https://www.footlocker.fr/fr/product/model/nike-air-force-1-07-essential/206462.html
Jordan,Flight Court,206463,https://www.footlocker.fr/fr/product/model/jordan-flight-court/206463.html
adidas,Arsenal Fc,160354,https://www.footlocker.fr/fr/product/model/adidas-arsenal-fc/160354.html
Jordan,Sky,206464,https://www.footlocker.fr/fr/product/model/jordan-sky/206464.html
Jordan,Retro 4,206467,https://www.footlocker.fr/fr/product/model/jordan-retro-4/206467.html
Jordan,Aj1 Retro Hi Og,206468,https://www.footlocker.fr/fr/product/model/jordan-aj1-retro-hi-og/206468.html
Nike,Zoom Vomero Plus,205138,https://www.footlocker.fr/fr/product/model/nike-zoom-vomero-plus/205138.html
Nike,Pegasus Premium,205137,https://www.footlocker.fr/fr/product/model/nike-pegasus-premium/205137.html
Puma,Mirage Sport,197656,https://www.footlocker.fr/fr/product/model/puma-mirage-sport/197656.html
Nike,Zoom Vomero 18,205136,https://www.footlocker.fr/fr/product/model/nike-zoom-vomero-18/205136.html
adidas,X Moon Boot Ultraboost 1 0,205133,https://www.footlocker.fr/fr/product/model/adidas-x-moon-boot-ultraboost-1-0/205133.html
New Balance,Fresh Foam X Hierro Hiker Gore Tex,205132,https://www.footlocker.fr/fr/product/model/new-balance-fresh-foam-x-hierro-hiker-gore-tex/205132.html
Nike,Giannis Freak 7,205131,https://www.footlocker.fr/fr/product/model/nike-giannis-freak-7/205131.html
Nike,Nba S Curry Warriors Swingman,146080,https://www.footlocker.fr/fr/product/model/nike-nba-s-curry-warriors-swingman/146080.html
Jordan,Aj1 Retro Low Og,206471,https://www.footlocker.fr/fr/product/model/jordan-aj1-retro-low-og/206471.html
Jordan,Aj1 Retro Hi Og,206472,https://www.footlocker.fr/fr/product/model/jordan-aj1-retro-hi-og/206472.html
Nike,Dunk Low,206473,https://www.footlocker.fr/fr/product/model/nike-dunk-low/206473.html
Nike,Air Max Tuned 1,206474,https://www.footlocker.fr/fr/product/model/nike-air-max-tuned-1/206474.html
Nike,Tuned 1,206476,https://www.footlocker.fr/fr/product/model/nike-tuned-1/206476.html
Nike,Air Force 1 Low,206477,https://www.footlocker.fr/fr/product/model/nike-air-force-1-low/206477.html
Nike,Club Hbr,122070,https://www.footlocker.fr/fr/product/model/nike-club-hbr/122070.html
Nike,Kobe 9,184311,https://www.footlocker.fr/fr/product/model/nike-kobe-9/184311.html
Jordan,Zion 3,206479,https://www.footlocker.fr/fr/product/model/jordan-zion-3/206479.html
adidas,X Moon Boot Ultraboost 1 0,205147,https://www.footlocker.fr/fr/product/model/adidas-x-moon-boot-ultraboost-1-0/205147.html
adidas,Firebird,171036,https://www.footlocker.fr/fr/product/model/adidas-firebird/171036.html
Nike,Kobe,198950,https://www.footlocker.fr/fr/product/model/nike-kobe/198950.html
Vans,Knu Stack,163409,https://www.footlocker.fr/fr/product/model/vans-knu-stack/163409.html
adidas,Superstar 360,181299,https://www.footlocker.fr/fr/product/model/adidas-superstar-360/181299.html
Nike,Air Max Dn,206480,https://www.footlocker.fr/fr/product/model/nike-air-max-dn/206480.html
Jordan,Spizike,206484,https://www.footlocker.fr/fr/product/model/jordan-spizike/206484.html
adidas,Sl 72 Rs,181294,https://www.footlocker.fr/fr/product/model/adidas-sl-72-rs/181294.html
Jordan,4Rm,206486,https://www.footlocker.fr/fr/product/model/jordan-4rm/206486.html
Nike,Air Max Dn8,206489,https://www.footlocker.fr/fr/product/model/nike-air-max-dn8/206489.html
New Balance,327,123391,https://www.footlocker.fr/fr/product/model/new-balance-327/123391.html
Nike,Air Max Phoenix,205158,https://www.footlocker.fr/fr/product/model/nike-air-max-phoenix/205158.html
Converse,Chuck 70 High,159396,https://www.footlocker.fr/fr/product/model/converse-chuck-70-high/159396.html
adidas,Adilette Ayoon,176711,https://www.footlocker.fr/fr/product/model/adidas-adilette-ayoon/176711.html
New Balance,Fresh Foam Trainer,196301,https://www.footlocker.fr/fr/product/model/new-balance-fresh-foam-trainer/196301.html
Nike,Air Force 1 Lv8,206491,https://www.footlocker.fr/fr/product/model/nike-air-force-1-lv8/206491.html
Nike,Nba La Lakers,206492,https://www.footlocker.fr/fr/product/model/nike-nba-la-lakers/206492.html
Nike,Nba J Tatum Celtics Swingman,206495,https://www.footlocker.fr/fr/product/model/nike-nba-j-tatum-celtics-swingman/206495.html
Puma,La France Gifted,193248,https://www.footlocker.fr/fr/product/model/puma-la-france-gifted/193248.html
adidas,The Simpsons Jogger,205168,https://www.footlocker.fr/fr/product/model/adidas-the-simpsons-jogger/205168.html
New Balance,Linear Heritage Oversized T Shirt,205166,https://www.footlocker.fr/fr/product/model/new-balance-linear-heritage-oversized-t-shirt/205166.html
New Balance,Sport Essentials Quarter Zip,205165,https://www.footlocker.fr/fr/product/model/new-balance-sport-essentials-quarter-zip/205165.html
New Balance,Linear Graphic Hoodie,205161,https://www.footlocker.fr/fr/product/model/new-balance-linear-graphic-hoodie/205161.html
New Balance,Linear Graphic Crew,205160,https://www.footlocker.fr/fr/product/model/new-balance-linear-graphic-crew/205160.html
Nike,Air Max Moto 2K,198930,https://www.footlocker.fr/fr/product/model/nike-air-max-moto-2k/198930.html
Nike,Air Max 90,159324,https://www.footlocker.fr/fr/product/model/nike-air-max-90/159324.html
Nike,Club Pullover Fleece Hoodie,208200,https://www.footlocker.fr/fr/product/model/nike-club-pullover-fleece-hoodie/208200.html
Nike,Club Full Zip Fleece Hoodie,208201,https://www.footlocker.fr/fr/product/model/nike-club-full-zip-fleece-hoodie/208201.html
Jordan,Brooklyn Fleece Pullover Hoodie,208205,https://www.footlocker.fr/fr/product/model/jordan-brooklyn-fleece-pullover-hoodie/208205.html
Jordan,Brooklyn Fleece Full Zip Hoodie,208207,https://www.footlocker.fr/fr/product/model/jordan-brooklyn-fleece-full-zip-hoodie/208207.html
adidas,Gazelle Lo Pro,193259,https://www.footlocker.fr/fr/product/model/adidas-gazelle-lo-pro/193259.html
adidas,Marvel Spider Man Backpack,205178,https://www.footlocker.fr/fr/product/model/adidas-marvel-spider-man-backpack/205178.html
Nike,Kobe,198949,https://www.footlocker.fr/fr/product/model/nike-kobe/198949.html
adidas,Tensaur Sport Training Lace,146029,https://www.footlocker.fr/fr/product/model/adidas-tensaur-sport-training-lace/146029.html
adidas,Liverpool Fc 25 26 Goalkeeper Jersey,205174,https://www.footlocker.fr/fr/product/model/adidas-liverpool-fc-25-26-goalkeeper-jersey/205174.html
adidas,Manchester United 25 26 Third Shorts,205173,https://www.footlocker.fr/fr/product/model/adidas-manchester-united-25-26-third-shorts/205173.html
adidas,Mega Ghostride,193250,https://www.footlocker.fr/fr/product/model/adidas-mega-ghostride/193250.html
adidas,Germany Anniversary Jersey,205172,https://www.footlocker.fr/fr/product/model/adidas-germany-anniversary-jersey/205172.html
adidas,Japan,193251,https://www.footlocker.fr/fr/product/model/adidas-japan/193251.html
Vans,Ua Old Skool Mte,194581,https://www.footlocker.fr/fr/product/model/vans-ua-old-skool-mte/194581.html
adidas,Manchester United 25 26 Third Jersey,205171,https://www.footlocker.fr/fr/product/model/adidas-manchester-united-25-26-third-jersey/205171.html
adidas,Real Madrid 25 26 Third Goalkeeper Jersey,205170,https://www.footlocker.fr/fr/product/model/adidas-real-madrid-25-26-third-goalkeeper-jersey/205170.html
Nike,React Vision,159333,https://www.footlocker.fr/fr/product/model/nike-react-vision/159333.html
Nike,Sportswear Club Oversized French Terry,208210,https://www.footlocker.fr/fr/product/model/nike-sportswear-club-oversized-french-terry/208210.html
Street,Cartel Route Relaxed Fit,202901,https://www.footlocker.fr/fr/product/model/street-cartel-route-relaxed-fit/202901.html
Nike,Sportswear Club Oversized French Terry Crew,208211,https://www.footlocker.fr/fr/product/model/nike-sportswear-club-oversized-french-terry-crew/208211.html
Street,Cartel Drift Cargo,202902,https://www.footlocker.fr/fr/product/model/street-cartel-drift-cargo/202902.html
Street,Cartel Podium,202900,https://www.footlocker.fr/fr/product/model/street-cartel-podium/202900.html
adidas,Arsenal Fc 26 Pre Match Jersey,208216,https://www.footlocker.fr/fr/product/model/adidas-arsenal-fc-26-pre-match-jersey/208216.html
adidas,Fc Bayern Ss26 Pre Match Jersey,208217,https://www.footlocker.fr/fr/product/model/adidas-fc-bayern-ss26-pre-match-jersey/208217.html
adidas,Manchester United 25 26 Pre Match Jersey,208218,https://www.footlocker.fr/fr/product/model/adidas-manchester-united-25-26-pre-match-jersey/208218.html
Salomon,Xt Whisper,194555,https://www.footlocker.fr/fr/product/model/salomon-xt-whisper/194555.html
Timberland,Field Trekker Mid,138420,https://www.footlocker.fr/fr/product/model/timberland-field-trekker-mid/138420.html
adidas,4Athlts Camper Backpack,205182,https://www.footlocker.fr/fr/product/model/adidas-4athlts-camper-backpack/205182.html
adidas,Disney Mickey Mouse Backpack,205180,https://www.footlocker.fr/fr/product/model/adidas-disney-mickey-mouse-backpack/205180.html
Jordan,Retro 4 Imperial Purple,209550,https://www.footlocker.fr/fr/product/model/jordan-retro-4-imperial-purple/209550.html
adidas,Liverpool Fc Tiro 25 Training Jersey,208220,https://www.footlocker.fr/fr/product/model/adidas-liverpool-fc-tiro-25-training-jersey/208220.html
Salomon,Xt 6,182581,https://www.footlocker.fr/fr/product/model/salomon-xt-6/182581.html
Forcefield,Freshener,202910,https://www.footlocker.fr/fr/product/model/forcefield-freshener/202910.html
adidas,Liverpool Fc 25 26 Pre Match Jersey,208219,https://www.footlocker.fr/fr/product/model/adidas-liverpool-fc-25-26-pre-match-jersey/208219.html
adidas,Adicolor Classics 3 Stripes,154403,https://www.footlocker.fr/fr/product/model/adidas-adicolor-classics-3-stripes/154403.html
adidas,Adizero Aruku,187323,https://www.footlocker.fr/fr/product/model/adidas-adizero-aruku/187323.html
adidas,Adicolor Firebird,189988,https://www.footlocker.fr/fr/product/model/adidas-adicolor-firebird/189988.html
Salomon,Xt 6 Iridescent,209567,https://www.footlocker.fr/fr/product/model/salomon-xt-6-iridescent/209567.html
Salomon,Xt 6 Skyline,209569,https://www.footlocker.fr/fr/product/model/salomon-xt-6-skyline/209569.html
Salomon,Xt 6 Camo,209568,https://www.footlocker.fr/fr/product/model/salomon-xt-6-camo/209568.html
New Balance,Hesi Low,163351,https://www.footlocker.fr/fr/product/model/new-balance-hesi-low/163351.html
adidas,Superstar Ii,187322,https://www.footlocker.fr/fr/product/model/adidas-superstar-ii/187322.html
On,Cloud 6 Waterproof,199309,https://www.footlocker.fr/fr/product/model/on-cloud-6-waterproof/199309.html
Nike,Ld 1000,190971,https://www.footlocker.fr/fr/product/model/nike-ld-1000/190971.html
Nike,Air Max Tuned 1,190970,https://www.footlocker.fr/fr/product/model/nike-air-max-tuned-1/190970.html
Salomon,Xt Pathway Gtx,209572,https://www.footlocker.fr/fr/product/model/salomon-xt-pathway-gtx/209572.html
Nike,Tech Fleece,9511,https://www.footlocker.fr/fr/product/model/nike-tech-fleece/9511.html
Jordan,Everyday Cushioned Crew 3 Pack,162013,https://www.footlocker.fr/fr/product/model/jordan-everyday-cushioned-crew-3-pack/162013.html
Nike,Everyday Cushioned Ankle 3 Pack,162015,https://www.footlocker.fr/fr/product/model/nike-everyday-cushioned-ankle-3-pack/162015.html
New,Era 59Fifty,175324,https://www.footlocker.fr/fr/product/model/new-era-59fifty/175324.html
Nike,Field General,190983,https://www.footlocker.fr/fr/product/model/nike-field-general/190983.html
Jordan,Retro 4,190982,https://www.footlocker.fr/fr/product/model/jordan-retro-4/190982.html
Jordan,Aj1 Mid,190981,https://www.footlocker.fr/fr/product/model/jordan-aj1-mid/190981.html
Jordan,Aj1 Low,190980,https://www.footlocker.fr/fr/product/model/jordan-aj1-low/190980.html
Nike,Chill,196260,https://www.footlocker.fr/fr/product/model/nike-chill/196260.html
Nike,Tech Fleece,46268,https://www.footlocker.fr/fr/product/model/nike-tech-fleece/46268.html
Asics,Gel Nyc 2 0,208255,https://www.footlocker.fr/fr/product/model/asics-gel-nyc-2-0/208255.html
adidas,Samba Xlg,189962,https://www.footlocker.fr/fr/product/model/adidas-samba-xlg/189962.html
New Balance,2002R,162050,https://www.footlocker.fr/fr/product/model/new-balance-2002r/162050.html
New Balance,550,179719,https://www.footlocker.fr/fr/product/model/new-balance-550/179719.html
New Balance,550,179717,https://www.footlocker.fr/fr/product/model/new-balance-550/179717.html
Nike,Huarache Ec 22,167736,https://www.footlocker.fr/fr/product/model/nike-huarache-ec-22/167736.html
New Balance,9060,179713,https://www.footlocker.fr/fr/product/model/new-balance-9060/179713.html
Ugg,Classic Micro,208261,https://www.footlocker.fr/fr/product/model/ugg-classic-micro/208261.html
Nike,Ld 1000,190968,https://www.footlocker.fr/fr/product/model/nike-ld-1000/190968.html
Ugg,Lo Lowmel,208262,https://www.footlocker.fr/fr/product/model/ugg-lo-lowmel/208262.html
Nike,Ja 2,190967,https://www.footlocker.fr/fr/product/model/nike-ja-2/190967.html
Jordan,Retro 11 University Blue,210582,https://www.footlocker.fr/fr/product/model/jordan-retro-11-university-blue/210582.html
adidas,Campus,187318,https://www.footlocker.fr/fr/product/model/adidas-campus/187318.html
Jordan,Luka 5 Matador,210581,https://www.footlocker.fr/fr/product/model/jordan-luka-5-matador/210581.html
Ugg,Goldenglow,208265,https://www.footlocker.fr/fr/product/model/ugg-goldenglow/208265.html
Ugg,Classic Micro,208266,https://www.footlocker.fr/fr/product/model/ugg-classic-micro/208266.html
Ugg,Lo Lowmel,208267,https://www.footlocker.fr/fr/product/model/ugg-lo-lowmel/208267.html
Jordan,Aj1 Retro High Og Rmst,184283,https://www.footlocker.fr/fr/product/model/jordan-aj1-retro-high-og-rmst/184283.html
Jordan,Aj1 Mm High,179707,https://www.footlocker.fr/fr/product/model/jordan-aj1-mm-high/179707.html
Nike,Metcon 10 Workout,210590,https://www.footlocker.fr/fr/product/model/nike-metcon-10-workout/210590.html
Jordan,Trunner O S,210594,https://www.footlocker.fr/fr/product/model/jordan-trunner-o-s/210594.html
Nike,Tn,165978,https://www.footlocker.fr/fr/product/model/nike-tn/165978.html
Nike,Court Vision Low Premium,210593,https://www.footlocker.fr/fr/product/model/nike-court-vision-low-premium/210593.html
Nike,Tn,165977,https://www.footlocker.fr/fr/product/model/nike-tn/165977.html
Nike,Metcon 10 Se Training,210592,https://www.footlocker.fr/fr/product/model/nike-metcon-10-se-training/210592.html
Nike,Court Vision Low,210591,https://www.footlocker.fr/fr/product/model/nike-court-vision-low/210591.html
adidas,Balloon Long Skirt,208277,https://www.footlocker.fr/fr/product/model/adidas-balloon-long-skirt/208277.html
adidas,Taekwondo Mei Ballet,201634,https://www.footlocker.fr/fr/product/model/adidas-taekwondo-mei-ballet/201634.html
Nike,Downshifter 14,210586,https://www.footlocker.fr/fr/product/model/nike-downshifter-14/210586.html
adidas,Adilette 22,151321,https://www.footlocker.fr/fr/product/model/adidas-adilette-22/151321.html
Nike,Winflo 12,210585,https://www.footlocker.fr/fr/product/model/nike-winflo-12/210585.html
Nike,Court Vision Alta,210589,https://www.footlocker.fr/fr/product/model/nike-court-vision-alta/210589.html
Nike,Court Vision Low Next Nature,210588,https://www.footlocker.fr/fr/product/model/nike-court-vision-low-next-nature/210588.html
Nike,Comfort Ride,188625,https://www.footlocker.fr/fr/product/model/nike-comfort-ride/188625.html
adidas,Terrex Agravic 4 Trail,208287,https://www.footlocker.fr/fr/product/model/adidas-terrex-agravic-4-trail/208287.html
Nike,Field General,188621,https://www.footlocker.fr/fr/product/model/nike-field-general/188621.html
adidas,Terrex Eastrail 3 Climaproof Hiking,208288,https://www.footlocker.fr/fr/product/model/adidas-terrex-eastrail-3-climaproof-hiking/208288.html
adidas,Terrex Eastrail 3 Mid Climaproof Hiking,208289,https://www.footlocker.fr/fr/product/model/adidas-terrex-eastrail-3-mid-climaproof-hiking/208289.html
adidas,Japan,201642,https://www.footlocker.fr/fr/product/model/adidas-japan/201642.html
Nike,Air Max Plus,200313,https://www.footlocker.fr/fr/product/model/nike-air-max-plus/200313.html
adidas,Barreda Mary Jane,201644,https://www.footlocker.fr/fr/product/model/adidas-barreda-mary-jane/201644.html
adidas,Firebird Denim,200312,https://www.footlocker.fr/fr/product/model/adidas-firebird-denim/200312.html
adidas,Superstar St,201643,https://www.footlocker.fr/fr/product/model/adidas-superstar-st/201643.html
Pro,Standard Born For Sport,197573,https://www.footlocker.fr/fr/product/model/pro-standard-born-for-sport/197573.html
Nike,Rift 2,210598,https://www.footlocker.fr/fr/product/model/nike-rift-2/210598.html
adidas,Sl 72 Og,177943,https://www.footlocker.fr/fr/product/model/adidas-sl-72-og/177943.html
Nike,Free Ride,210597,https://www.footlocker.fr/fr/product/model/nike-free-ride/210597.html
Pro,Standard Modern Originals,197571,https://www.footlocker.fr/fr/product/model/pro-standard-modern-originals/197571.html
Nike,Marina,210596,https://www.footlocker.fr/fr/product/model/nike-marina/210596.html
Pro,Standard Modern Originals,197572,https://www.footlocker.fr/fr/product/model/pro-standard-modern-originals/197572.html
Nike,Air Max Isla,210595,https://www.footlocker.fr/fr/product/model/nike-air-max-isla/210595.html
Crocs,Classic Unfurgettable Clog,196247,https://www.footlocker.fr/fr/product/model/crocs-classic-unfurgettable-clog/196247.html
Nike,Free Ride,210599,https://www.footlocker.fr/fr/product/model/nike-free-ride/210599.html
adidas,Italia 70S,208291,https://www.footlocker.fr/fr/product/model/adidas-italia-70s/208291.html
adidas,Disney Handball Spezial Comfort Closure,208292,https://www.footlocker.fr/fr/product/model/adidas-disney-handball-spezial-comfort-closure/208292.html
adidas,Amg Petronas F1 Silver Arrows Icon Top,208293,https://www.footlocker.fr/fr/product/model/adidas-amg-petronas-f1-silver-arrows-icon-top/208293.html
adidas,Adicolor Baseball Jersey,208294,https://www.footlocker.fr/fr/product/model/adidas-adicolor-baseball-jersey/208294.html
adidas,Adicolor Mesh Shorts,208295,https://www.footlocker.fr/fr/product/model/adidas-adicolor-mesh-shorts/208295.html
adidas,Messi Zne,193190,https://www.footlocker.fr/fr/product/model/adidas-messi-zne/193190.html
adidas,3 Stripes Long Sleeve T Shirt,208296,https://www.footlocker.fr/fr/product/model/adidas-3-stripes-long-sleeve-t-shirt/208296.html
adidas,Juventus Football Club,193191,https://www.footlocker.fr/fr/product/model/adidas-juventus-football-club/193191.html
adidas,Denim Football Jersey,208297,https://www.footlocker.fr/fr/product/model/adidas-denim-football-jersey/208297.html
adidas,Firebird Classic Lace Tracksuit Bottoms,208298,https://www.footlocker.fr/fr/product/model/adidas-firebird-classic-lace-tracksuit-bottoms/208298.html
Under,Armour Vibe,201657,https://www.footlocker.fr/fr/product/model/under-armour-vibe/201657.html
adidas,Lace Football Jersey,208299,https://www.footlocker.fr/fr/product/model/adidas-lace-football-jersey/208299.html
Under,Armour Tech Utility Colorblock,201659,https://www.footlocker.fr/fr/product/model/under-armour-tech-utility-colorblock/201659.html
Under,Armour Vibe,201658,https://www.footlocker.fr/fr/product/model/under-armour-vibe/201658.html
Nike,Shox Tl,200321,https://www.footlocker.fr/fr/product/model/nike-shox-tl/200321.html
Under,Armour Tech Utility,201660,https://www.footlocker.fr/fr/product/model/under-armour-tech-utility/201660.html
Under,Armour Tech Woven,201662,https://www.footlocker.fr/fr/product/model/under-armour-tech-woven/201662.html
Under,Armour Tech Utility,201661,https://www.footlocker.fr/fr/product/model/under-armour-tech-utility/201661.html
adidas,Real Madrid,193182,https://www.footlocker.fr/fr/product/model/adidas-real-madrid/193182.html
adidas,Real Madrid,193184,https://www.footlocker.fr/fr/product/model/adidas-real-madrid/193184.html
adidas,Liverpool,193185,https://www.footlocker.fr/fr/product/model/adidas-liverpool/193185.html
adidas,Terrex Free Hiker 2 0 Hiking,208290,https://www.footlocker.fr/fr/product/model/adidas-terrex-free-hiker-2-0-hiking/208290.html
Under,Armour Unstoppable Wvn,201664,https://www.footlocker.fr/fr/product/model/under-armour-unstoppable-wvn/201664.html
Under,Armour Unstoppable Wvn,201663,https://www.footlocker.fr/fr/product/model/under-armour-unstoppable-wvn/201663.html
Nike,Club Bb,184243,https://www.footlocker.fr/fr/product/model/nike-club-bb/184243.html
Jordan,Flight Court,200340,https://www.footlocker.fr/fr/product/model/jordan-flight-court/200340.html
adidas,Dad,143736,https://www.footlocker.fr/fr/product/model/adidas-dad/143736.html
Puma,Speedcat Ballet,197553,https://www.footlocker.fr/fr/product/model/puma-speedcat-ballet/197553.html
Lacoste,Serve 1 0,153153,https://www.footlocker.fr/fr/product/model/lacoste-serve-1-0/153153.html
Lacoste,Serve 2 0 Evo,153154,https://www.footlocker.fr/fr/product/model/lacoste-serve-2-0-evo/153154.html
Jordan,1 Mid X Psg,128199,https://www.footlocker.fr/fr/product/model/jordan-1-mid-x-psg/128199.html
Asics,Gel Kayano 14,153156,https://www.footlocker.fr/fr/product/model/asics-gel-kayano-14/153156.html
adidas,Liverpool Fc 25 26 Away Shorts,204705,https://www.footlocker.fr/fr/product/model/adidas-liverpool-fc-25-26-away-shorts/204705.html
adidas,Liverpool Fc 25 26 Away Jersey,204704,https://www.footlocker.fr/fr/product/model/adidas-liverpool-fc-25-26-away-jersey/204704.html
adidas,Originals X Liberty London Firebird Track Top,204703,https://www.footlocker.fr/fr/product/model/adidas-originals-x-liberty-london-firebird-track-top/204703.html
Street,Cartel Flight Bomber,200344,https://www.footlocker.fr/fr/product/model/street-cartel-flight-bomber/200344.html
adidas,Teamgeist Long Sleeve Top,204702,https://www.footlocker.fr/fr/product/model/adidas-teamgeist-long-sleeve-top/204702.html
Street,Cartel Romero Puffer,200343,https://www.footlocker.fr/fr/product/model/street-cartel-romero-puffer/200343.html
adidas,Adidas Originals Firebird Joggers,204701,https://www.footlocker.fr/fr/product/model/adidas-adidas-originals-firebird-joggers/204701.html
adidas,Superstar Ii,189104,https://www.footlocker.fr/fr/product/model/adidas-superstar-ii/189104.html
adidas,Originals X Liberty London Aop Cali T Shirt,204700,https://www.footlocker.fr/fr/product/model/adidas-originals-x-liberty-london-aop-cali-t-shirt/204700.html
Street,Cartel Roma Borg Half Zip Sherpa,200345,https://www.footlocker.fr/fr/product/model/street-cartel-roma-borg-half-zip-sherpa/200345.html
Nike,Zoom Vomero 5,199388,https://www.footlocker.fr/fr/product/model/nike-zoom-vomero-5/199388.html
New Balance,550,179777,https://www.footlocker.fr/fr/product/model/new-balance-550/179777.html
Nike,Air Force 1 Low,174087,https://www.footlocker.fr/fr/product/model/nike-air-force-1-low/174087.html
Nike,Air Superfly,204717,https://www.footlocker.fr/fr/product/model/nike-air-superfly/204717.html
adidas,Teamgeist Adicolor,201693,https://www.footlocker.fr/fr/product/model/adidas-teamgeist-adicolor/201693.html
adidas,Firebird Denim,189122,https://www.footlocker.fr/fr/product/model/adidas-firebird-denim/189122.html
adidas,Teamgeist Adicolor,201695,https://www.footlocker.fr/fr/product/model/adidas-teamgeist-adicolor/201695.html
Vans,Old Skool,2953,https://www.footlocker.fr/fr/product/model/vans-old-skool/2953.html
adidas,Teamgeist Adicolor,201694,https://www.footlocker.fr/fr/product/model/adidas-teamgeist-adicolor/201694.html
Jordan,Pro,179767,https://www.footlocker.fr/fr/product/model/jordan-pro/179767.html
Jordan,Flight Court,199398,https://www.footlocker.fr/fr/product/model/jordan-flight-court/199398.html
Jordan,Rise,179766,https://www.footlocker.fr/fr/product/model/jordan-rise/179766.html
adidas,Adizero Aruku,190101,https://www.footlocker.fr/fr/product/model/adidas-adizero-aruku/190101.html
Nike,Dunk Low,107235,https://www.footlocker.fr/fr/product/model/nike-dunk-low/107235.html
New Balance,Sport Essentials,192738,https://www.footlocker.fr/fr/product/model/new-balance-sport-essentials/192738.html
Nike,Air Force 1 07 Lx,204726,https://www.footlocker.fr/fr/product/model/nike-air-force-1-07-lx/204726.html
adidas,Originals Joggers,201697,https://www.footlocker.fr/fr/product/model/adidas-originals-joggers/201697.html
adidas,Originals X Liberty London,201698,https://www.footlocker.fr/fr/product/model/adidas-originals-x-liberty-london/201698.html
New Balance,Space Dye 1 4 Zip,192730,https://www.footlocker.fr/fr/product/model/new-balance-space-dye-1-4-zip/192730.html
New Balance,Sport Essentials,192735,https://www.footlocker.fr/fr/product/model/new-balance-sport-essentials/192735.html
Nike,Air Max Dn8,199367,https://www.footlocker.fr/fr/product/model/nike-air-max-dn8/199367.html
Nike,Reactx Rejuven8,199368,https://www.footlocker.fr/fr/product/model/nike-reactx-rejuven8/199368.html
Asics,Gel Venture 6,171826,https://www.footlocker.fr/fr/product/model/asics-gel-venture-6/171826.html
Lacoste,Lcb Ud Classic Logo Sport,203403,https://www.footlocker.fr/fr/product/model/lacoste-lcb-ud-classic-logo-sport/203403.html
Asics,Gel Cumulus 16,203411,https://www.footlocker.fr/fr/product/model/asics-gel-cumulus-16/203411.html
Asics,Gel 1130,171823,https://www.footlocker.fr/fr/product/model/asics-gel-1130/171823.html
New Balance,Castlefield Woven Short 7 Inch,211041,https://www.footlocker.fr/fr/product/model/new-balance-castlefield-woven-short-7-inch/211041.html
New Balance,Rc Essential T Shirt,211040,https://www.footlocker.fr/fr/product/model/new-balance-rc-essential-t-shirt/211040.html
adidas,La Trainer Og,204749,https://www.footlocker.fr/fr/product/model/adidas-la-trainer-og/204749.html
Hub,Slam M,163394,https://www.footlocker.fr/fr/product/model/hub-slam-m/163394.html
New Balance,Reimagined Fleece Short 7,211038,https://www.footlocker.fr/fr/product/model/new-balance-reimagined-fleece-short-7/211038.html
New Balance,Sport Essential Short,211037,https://www.footlocker.fr/fr/product/model/new-balance-sport-essential-short/211037.html
New Balance,Sport Essential Short 7,211039,https://www.footlocker.fr/fr/product/model/new-balance-sport-essential-short-7/211039.html
Nike,Reactx Rejuven8,199363,https://www.footlocker.fr/fr/product/model/nike-reactx-rejuven8/199363.html
Jordan,Retro 4 Toro Bravo,211056,https://www.footlocker.fr/fr/product/model/jordan-retro-4-toro-bravo/211056.html
Nike,Gato,199362,https://www.footlocker.fr/fr/product/model/nike-gato/199362.html
New Balance,Sport Essentials,192725,https://www.footlocker.fr/fr/product/model/new-balance-sport-essentials/192725.html
New Balance,Sport Essentials,192728,https://www.footlocker.fr/fr/product/model/new-balance-sport-essentials/192728.html
New Balance,Sport Essentials,192729,https://www.footlocker.fr/fr/product/model/new-balance-sport-essentials/192729.html
Nike,Ld 1000 Denim,204757,https://www.footlocker.fr/fr/product/model/nike-ld-1000-denim/204757.html
adidas,Campus St,204754,https://www.footlocker.fr/fr/product/model/adidas-campus-st/204754.html
New Balance,480,179720,https://www.footlocker.fr/fr/product/model/new-balance-480/179720.html
Asics,Gt 2160,187349,https://www.footlocker.fr/fr/product/model/asics-gt-2160/187349.html
Nike,Shox R4,187345,https://www.footlocker.fr/fr/product/model/nike-shox-r4/187345.html
Asics,Gel Kinetic Fluent,187346,https://www.footlocker.fr/fr/product/model/asics-gel-kinetic-fluent/187346.html
Jordan,Flight Essential,188677,https://www.footlocker.fr/fr/product/model/jordan-flight-essential/188677.html
Asics,Gel Nyc Utility,187347,https://www.footlocker.fr/fr/product/model/asics-gel-nyc-utility/187347.html
Asics,Gel Nyc,187348,https://www.footlocker.fr/fr/product/model/asics-gel-nyc/187348.html
Under,Armour Nova,202105,https://www.footlocker.fr/fr/product/model/under-armour-nova/202105.html
Jordan,Aj1 Mid,187343,https://www.footlocker.fr/fr/product/model/jordan-aj1-mid/187343.html
Nike,Reactx Rejuven8,204766,https://www.footlocker.fr/fr/product/model/nike-reactx-rejuven8/204766.html
adidas,Adilette Aqua Slides,165110,https://www.footlocker.fr/fr/product/model/adidas-adilette-aqua-slides/165110.html
Nike,Field General Suede,204765,https://www.footlocker.fr/fr/product/model/nike-field-general-suede/204765.html
Nike,Gato,190996,https://www.footlocker.fr/fr/product/model/nike-gato/190996.html
Lacoste,Powercourt,180716,https://www.footlocker.fr/fr/product/model/lacoste-powercourt/180716.html
Hoka,Transport Gtx,188687,https://www.footlocker.fr/fr/product/model/hoka-transport-gtx/188687.html
Hoka,Clifton 10,188688,https://www.footlocker.fr/fr/product/model/hoka-clifton-10/188688.html
adidas,Superstar Ii Anthony Edwards,203452,https://www.footlocker.fr/fr/product/model/adidas-superstar-ii-anthony-edwards/203452.html
Nike,Lebron 9,125925,https://www.footlocker.fr/fr/product/model/nike-lebron-9/125925.html
Nike,Air Force 1 Crib,159657,https://www.footlocker.fr/fr/product/model/nike-air-force-1-crib/159657.html
adidas,Samoa,180259,https://www.footlocker.fr/fr/product/model/adidas-samoa/180259.html
adidas,Sl 72 Rs,180258,https://www.footlocker.fr/fr/product/model/adidas-sl-72-rs/180258.html
Jordan,Deep Dish,193568,https://www.footlocker.fr/fr/product/model/jordan-deep-dish/193568.html
Ugg,Goldenstar Clog,197924,https://www.footlocker.fr/fr/product/model/ugg-goldenstar-clog/197924.html
Jordan,Essential Midweight Puffer,193562,https://www.footlocker.fr/fr/product/model/jordan-essential-midweight-puffer/193562.html
Jordan,Brooklyn Puffer,193563,https://www.footlocker.fr/fr/product/model/jordan-brooklyn-puffer/193563.html
adidas,Stan Smith,159643,https://www.footlocker.fr/fr/product/model/adidas-stan-smith/159643.html
Nike,Air Max Tuned 1,138724,https://www.footlocker.fr/fr/product/model/nike-air-max-tuned-1/138724.html
adidas,Mid Ankle 6 Pairs,172613,https://www.footlocker.fr/fr/product/model/adidas-mid-ankle-6-pairs/172613.html
adidas,Terrex Voyager 21 Travel,145026,https://www.footlocker.fr/fr/product/model/adidas-terrex-voyager-21-travel/145026.html
Jordan,Brooklyn Puffer,193546,https://www.footlocker.fr/fr/product/model/jordan-brooklyn-puffer/193546.html
Champion,Cwa,70966,https://www.footlocker.fr/fr/product/model/champion-cwa/70966.html
Jordan,Aj1 Mid,159683,https://www.footlocker.fr/fr/product/model/jordan-aj1-mid/159683.html
Nike,Boucle Jacquard,193541,https://www.footlocker.fr/fr/product/model/nike-boucle-jacquard/193541.html
adidas,Adizero Evo Sl,203007,https://www.footlocker.fr/fr/product/model/adidas-adizero-evo-sl/203007.html
adidas,Dame X,203005,https://www.footlocker.fr/fr/product/model/adidas-dame-x/203005.html
Nike,Aura Backpack,194884,https://www.footlocker.fr/fr/product/model/nike-aura-backpack/194884.html
New Balance,Fresh Foam X Garoe V2,203015,https://www.footlocker.fr/fr/product/model/new-balance-fresh-foam-x-garoe-v2/203015.html
Buffalo,Flora Chelsea,171307,https://www.footlocker.fr/fr/product/model/buffalo-flora-chelsea/171307.html
New Balance,800,203010,https://www.footlocker.fr/fr/product/model/new-balance-800/203010.html
Birkenstock,Boston,205673,https://www.footlocker.fr/fr/product/model/birkenstock-boston/205673.html
Birkenstock,Gizeh,205672,https://www.footlocker.fr/fr/product/model/birkenstock-gizeh/205672.html
Birkenstock,Madrid,205671,https://www.footlocker.fr/fr/product/model/birkenstock-madrid/205671.html
Birkenstock,Arizona,205670,https://www.footlocker.fr/fr/product/model/birkenstock-arizona/205670.html
adidas,Handball Spezial,66011,https://www.footlocker.fr/fr/product/model/adidas-handball-spezial/66011.html
New Balance,Harmony High Rise,193528,https://www.footlocker.fr/fr/product/model/new-balance-harmony-high-rise/193528.html
adidas,X Jeremy Scott Samba Og,203019,https://www.footlocker.fr/fr/product/model/adidas-x-jeremy-scott-samba-og/203019.html
adidas,Adiracer Hi Mercedes Amg Petronas F1 Team,208710,https://www.footlocker.fr/fr/product/model/adidas-adiracer-hi-mercedes-amg-petronas-f1-team/208710.html
adidas,Mercedes,208713,https://www.footlocker.fr/fr/product/model/adidas-mercedes/208713.html
adidas,Adiracer Lo Mercedes Amg Petronas F1 Team,208712,https://www.footlocker.fr/fr/product/model/adidas-adiracer-lo-mercedes-amg-petronas-f1-team/208712.html
Jordan,Brooklyn,194852,https://www.footlocker.fr/fr/product/model/jordan-brooklyn/194852.html
adidas,Adizero Select 3 0,203026,https://www.footlocker.fr/fr/product/model/adidas-adizero-select-3-0/203026.html
adidas,Adilette Lumia,203023,https://www.footlocker.fr/fr/product/model/adidas-adilette-lumia/203023.html
adidas,Adimule,203024,https://www.footlocker.fr/fr/product/model/adidas-adimule/203024.html
adidas,Italia 70S,203021,https://www.footlocker.fr/fr/product/model/adidas-italia-70s/203021.html
adidas,Adilette Aqua,203022,https://www.footlocker.fr/fr/product/model/adidas-adilette-aqua/203022.html
Jordan,Brooklyn,193526,https://www.footlocker.fr/fr/product/model/jordan-brooklyn/193526.html
adidas,Handball Top Rm,203020,https://www.footlocker.fr/fr/product/model/adidas-handball-top-rm/203020.html
Nike,Victori One,159605,https://www.footlocker.fr/fr/product/model/nike-victori-one/159605.html
Buffalo,Aspha,159608,https://www.footlocker.fr/fr/product/model/buffalo-aspha/159608.html
adidas,Supernova Rise 3 Adaptive,208720,https://www.footlocker.fr/fr/product/model/adidas-supernova-rise-3-adaptive/208720.html
Puma,Speedcat,203029,https://www.footlocker.fr/fr/product/model/puma-speedcat/203029.html
adidas,Adidas Disney Superstar Ii,208722,https://www.footlocker.fr/fr/product/model/adidas-adidas-disney-superstar-ii/208722.html
adidas,Samba Og Comfort Closure Elastic Lace,208721,https://www.footlocker.fr/fr/product/model/adidas-samba-og-comfort-closure-elastic-lace/208721.html
adidas,Mercedes Amg Petronas F1 Lightblaze,203027,https://www.footlocker.fr/fr/product/model/adidas-mercedes-amg-petronas-f1-lightblaze/203027.html
adidas,Argentina Away Jersey 2006 Messi,208724,https://www.footlocker.fr/fr/product/model/adidas-argentina-away-jersey-2006-messi/208724.html
adidas,Adizero Select 2 0 Low,203028,https://www.footlocker.fr/fr/product/model/adidas-adizero-select-2-0-low/203028.html
adidas,Argentina Away Jersey 2006,208723,https://www.footlocker.fr/fr/product/model/adidas-argentina-away-jersey-2006/208723.html
adidas,Zx 500 Rs,208715,https://www.footlocker.fr/fr/product/model/adidas-zx-500-rs/208715.html
adidas,Megaride S2,208714,https://www.footlocker.fr/fr/product/model/adidas-megaride-s2/208714.html
adidas,Terrex Agravic 4 Trail Running,208716,https://www.footlocker.fr/fr/product/model/adidas-terrex-agravic-4-trail-running/208716.html
adidas,Handball Spezial Mercedes,208719,https://www.footlocker.fr/fr/product/model/adidas-handball-spezial-mercedes/208719.html
adidas,Superstar St,208718,https://www.footlocker.fr/fr/product/model/adidas-superstar-st/208718.html
Nike,Adp Puffer,193537,https://www.footlocker.fr/fr/product/model/nike-adp-puffer/193537.html
New Balance,Fresh Foam X Hierro V9,203030,https://www.footlocker.fr/fr/product/model/new-balance-fresh-foam-x-hierro-v9/203030.html
Nike,City Utility,179207,https://www.footlocker.fr/fr/product/model/nike-city-utility/179207.html
adidas,Chile 62,181522,https://www.footlocker.fr/fr/product/model/adidas-chile-62/181522.html
New Balance,997,160620,https://www.footlocker.fr/fr/product/model/new-balance-997/160620.html
New Balance,Dynasoft Nitrel V6 Gore Tex,193506,https://www.footlocker.fr/fr/product/model/new-balance-dynasoft-nitrel-v6-gore-tex/193506.html
adidas,Audi F1 Short Sleeve Polo Shirt,208731,https://www.footlocker.fr/fr/product/model/adidas-audi-f1-short-sleeve-polo-shirt/208731.html
Jordan,Brooklyn,194839,https://www.footlocker.fr/fr/product/model/jordan-brooklyn/194839.html
adidas,Chile Home Jersey 1994,208730,https://www.footlocker.fr/fr/product/model/adidas-chile-home-jersey-1994/208730.html
adidas,Mexico Home Jersey 1986,208733,https://www.footlocker.fr/fr/product/model/adidas-mexico-home-jersey-1986/208733.html
adidas,Colombia Away Jersey 1990,208732,https://www.footlocker.fr/fr/product/model/adidas-colombia-away-jersey-1990/208732.html
adidas,Argentina Home Jersey 2006,208726,https://www.footlocker.fr/fr/product/model/adidas-argentina-home-jersey-2006/208726.html
adidas,Anthony Edwards 1 Low,203048,https://www.footlocker.fr/fr/product/model/adidas-anthony-edwards-1-low/203048.html
adidas,Argentina Away Track Top 2006,208725,https://www.footlocker.fr/fr/product/model/adidas-argentina-away-track-top-2006/208725.html
Nike,Max Uptempo,148979,https://www.footlocker.fr/fr/product/model/nike-max-uptempo/148979.html
adidas,Handball Top Rm,203045,https://www.footlocker.fr/fr/product/model/adidas-handball-top-rm/203045.html
adidas,Argentina Home Track Top 2006,208728,https://www.footlocker.fr/fr/product/model/adidas-argentina-home-track-top-2006/208728.html
adidas,Samba Og X Liberty London,194831,https://www.footlocker.fr/fr/product/model/adidas-samba-og-x-liberty-london/194831.html
adidas,Argentina Home Jersey 2006 Messi,208727,https://www.footlocker.fr/fr/product/model/adidas-argentina-home-jersey-2006-messi/208727.html
adidas,Dame X,203043,https://www.footlocker.fr/fr/product/model/adidas-dame-x/203043.html
adidas,Adiracer Gt Mercedes,203044,https://www.footlocker.fr/fr/product/model/adidas-adiracer-gt-mercedes/203044.html
adidas,Argentina Track Pants 2006,208729,https://www.footlocker.fr/fr/product/model/adidas-argentina-track-pants-2006/208729.html
New Balance,Dynasoft Nitrel V6 Gore Tex,193504,https://www.footlocker.fr/fr/product/model/new-balance-dynasoft-nitrel-v6-gore-tex/193504.html
adidas,X Jeremy Scott Samba Og,203042,https://www.footlocker.fr/fr/product/model/adidas-x-jeremy-scott-samba-og/203042.html
Nike,Air Force 1 Low,161946,https://www.footlocker.fr/fr/product/model/nike-air-force-1-low/161946.html
adidas,Firebird Loose Monogram Tracksuit Bottoms,208740,https://www.footlocker.fr/fr/product/model/adidas-firebird-loose-monogram-tracksuit-bottoms/208740.html
adidas,Panel Jersey,208742,https://www.footlocker.fr/fr/product/model/adidas-panel-jersey/208742.html
adidas,Firebird Loose Monogram Track Top,208741,https://www.footlocker.fr/fr/product/model/adidas-firebird-loose-monogram-track-top/208741.html
adidas,Essentials Rib Tank Maxi Dress Washed,208743,https://www.footlocker.fr/fr/product/model/adidas-essentials-rib-tank-maxi-dress-washed/208743.html
adidas,Adilette Lumia,203049,https://www.footlocker.fr/fr/product/model/adidas-adilette-lumia/203049.html
Nike,Sportswear Boxy Short Sleeve T Shirt,208746,https://www.footlocker.fr/fr/product/model/nike-sportswear-boxy-short-sleeve-t-shirt/208746.html
New Balance,Athletics Heat Grid 1 2 Zip,207415,https://www.footlocker.fr/fr/product/model/new-balance-athletics-heat-grid-1-2-zip/207415.html
Nike,Sportswear Phoenix Fleece Oversized Bottoms,208745,https://www.footlocker.fr/fr/product/model/nike-sportswear-phoenix-fleece-oversized-bottoms/208745.html
Nike,Standard Issue,147657,https://www.footlocker.fr/fr/product/model/nike-standard-issue/147657.html
adidas,Adimule,203051,https://www.footlocker.fr/fr/product/model/adidas-adimule/203051.html
Ugg,Tasman,160616,https://www.footlocker.fr/fr/product/model/ugg-tasman/160616.html
Nike,Metal Swoosh,74479,https://www.footlocker.fr/fr/product/model/nike-metal-swoosh/74479.html
Jordan,Sport Crossover Dri Fit Fleece Trousers,208751,https://www.footlocker.fr/fr/product/model/jordan-sport-crossover-dri-fit-fleece-trousers/208751.html
Jordan,Sport Crossover Dri Fit Fleece Hoodie,208750,https://www.footlocker.fr/fr/product/model/jordan-sport-crossover-dri-fit-fleece-hoodie/208750.html
Nike,Sportswear Phoenix Fleece Oversize Trousers,208753,https://www.footlocker.fr/fr/product/model/nike-sportswear-phoenix-fleece-oversize-trousers/208753.html
Nike,Sportswear Oversized Varsity Jacket,208755,https://www.footlocker.fr/fr/product/model/nike-sportswear-oversized-varsity-jacket/208755.html
New Balance,Linear Heritage Woven Bomber Jacket,207425,https://www.footlocker.fr/fr/product/model/new-balance-linear-heritage-woven-bomber-jacket/207425.html
New Balance,Harmony Flare Pant,207426,https://www.footlocker.fr/fr/product/model/new-balance-harmony-flare-pant/207426.html
New Balance,Sport Essentials Fleece Jogger,207416,https://www.footlocker.fr/fr/product/model/new-balance-sport-essentials-fleece-jogger/207416.html
Nike,Sportswear Tech Fleece Windrunner Hoodie,208748,https://www.footlocker.fr/fr/product/model/nike-sportswear-tech-fleece-windrunner-hoodie/208748.html
Nike,Sportswear Oversized Short Sleeve T Shirt,208747,https://www.footlocker.fr/fr/product/model/nike-sportswear-oversized-short-sleeve-t-shirt/208747.html
Lckr,Embroidered Hooded,194018,https://www.footlocker.fr/fr/product/model/lckr-embroidered-hooded/194018.html
New Balance,740 Bungee Lace,203067,https://www.footlocker.fr/fr/product/model/new-balance-740-bungee-lace/203067.html
New Balance,Sport Essential Short 7 Inches,207418,https://www.footlocker.fr/fr/product/model/new-balance-sport-essential-short-7-inches/207418.html
New Balance,327 Hook And Loop,203068,https://www.footlocker.fr/fr/product/model/new-balance-327-hook-and-loop/203068.html
adidas,Adicolor Teamgeist Loose T Shirt,204398,https://www.footlocker.fr/fr/product/model/adidas-adicolor-teamgeist-loose-t-shirt/204398.html
New Balance,Athletics Premium Relaxed T Shirt,207419,https://www.footlocker.fr/fr/product/model/new-balance-athletics-premium-relaxed-t-shirt/207419.html
Nike,Sportswear Tech Fleece Mid Rise Joggers,208749,https://www.footlocker.fr/fr/product/model/nike-sportswear-tech-fleece-mid-rise-joggers/208749.html
New Balance,2002 Hook And Loop,203065,https://www.footlocker.fr/fr/product/model/new-balance-2002-hook-and-loop/203065.html
adidas,Adilenium Season 4 Teamgeist Joggers,204397,https://www.footlocker.fr/fr/product/model/adidas-adilenium-season-4-teamgeist-joggers/204397.html
adidas,Originals Satin Firebird Track Top,204396,https://www.footlocker.fr/fr/product/model/adidas-originals-satin-firebird-track-top/204396.html
adidas,Samba Og X Liberty London,203063,https://www.footlocker.fr/fr/product/model/adidas-samba-og-x-liberty-london/203063.html
adidas,Originals Satin Shorts,204395,https://www.footlocker.fr/fr/product/model/adidas-originals-satin-shorts/204395.html
Crocs,Crocband Sandal,175730,https://www.footlocker.fr/fr/product/model/crocs-crocband-sandal/175730.html
adidas,Adilenium Season 4 Teamgeist Track Top,204393,https://www.footlocker.fr/fr/product/model/adidas-adilenium-season-4-teamgeist-track-top/204393.html
Jordan,X Realtree,196672,https://www.footlocker.fr/fr/product/model/jordan-x-realtree/196672.html
adidas,Adilenium Season 4 Teamgeist Jersey,204392,https://www.footlocker.fr/fr/product/model/adidas-adilenium-season-4-teamgeist-jersey/204392.html
adidas,Originals X Liberty London Sweatshirt,204391,https://www.footlocker.fr/fr/product/model/adidas-originals-x-liberty-london-sweatshirt/204391.html
Nike,Sportswear Phoenix Fleece Wide Leg Trousers,208760,https://www.footlocker.fr/fr/product/model/nike-sportswear-phoenix-fleece-wide-leg-trousers/208760.html
New Balance,Sport Essentials Puffer Jacket,207431,https://www.footlocker.fr/fr/product/model/new-balance-sport-essentials-puffer-jacket/207431.html
Nike,Sportswear Loose Mid Rise Satin Trousers,208761,https://www.footlocker.fr/fr/product/model/nike-sportswear-loose-mid-rise-satin-trousers/208761.html
Nike,Sportswear Shox Woven Trousers,208766,https://www.footlocker.fr/fr/product/model/nike-sportswear-shox-woven-trousers/208766.html
New Balance,9060 X,206104,https://www.footlocker.fr/fr/product/model/new-balance-9060-x/206104.html
New Balance,1000,206105,https://www.footlocker.fr/fr/product/model/new-balance-1000/206105.html
Nike,Sportswear Oversized Mid Rise Trousers,208768,https://www.footlocker.fr/fr/product/model/nike-sportswear-oversized-mid-rise-trousers/208768.html
Nike,Sportswear Phoenix Fleece Shox Trousers,208767,https://www.footlocker.fr/fr/product/model/nike-sportswear-phoenix-fleece-shox-trousers/208767.html
New Balance,Harmony Full Zip,207427,https://www.footlocker.fr/fr/product/model/new-balance-harmony-full-zip/207427.html
Nike,Sportswear Phoenix Fleece Mid Rise Shorts,208758,https://www.footlocker.fr/fr/product/model/nike-sportswear-phoenix-fleece-mid-rise-shorts/208758.html
New Balance,Twill Cargo Jogger,203078,https://www.footlocker.fr/fr/product/model/new-balance-twill-cargo-jogger/203078.html
New Balance,Ribbed Fitted T Shirt,207429,https://www.footlocker.fr/fr/product/model/new-balance-ribbed-fitted-t-shirt/207429.html
New Balance,Ripstop Cargo Pant,203077,https://www.footlocker.fr/fr/product/model/new-balance-ripstop-cargo-pant/203077.html
adidas,Adilette 22 Slide,148128,https://www.footlocker.fr/fr/product/model/adidas-adilette-22-slide/148128.html
adidas,Handball Spezial X Liberty London,203074,https://www.footlocker.fr/fr/product/model/adidas-handball-spezial-x-liberty-london/203074.html
New Balance,480,203072,https://www.footlocker.fr/fr/product/model/new-balance-480/203072.html
New Balance,Fresh Foam 625 Hook And Loop,203070,https://www.footlocker.fr/fr/product/model/new-balance-fresh-foam-625-hook-and-loop/203070.html
Nike,Sportswear Cropped T Shirt,208770,https://www.footlocker.fr/fr/product/model/nike-sportswear-cropped-t-shirt/208770.html
adidas,Germany Home 26,206110,https://www.footlocker.fr/fr/product/model/adidas-germany-home-26/206110.html
Nike,Sportswear Shox Woven Jacket,208773,https://www.footlocker.fr/fr/product/model/nike-sportswear-shox-woven-jacket/208773.html
adidas,Germany Away 26,206111,https://www.footlocker.fr/fr/product/model/adidas-germany-away-26/206111.html
Nike,Sportswear Graphic T Shirt,208772,https://www.footlocker.fr/fr/product/model/nike-sportswear-graphic-t-shirt/208772.html
New Balance,Heat Grid Vest,206112,https://www.footlocker.fr/fr/product/model/new-balance-heat-grid-vest/206112.html
adidas,Superstar Tracksuit,208775,https://www.footlocker.fr/fr/product/model/adidas-superstar-tracksuit/208775.html
New Balance,Athletics Logo T Shirt,206113,https://www.footlocker.fr/fr/product/model/new-balance-athletics-logo-t-shirt/206113.html
New Balance,Athletics Legacy Hoodie,206114,https://www.footlocker.fr/fr/product/model/new-balance-athletics-legacy-hoodie/206114.html
adidas,Juventus 25 26 Pre Match Jersey Youth,208777,https://www.footlocker.fr/fr/product/model/adidas-juventus-25-26-pre-match-jersey-youth/208777.html
New Balance,Athletics Classics Hoodie,206115,https://www.footlocker.fr/fr/product/model/new-balance-athletics-classics-hoodie/206115.html
New Balance,Sport Essentials French Terry Hoodie,206116,https://www.footlocker.fr/fr/product/model/new-balance-sport-essentials-french-terry-hoodie/206116.html
New Balance,Sport Essentials Cotton T Shirt,206117,https://www.footlocker.fr/fr/product/model/new-balance-sport-essentials-cotton-t-shirt/206117.html
Nike,Cozy Jacquard,196657,https://www.footlocker.fr/fr/product/model/nike-cozy-jacquard/196657.html
New Balance,480,206107,https://www.footlocker.fr/fr/product/model/new-balance-480/206107.html
Nike,Glow With Me,196658,https://www.footlocker.fr/fr/product/model/nike-glow-with-me/196658.html
New Balance,B480,206108,https://www.footlocker.fr/fr/product/model/new-balance-b480/206108.html
Nike,Sportswear Velour Trousers,208769,https://www.footlocker.fr/fr/product/model/nike-sportswear-velour-trousers/208769.html
Puma,Mb 05 Flutter,203089,https://www.footlocker.fr/fr/product/model/puma-mb-05-flutter/203089.html
adidas,Spain Home 26,206109,https://www.footlocker.fr/fr/product/model/adidas-spain-home-26/206109.html
Nike,Lurex Waffle,196656,https://www.footlocker.fr/fr/product/model/nike-lurex-waffle/196656.html
Puma,Mb 05 Stainless,203088,https://www.footlocker.fr/fr/product/model/puma-mb-05-stainless/203088.html
Nike,Cozy Comfort,196650,https://www.footlocker.fr/fr/product/model/nike-cozy-comfort/196650.html
adidas,Originals X Liberty London Firebird Track Jogger,203081,https://www.footlocker.fr/fr/product/model/adidas-originals-x-liberty-london-firebird-track-jogger/203081.html
Nike,Shox Tl,78869,https://www.footlocker.fr/fr/product/model/nike-shox-tl/78869.html
Jordan,Mountainside Boucle,196653,https://www.footlocker.fr/fr/product/model/jordan-mountainside-boucle/196653.html
adidas,Originals X Liberty London Crew Set Kids,203080,https://www.footlocker.fr/fr/product/model/adidas-originals-x-liberty-london-crew-set-kids/203080.html
Nike,Club Hbr,137494,https://www.footlocker.fr/fr/product/model/nike-club-hbr/137494.html
adidas,Mercedes,200818,https://www.footlocker.fr/fr/product/model/adidas-mercedes/200818.html
New Balance,Athletics Graphic T Shirt,206120,https://www.footlocker.fr/fr/product/model/new-balance-athletics-graphic-t-shirt/206120.html
New Balance,Abzorb 2000,207452,https://www.footlocker.fr/fr/product/model/new-balance-abzorb-2000/207452.html
New Balance,Reimagined Woven Jogger,206123,https://www.footlocker.fr/fr/product/model/new-balance-reimagined-woven-jogger/206123.html
New Balance,Post Season Pique Track Jacket,206124,https://www.footlocker.fr/fr/product/model/new-balance-post-season-pique-track-jacket/206124.html
New Balance,Abzorb 2000,207455,https://www.footlocker.fr/fr/product/model/new-balance-abzorb-2000/207455.html
New Balance,High Rise Legging,206128,https://www.footlocker.fr/fr/product/model/new-balance-high-rise-legging/206128.html
New Balance,Athletics Heat Grid Half Zip,206118,https://www.footlocker.fr/fr/product/model/new-balance-athletics-heat-grid-half-zip/206118.html
New Balance,Athletics Premium Back Logo,206119,https://www.footlocker.fr/fr/product/model/new-balance-athletics-premium-back-logo/206119.html
Puma,Velocity Nitro 4,203098,https://www.footlocker.fr/fr/product/model/puma-velocity-nitro-4/203098.html
New Balance,Fresh Foam Trainer,203099,https://www.footlocker.fr/fr/product/model/new-balance-fresh-foam-trainer/203099.html
Puma,Fade Nitro Ls,203097,https://www.footlocker.fr/fr/product/model/puma-fade-nitro-ls/203097.html
Jordan,X Realtree,196660,https://www.footlocker.fr/fr/product/model/jordan-x-realtree/196660.html
Puma,Hali 1 Playoff,203094,https://www.footlocker.fr/fr/product/model/puma-hali-1-playoff/203094.html
Jordan,Mvp Overall,196661,https://www.footlocker.fr/fr/product/model/jordan-mvp-overall/196661.html
Puma,Lafrance Rnnr Neon,203095,https://www.footlocker.fr/fr/product/model/puma-lafrance-rnnr-neon/203095.html
Puma,Scoot Zeros Iii,203093,https://www.footlocker.fr/fr/product/model/puma-scoot-zeros-iii/203093.html
adidas,Vl Court Bold,194001,https://www.footlocker.fr/fr/product/model/adidas-vl-court-bold/194001.html
Jordan,X Realtree,196664,https://www.footlocker.fr/fr/product/model/jordan-x-realtree/196664.html
adidas,Campus 00S X Liberty London,194000,https://www.footlocker.fr/fr/product/model/adidas-campus-00s-x-liberty-london/194000.html
Jordan,X Psg Statement,196662,https://www.footlocker.fr/fr/product/model/jordan-x-psg-statement/196662.html
adidas,Campus 00S X Liberty London,194002,https://www.footlocker.fr/fr/product/model/adidas-campus-00s-x-liberty-london/194002.html
Jordan,X Psg Diamond,196663,https://www.footlocker.fr/fr/product/model/jordan-x-psg-diamond/196663.html
adidas,Escape Alpine,200828,https://www.footlocker.fr/fr/product/model/adidas-escape-alpine/200828.html
adidas,Windbreak,200824,https://www.footlocker.fr/fr/product/model/adidas-windbreak/200824.html
adidas,Warp Knit,200827,https://www.footlocker.fr/fr/product/model/adidas-warp-knit/200827.html
New Balance,Woven Cargo Pant,206130,https://www.footlocker.fr/fr/product/model/new-balance-woven-cargo-pant/206130.html
adidas,Windbreak,200826,https://www.footlocker.fr/fr/product/model/adidas-windbreak/200826.html
New Balance,Reimagined Fleece Barrel Pant,206131,https://www.footlocker.fr/fr/product/model/new-balance-reimagined-fleece-barrel-pant/206131.html
New Balance,Reimagined Fleece Wide Pant,206132,https://www.footlocker.fr/fr/product/model/new-balance-reimagined-fleece-wide-pant/206132.html
adidas,Tiro 24,180290,https://www.footlocker.fr/fr/product/model/adidas-tiro-24/180290.html
New Balance,Reimagined Fleece Crew,206133,https://www.footlocker.fr/fr/product/model/new-balance-reimagined-fleece-crew/206133.html
Nike,Air Max Day,149411,https://www.footlocker.fr/fr/product/model/nike-air-max-day/149411.html
New Balance,Linear Heritage Relaxed T Shirt,206134,https://www.footlocker.fr/fr/product/model/new-balance-linear-heritage-relaxed-t-shirt/206134.html
New Balance,Ribbed High Rise Legging,206135,https://www.footlocker.fr/fr/product/model/new-balance-ribbed-high-rise-legging/206135.html
New Balance,Sport Essentials French Terry Crew,206136,https://www.footlocker.fr/fr/product/model/new-balance-sport-essentials-french-terry-crew/206136.html
New Balance,Space Dye Full Zip,206137,https://www.footlocker.fr/fr/product/model/new-balance-space-dye-full-zip/206137.html
Salomon,Xt 6 Gtx,207468,https://www.footlocker.fr/fr/product/model/salomon-xt-6-gtx/207468.html
New Balance,Boylston Twill Trouser,206138,https://www.footlocker.fr/fr/product/model/new-balance-boylston-twill-trouser/206138.html
Nike,Journey Run,192279,https://www.footlocker.fr/fr/product/model/nike-journey-run/192279.html
adidas,Crew,146377,https://www.footlocker.fr/fr/product/model/adidas-crew/146377.html
Nike,Kawa Slide,173991,https://www.footlocker.fr/fr/product/model/nike-kawa-slide/173991.html
Puma,Speedcat Metallic,196630,https://www.footlocker.fr/fr/product/model/puma-speedcat-metallic/196630.html
adidas,Harden Volume 10,200839,https://www.footlocker.fr/fr/product/model/adidas-harden-volume-10/200839.html
New Balance,Athletics Premium Logo Cropped Tee,206140,https://www.footlocker.fr/fr/product/model/new-balance-athletics-premium-logo-cropped-tee/206140.html
adidas,Anthony Edwards 2 Low,200838,https://www.footlocker.fr/fr/product/model/adidas-anthony-edwards-2-low/200838.html
New Balance,Rugby Long Sleeve,206142,https://www.footlocker.fr/fr/product/model/new-balance-rugby-long-sleeve/206142.html
adidas,Superstar Regular,200831,https://www.footlocker.fr/fr/product/model/adidas-superstar-regular/200831.html
adidas,Superstar Colorblock,200830,https://www.footlocker.fr/fr/product/model/adidas-superstar-colorblock/200830.html
Asics,Gel 1130,180279,https://www.footlocker.fr/fr/product/model/asics-gel-1130/180279.html
Asics,Gel Quantum 360 Vii,128534,https://www.footlocker.fr/fr/product/model/asics-gel-quantum-360-vii/128534.html
Ugg,Classic Mini Dipper,180273,https://www.footlocker.fr/fr/product/model/ugg-classic-mini-dipper/180273.html
Nike,G T Cut Academy,183300,https://www.footlocker.fr/fr/product/model/nike-g-t-cut-academy/183300.html
adidas,Superstar St,200841,https://www.footlocker.fr/fr/product/model/adidas-superstar-st/200841.html
adidas,Adizero Evo Sl Atr,200840,https://www.footlocker.fr/fr/product/model/adidas-adizero-evo-sl-atr/200840.html
Converse,Ctas Lift Ox,192250,https://www.footlocker.fr/fr/product/model/converse-ctas-lift-ox/192250.html
Jordan,Aj1,193583,https://www.footlocker.fr/fr/product/model/jordan-aj1/193583.html
adidas,Climacool Laced,207491,https://www.footlocker.fr/fr/product/model/adidas-climacool-laced/207491.html
adidas,Adizero Evo Sl Exo,207493,https://www.footlocker.fr/fr/product/model/adidas-adizero-evo-sl-exo/207493.html
adidas,Dropset 4,207494,https://www.footlocker.fr/fr/product/model/adidas-dropset-4/207494.html
Nike,Windrunner,64268,https://www.footlocker.fr/fr/product/model/nike-windrunner/64268.html
adidas,Grand Court Lifestyle Hook And Loop,207497,https://www.footlocker.fr/fr/product/model/adidas-grand-court-lifestyle-hook-and-loop/207497.html
adidas,Disney Superstar Led Lights,207498,https://www.footlocker.fr/fr/product/model/adidas-disney-superstar-led-lights/207498.html
adidas,Tensaur Sport 3 0S,207499,https://www.footlocker.fr/fr/product/model/adidas-tensaur-sport-3-0s/207499.html
adidas,Adicolor 3 Stripes,180284,https://www.footlocker.fr/fr/product/model/adidas-adicolor-3-stripes/180284.html
Puma,Mirage Sport Dj Snake,130825,https://www.footlocker.fr/fr/product/model/puma-mirage-sport-dj-snake/130825.html
Puma,Mb 05 Wings,196625,https://www.footlocker.fr/fr/product/model/puma-mb-05-wings/196625.html
Puma,Lafrance Bright Lights,196622,https://www.footlocker.fr/fr/product/model/puma-lafrance-bright-lights/196622.html
Puma,Lafrance Rnnr Reflection,196623,https://www.footlocker.fr/fr/product/model/puma-lafrance-rnnr-reflection/196623.html
Puma,Mb 05 Shine,196628,https://www.footlocker.fr/fr/product/model/puma-mb-05-shine/196628.html
Puma,Scoot Zeros Ii Vegas Nights,196629,https://www.footlocker.fr/fr/product/model/puma-scoot-zeros-ii-vegas-nights/196629.html
Puma,Mb 05 Encore,196626,https://www.footlocker.fr/fr/product/model/puma-mb-05-encore/196626.html
Puma,Mb 05 Rickandmorty,196627,https://www.footlocker.fr/fr/product/model/puma-mb-05-rickandmorty/196627.html
Puma,All Pro Nitro 2 E T,196620,https://www.footlocker.fr/fr/product/model/puma-all-pro-nitro-2-e-t/196620.html
adidas,Loose Jersey,200869,https://www.footlocker.fr/fr/product/model/adidas-loose-jersey/200869.html
adidas,Firebird,200868,https://www.footlocker.fr/fr/product/model/adidas-firebird/200868.html
adidas,Firebird Denim,200865,https://www.footlocker.fr/fr/product/model/adidas-firebird-denim/200865.html
New,Era Kids 9Forty Mlb La Dodgers,154769,https://www.footlocker.fr/fr/product/model/new-era-kids-9forty-mlb-la-dodgers/154769.html
adidas,X Disney Alice In Wonderland,200867,https://www.footlocker.fr/fr/product/model/adidas-x-disney-alice-in-wonderland/200867.html
adidas,Firebird Denim,200866,https://www.footlocker.fr/fr/product/model/adidas-firebird-denim/200866.html
adidas,Firebird Denim,200861,https://www.footlocker.fr/fr/product/model/adidas-firebird-denim/200861.html
adidas,Jersey,200860,https://www.footlocker.fr/fr/product/model/adidas-jersey/200860.html
adidas,X Disney Alice In Wonderland,200863,https://www.footlocker.fr/fr/product/model/adidas-x-disney-alice-in-wonderland/200863.html
adidas,Firebird Denim,200862,https://www.footlocker.fr/fr/product/model/adidas-firebird-denim/200862.html
adidas,Firebird Denim,200870,https://www.footlocker.fr/fr/product/model/adidas-firebird-denim/200870.html
adidas,Adilette Ayoon,173035,https://www.footlocker.fr/fr/product/model/adidas-adilette-ayoon/173035.html
New Balance,327,145803,https://www.footlocker.fr/fr/product/model/new-balance-327/145803.html
Jordan,Trunner Lx,197006,https://www.footlocker.fr/fr/product/model/jordan-trunner-lx/197006.html
Jordan,Sky 1,92298,https://www.footlocker.fr/fr/product/model/jordan-sky-1/92298.html
Nike,Bos Swingman,203909,https://www.footlocker.fr/fr/product/model/nike-bos-swingman/203909.html
adidas,Jude Bellingham,200875,https://www.footlocker.fr/fr/product/model/adidas-jude-bellingham/200875.html
adidas,Denim Jorts,200872,https://www.footlocker.fr/fr/product/model/adidas-denim-jorts/200872.html
adidas,Firebird Denim,200871,https://www.footlocker.fr/fr/product/model/adidas-firebird-denim/200871.html
adidas,Lamine Yamal,200874,https://www.footlocker.fr/fr/product/model/adidas-lamine-yamal/200874.html
adidas,Lamine Yamal,200873,https://www.footlocker.fr/fr/product/model/adidas-lamine-yamal/200873.html
Nike,Air Max Phoenix,197018,https://www.footlocker.fr/fr/product/model/nike-air-max-phoenix/197018.html
adidas,Adicolor Trefoil,152102,https://www.footlocker.fr/fr/product/model/adidas-adicolor-trefoil/152102.html
Under,Armour Pronto Puffer,199679,https://www.footlocker.fr/fr/product/model/under-armour-pronto-puffer/199679.html
Jordan,Brand Photo,186332,https://www.footlocker.fr/fr/product/model/jordan-brand-photo/186332.html
On,Cloudtilt Remix,200886,https://www.footlocker.fr/fr/product/model/on-cloudtilt-remix/200886.html
Jordan,Mj Sport,186330,https://www.footlocker.fr/fr/product/model/jordan-mj-sport/186330.html
On,Cloudmonster Void,200882,https://www.footlocker.fr/fr/product/model/on-cloudmonster-void/200882.html
Jordan,Jumpman Pro Adjustable,203910,https://www.footlocker.fr/fr/product/model/jordan-jumpman-pro-adjustable/203910.html
On,Cloudswift Amp,200885,https://www.footlocker.fr/fr/product/model/on-cloudswift-amp/200885.html
On,Cloudsurfer Next,200884,https://www.footlocker.fr/fr/product/model/on-cloudsurfer-next/200884.html
adidas,Inter Miami Cf Away Jersey Kids Messi,210209,https://www.footlocker.fr/fr/product/model/adidas-inter-miami-cf-away-jersey-kids-messi/210209.html
adidas,Inter Miami Cf Away Jersey Kids,210208,https://www.footlocker.fr/fr/product/model/adidas-inter-miami-cf-away-jersey-kids/210208.html
Jordan,Flight Court,199647,https://www.footlocker.fr/fr/product/model/jordan-flight-court/199647.html
adidas,Loose Lace Joggers,210207,https://www.footlocker.fr/fr/product/model/adidas-loose-lace-joggers/210207.html
adidas,Loose Crew Set,210202,https://www.footlocker.fr/fr/product/model/adidas-loose-crew-set/210202.html
adidas,Oversized Crew Leggings Set,210201,https://www.footlocker.fr/fr/product/model/adidas-oversized-crew-leggings-set/210201.html
adidas,Essentials Fleece Oversized Sweatshirt,210200,https://www.footlocker.fr/fr/product/model/adidas-essentials-fleece-oversized-sweatshirt/210200.html
Nike,Field General,199646,https://www.footlocker.fr/fr/product/model/nike-field-general/199646.html
adidas,Boxy Crew Sweatshirt,210206,https://www.footlocker.fr/fr/product/model/adidas-boxy-crew-sweatshirt/210206.html
adidas,Jamaica 26 X Bob Marley Home Kids Set,210205,https://www.footlocker.fr/fr/product/model/adidas-jamaica-26-x-bob-marley-home-kids-set/210205.html
Lckr,Essential,173054,https://www.footlocker.fr/fr/product/model/lckr-essential/173054.html
adidas,Regular Waffle Short T Shirt Set,210204,https://www.footlocker.fr/fr/product/model/adidas-regular-waffle-short-t-shirt-set/210204.html
adidas,La Trainer 1,145828,https://www.footlocker.fr/fr/product/model/adidas-la-trainer-1/145828.html
adidas,Disney Crew Set,210203,https://www.footlocker.fr/fr/product/model/adidas-disney-crew-set/210203.html
New,Era Kids 9Forty Mlb New York Yankees,154770,https://www.footlocker.fr/fr/product/model/new-era-kids-9forty-mlb-new-york-yankees/154770.html
adidas,Adiracer Hi Mercedes Amg Petronas F1 Team,209237,https://www.footlocker.fr/fr/product/model/adidas-adiracer-hi-mercedes-amg-petronas-f1-team/209237.html
adidas,Supernova Rise 3 Adaptive,209236,https://www.footlocker.fr/fr/product/model/adidas-supernova-rise-3-adaptive/209236.html
adidas,Adiracer Lo Mercedes Amg Petronas F1 Team,209239,https://www.footlocker.fr/fr/product/model/adidas-adiracer-lo-mercedes-amg-petronas-f1-team/209239.html
adidas,Adiracer Lo Audi F1 Team,209238,https://www.footlocker.fr/fr/product/model/adidas-adiracer-lo-audi-f1-team/209238.html
Jordan,Spike,5291,https://www.footlocker.fr/fr/product/model/jordan-spike/5291.html
Banlieue,The Runner,199659,https://www.footlocker.fr/fr/product/model/banlieue-the-runner/199659.html
adidas,Twill Trousers,210210,https://www.footlocker.fr/fr/product/model/adidas-twill-trousers/210210.html
adidas,Mercedes Amg Petronas F1 Barreda Decode,209240,https://www.footlocker.fr/fr/product/model/adidas-mercedes-amg-petronas-f1-barreda-decode/209240.html
Nike,Club Fleece Crew,98404,https://www.footlocker.fr/fr/product/model/nike-club-fleece-crew/98404.html
adidas,Zx 500 Rs,209241,https://www.footlocker.fr/fr/product/model/adidas-zx-500-rs/209241.html
adidas,Greece 26 Home Jersey,209243,https://www.footlocker.fr/fr/product/model/adidas-greece-26-home-jersey/209243.html
Nike,X Fff Air Max Tuned 1,210226,https://www.footlocker.fr/fr/product/model/nike-x-fff-air-max-tuned-1/210226.html
Jordan,Mj Sport,186329,https://www.footlocker.fr/fr/product/model/jordan-mj-sport/186329.html
adidas,Manchester United Stone Roses Jersey,209253,https://www.footlocker.fr/fr/product/model/adidas-manchester-united-stone-roses-jersey/209253.html
adidas,Greece 26 Home Jersey,209252,https://www.footlocker.fr/fr/product/model/adidas-greece-26-home-jersey/209252.html
Nike,Nba La Lakers,161000,https://www.footlocker.fr/fr/product/model/nike-nba-la-lakers/161000.html
New Balance,Essentials,198306,https://www.footlocker.fr/fr/product/model/new-balance-essentials/198306.html
Nike,Reactx Rejuven8,199635,https://www.footlocker.fr/fr/product/model/nike-reactx-rejuven8/199635.html
New Balance,530 Bungee Lace,210238,https://www.footlocker.fr/fr/product/model/new-balance-530-bungee-lace/210238.html
Puma,Morocco Pumatech,202628,https://www.footlocker.fr/fr/product/model/puma-morocco-pumatech/202628.html
Puma,Portugal Away 26,202629,https://www.footlocker.fr/fr/product/model/puma-portugal-away-26/202629.html
Puma,Morocco Home 26,202626,https://www.footlocker.fr/fr/product/model/puma-morocco-home-26/202626.html
Asics,Gel Venture 6,161036,https://www.footlocker.fr/fr/product/model/asics-gel-venture-6/161036.html
Puma,Morocco Away 26,202625,https://www.footlocker.fr/fr/product/model/puma-morocco-away-26/202625.html
Nike,Nba Nba Swingman,133801,https://www.footlocker.fr/fr/product/model/nike-nba-nba-swingman/133801.html
adidas,Samba Jane,202622,https://www.footlocker.fr/fr/product/model/adidas-samba-jane/202622.html
adidas,Samba Jane,202623,https://www.footlocker.fr/fr/product/model/adidas-samba-jane/202623.html
Puma,Portugal Home 26,202630,https://www.footlocker.fr/fr/product/model/puma-portugal-home-26/202630.html
New Balance,Interlock Pant,210246,https://www.footlocker.fr/fr/product/model/new-balance-interlock-pant/210246.html
New Balance,Trackside Oversized T Shirt,210248,https://www.footlocker.fr/fr/product/model/new-balance-trackside-oversized-t-shirt/210248.html
New Balance,Sport Essential Short 3,210247,https://www.footlocker.fr/fr/product/model/new-balance-sport-essential-short-3/210247.html
Crocs,Classic Clog,128489,https://www.footlocker.fr/fr/product/model/crocs-classic-clog/128489.html
adidas,Adilette,161029,https://www.footlocker.fr/fr/product/model/adidas-adilette/161029.html
Puma,Olympic Marseille Pumatech,202639,https://www.footlocker.fr/fr/product/model/puma-olympic-marseille-pumatech/202639.html
Puma,Olympic Marseille King Retro,202637,https://www.footlocker.fr/fr/product/model/puma-olympic-marseille-king-retro/202637.html
Puma,Olympic Marseille 25 26 Special Edition,202638,https://www.footlocker.fr/fr/product/model/puma-olympic-marseille-25-26-special-edition/202638.html
Puma,Senegal Away 26,202635,https://www.footlocker.fr/fr/product/model/puma-senegal-away-26/202635.html
Jordan,Post Slide,154737,https://www.footlocker.fr/fr/product/model/jordan-post-slide/154737.html
Puma,Olympic Marseille Pumatech,202640,https://www.footlocker.fr/fr/product/model/puma-olympic-marseille-pumatech/202640.html
adidas,Jamaica Away 26,202641,https://www.footlocker.fr/fr/product/model/adidas-jamaica-away-26/202641.html
Nike,Calm Sandal,176990,https://www.footlocker.fr/fr/product/model/nike-calm-sandal/176990.html
Crocs,Hiker Xscape Clog,156544,https://www.footlocker.fr/fr/product/model/crocs-hiker-xscape-clog/156544.html
On,Cloudmonster,181500,https://www.footlocker.fr/fr/product/model/on-cloudmonster/181500.html
New,Era 9Forty Mlb New York Yankees,152181,https://www.footlocker.fr/fr/product/model/new-era-9forty-mlb-new-york-yankees/152181.html
Puma,Melo X Fast And Furious,202648,https://www.footlocker.fr/fr/product/model/puma-melo-x-fast-and-furious/202648.html
Puma,Melo X Fast And Furious,202649,https://www.footlocker.fr/fr/product/model/puma-melo-x-fast-and-furious/202649.html
Puma,Puma X Pokemon,202646,https://www.footlocker.fr/fr/product/model/puma-puma-x-pokemon/202646.html
Puma,Melo X Fast And Furious,202647,https://www.footlocker.fr/fr/product/model/puma-melo-x-fast-and-furious/202647.html
Puma,Puma X Pokemon,202644,https://www.footlocker.fr/fr/product/model/puma-puma-x-pokemon/202644.html
Puma,Puma X Pokemon,202645,https://www.footlocker.fr/fr/product/model/puma-puma-x-pokemon/202645.html
adidas,Jamaica Home 26,202642,https://www.footlocker.fr/fr/product/model/adidas-jamaica-home-26/202642.html
Skechers,Game Kicks,164165,https://www.footlocker.fr/fr/product/model/skechers-game-kicks/164165.html
adidas,Jamaica,202643,https://www.footlocker.fr/fr/product/model/adidas-jamaica/202643.html
Puma,La France Supply,202652,https://www.footlocker.fr/fr/product/model/puma-la-france-supply/202652.html
Puma,La France Trail,202650,https://www.footlocker.fr/fr/product/model/puma-la-france-trail/202650.html
New Balance,Abzorb 2000,209295,https://www.footlocker.fr/fr/product/model/new-balance-abzorb-2000/209295.html
adidas,Gazelle,181513,https://www.footlocker.fr/fr/product/model/adidas-gazelle/181513.html
New Balance,5030,209297,https://www.footlocker.fr/fr/product/model/new-balance-5030/209297.html
New Balance,Trn,209296,https://www.footlocker.fr/fr/product/model/new-balance-trn/209296.html
New Balance,480P,209299,https://www.footlocker.fr/fr/product/model/new-balance-480p/209299.html
New Balance,509,209298,https://www.footlocker.fr/fr/product/model/new-balance-509/209298.html
adidas,Samba Og X Liberty London,194829,https://www.footlocker.fr/fr/product/model/adidas-samba-og-x-liberty-london/194829.html
adidas,Firebird Mesh,202657,https://www.footlocker.fr/fr/product/model/adidas-firebird-mesh/202657.html
adidas,Mexico Fmf Home,202658,https://www.footlocker.fr/fr/product/model/adidas-mexico-fmf-home/202658.html
Puma,La France Supply,202655,https://www.footlocker.fr/fr/product/model/puma-la-france-supply/202655.html
adidas,Firebird Mesh,202656,https://www.footlocker.fr/fr/product/model/adidas-firebird-mesh/202656.html
Puma,La France Supply,202653,https://www.footlocker.fr/fr/product/model/puma-la-france-supply/202653.html
Puma,La France Supply,202654,https://www.footlocker.fr/fr/product/model/puma-la-france-supply/202654.html
adidas,Algeria Faf Home,202662,https://www.footlocker.fr/fr/product/model/adidas-algeria-faf-home/202662.html
adidas,Italy Figc Home,202663,https://www.footlocker.fr/fr/product/model/adidas-italy-figc-home/202663.html
adidas,Argentina Afa Home,202660,https://www.footlocker.fr/fr/product/model/adidas-argentina-afa-home/202660.html
Vrunk,Bees,189484,https://www.footlocker.fr/fr/product/model/vrunk-bees/189484.html
adidas,Campus 00S Comfort Closure Elastic Lace,194825,https://www.footlocker.fr/fr/product/model/adidas-campus-00s-comfort-closure-elastic-lace/194825.html
Jordan,World Tour,197098,https://www.footlocker.fr/fr/product/model/jordan-world-tour/197098.html
New Balance,740,182811,https://www.footlocker.fr/fr/product/model/new-balance-740/182811.html
adidas,Germany Dfb Home,202666,https://www.footlocker.fr/fr/product/model/adidas-germany-dfb-home/202666.html
adidas,Adicolor Classics 3 Stripes,144583,https://www.footlocker.fr/fr/product/model/adidas-adicolor-classics-3-stripes/144583.html
adidas,Jamaica Jff Away,202667,https://www.footlocker.fr/fr/product/model/adidas-jamaica-jff-away/202667.html
adidas,Italy Figc Home,202664,https://www.footlocker.fr/fr/product/model/adidas-italy-figc-home/202664.html
adidas,Germany Dfb Home,202665,https://www.footlocker.fr/fr/product/model/adidas-germany-dfb-home/202665.html
Nike,Air Max Dn8,189452,https://www.footlocker.fr/fr/product/model/nike-air-max-dn8/189452.html
New Balance,9060Z,210288,https://www.footlocker.fr/fr/product/model/new-balance-9060z/210288.html
Ugg,Dune Slip On,155242,https://www.footlocker.fr/fr/product/model/ugg-dune-slip-on/155242.html
Lacoste,Carnaby,94894,https://www.footlocker.fr/fr/product/model/lacoste-carnaby/94894.html
Vrunk,Headshot,205709,https://www.footlocker.fr/fr/product/model/vrunk-headshot/205709.html
Vrunk,Headshot,205708,https://www.footlocker.fr/fr/product/model/vrunk-headshot/205708.html
Vrunk,Headshot,205707,https://www.footlocker.fr/fr/product/model/vrunk-headshot/205707.html
adidas,Adilette 25,194804,https://www.footlocker.fr/fr/product/model/adidas-adilette-25/194804.html
Vrunk,Headshot,205706,https://www.footlocker.fr/fr/product/model/vrunk-headshot/205706.html
Vrunk,Headshot,205705,https://www.footlocker.fr/fr/product/model/vrunk-headshot/205705.html
adidas,Adizero Aruku,194802,https://www.footlocker.fr/fr/product/model/adidas-adizero-aruku/194802.html
Salomon,Xt Pathway 2,191777,https://www.footlocker.fr/fr/product/model/salomon-xt-pathway-2/191777.html
Nike,Air Force 1 07,191775,https://www.footlocker.fr/fr/product/model/nike-air-force-1-07/191775.html
adidas,Forum Low,191771,https://www.footlocker.fr/fr/product/model/adidas-forum-low/191771.html
Nike,Nba Orlandos Magic,201359,https://www.footlocker.fr/fr/product/model/nike-nba-orlandos-magic/201359.html
Nike,Ruffle,189427,https://www.footlocker.fr/fr/product/model/nike-ruffle/189427.html
Converse,Ctas Ox,201355,https://www.footlocker.fr/fr/product/model/converse-ctas-ox/201355.html
Nike,Nba Orlandos Magic,201358,https://www.footlocker.fr/fr/product/model/nike-nba-orlandos-magic/201358.html
Nike,Nba Sga Thunder Swingman,201357,https://www.footlocker.fr/fr/product/model/nike-nba-sga-thunder-swingman/201357.html
Nike,Air Force 1 07 Next Nature,185070,https://www.footlocker.fr/fr/product/model/nike-air-force-1-07-next-nature/185070.html
Nike,Mbappe,197045,https://www.footlocker.fr/fr/product/model/nike-mbappe/197045.html
Nike,Kobe Winterized,197043,https://www.footlocker.fr/fr/product/model/nike-kobe-winterized/197043.html
Nike,Ruffle,189436,https://www.footlocker.fr/fr/product/model/nike-ruffle/189436.html
Vrunk,Headshot,205729,https://www.footlocker.fr/fr/product/model/vrunk-headshot/205729.html
Nike,Dri Fit,189432,https://www.footlocker.fr/fr/product/model/nike-dri-fit/189432.html
New Balance,9060,164112,https://www.footlocker.fr/fr/product/model/new-balance-9060/164112.html
Crocs,Classic Clog,164110,https://www.footlocker.fr/fr/product/model/crocs-classic-clog/164110.html
Lacoste,Serve Slide 1,205722,https://www.footlocker.fr/fr/product/model/lacoste-serve-slide-1/205722.html
adidas,Teamgeist Adicolor Track Bottoms,204401,https://www.footlocker.fr/fr/product/model/adidas-teamgeist-adicolor-track-bottoms/204401.html
Jordan,Diamond,161091,https://www.footlocker.fr/fr/product/model/jordan-diamond/161091.html
adidas,Teamgeist Adicolor Oversized Track Pant,204400,https://www.footlocker.fr/fr/product/model/adidas-teamgeist-adicolor-oversized-track-pant/204400.html
Nike,Starting Five,197030,https://www.footlocker.fr/fr/product/model/nike-starting-five/197030.html
adidas,3 Stripes Crew Socks 6 Pairs,204409,https://www.footlocker.fr/fr/product/model/adidas-3-stripes-crew-socks-6-pairs/204409.html
adidas,3 Stripes Ankle Socks 3 Pairs,204408,https://www.footlocker.fr/fr/product/model/adidas-3-stripes-ankle-socks-3-pairs/204408.html
Crocs,Salehe Bembury X Saru Clog,189405,https://www.footlocker.fr/fr/product/model/crocs-salehe-bembury-x-saru-clog/189405.html
adidas,Adilenium Season 4 Teamgeist Track Pants,204407,https://www.footlocker.fr/fr/product/model/adidas-adilenium-season-4-teamgeist-track-pants/204407.html
adidas,Originals Athletic Dept Sweatshirt,204405,https://www.footlocker.fr/fr/product/model/adidas-originals-athletic-dept-sweatshirt/204405.html
adidas,Originals Athletic Dept Joggers,204404,https://www.footlocker.fr/fr/product/model/adidas-originals-athletic-dept-joggers/204404.html
adidas,Originals Satin Wide Leg Track Bottoms,204403,https://www.footlocker.fr/fr/product/model/adidas-originals-satin-wide-leg-track-bottoms/204403.html
Jordan,Aj1,201379,https://www.footlocker.fr/fr/product/model/jordan-aj1/201379.html
adidas,Teamgeist Adicolor Oversized Track Top,204402,https://www.footlocker.fr/fr/product/model/adidas-teamgeist-adicolor-oversized-track-top/204402.html
adidas,Liner Socks 3 Pairs,204412,https://www.footlocker.fr/fr/product/model/adidas-liner-socks-3-pairs/204412.html
Nike,Air Max 97,145862,https://www.footlocker.fr/fr/product/model/nike-air-max-97/145862.html
adidas,3 Stripes Knee Socks 2 Pairs,204411,https://www.footlocker.fr/fr/product/model/adidas-3-stripes-knee-socks-2-pairs/204411.html
New Balance,530,145861,https://www.footlocker.fr/fr/product/model/new-balance-530/145861.html
adidas,3 Stripes High Crew Socks 3 Pairs,204410,https://www.footlocker.fr/fr/product/model/adidas-3-stripes-high-crew-socks-3-pairs/204410.html
Nike,Nba A Edwards Timberwolvess Swingman,197023,https://www.footlocker.fr/fr/product/model/nike-nba-a-edwards-timberwolvess-swingman/197023.html
Nike,Ja Morant,197024,https://www.footlocker.fr/fr/product/model/nike-ja-morant/197024.html
Nike,Nba J Brunson Knicks Swingman,197022,https://www.footlocker.fr/fr/product/model/nike-nba-j-brunson-knicks-swingman/197022.html
Nike,Lebron James,197028,https://www.footlocker.fr/fr/product/model/nike-lebron-james/197028.html
Nike,Standard Issue,197026,https://www.footlocker.fr/fr/product/model/nike-standard-issue/197026.html
Nike,Tech Fleece Reflect,197042,https://www.footlocker.fr/fr/product/model/nike-tech-fleece-reflect/197042.html
Nike,Adp Puffer Colorblock,197040,https://www.footlocker.fr/fr/product/model/nike-adp-puffer-colorblock/197040.html
adidas,Ozweego,145881,https://www.footlocker.fr/fr/product/model/adidas-ozweego/145881.html
adidas,Adicolor Classic Backpack,204415,https://www.footlocker.fr/fr/product/model/adidas-adicolor-classic-backpack/204415.html
adidas,Adicolor Trefoil Bucket Hat,204414,https://www.footlocker.fr/fr/product/model/adidas-adicolor-trefoil-bucket-hat/204414.html
Nike,Sportswear Phoenix Oversized Full Zip,166793,https://www.footlocker.fr/fr/product/model/nike-sportswear-phoenix-oversized-full-zip/166793.html
Under,Armour Brawler 3Pc,201396,https://www.footlocker.fr/fr/product/model/under-armour-brawler-3pc/201396.html
Under,Armour Rival Wvn,201395,https://www.footlocker.fr/fr/product/model/under-armour-rival-wvn/201395.html
adidas,Tensaur Sport Training Hook And Loop,144547,https://www.footlocker.fr/fr/product/model/adidas-tensaur-sport-training-hook-and-loop/144547.html
Asics,Gel Quantum 360 Viii,185061,https://www.footlocker.fr/fr/product/model/asics-gel-quantum-360-viii/185061.html
Nike,Impossibly Light Windrunner,197034,https://www.footlocker.fr/fr/product/model/nike-impossibly-light-windrunner/197034.html
Nike,Miler,201390,https://www.footlocker.fr/fr/product/model/nike-miler/201390.html
Nike,Tech Fleece Aop,197038,https://www.footlocker.fr/fr/product/model/nike-tech-fleece-aop/197038.html
Nike,Tech Fleece Aop,197039,https://www.footlocker.fr/fr/product/model/nike-tech-fleece-aop/197039.html
Nike,Down Jacket,197037,https://www.footlocker.fr/fr/product/model/nike-down-jacket/197037.html
adidas,Superstar,159533,https://www.footlocker.fr/fr/product/model/adidas-superstar/159533.html
Jordan,Brooklyn,179140,https://www.footlocker.fr/fr/product/model/jordan-brooklyn/179140.html
Nike,Air Force 1 07,159538,https://www.footlocker.fr/fr/product/model/nike-air-force-1-07/159538.html
Timberland,Pokey Pine 6,148882,https://www.footlocker.fr/fr/product/model/timberland-pokey-pine-6/148882.html
Saucony,Guide 7,204429,https://www.footlocker.fr/fr/product/model/saucony-guide-7/204429.html
Puma,Fade Nitro Pikachu,203102,https://www.footlocker.fr/fr/product/model/puma-fade-nitro-pikachu/203102.html
Nike,Tn,167158,https://www.footlocker.fr/fr/product/model/nike-tn/167158.html
Puma,H Street Og,203100,https://www.footlocker.fr/fr/product/model/puma-h-street-og/203100.html
Nike,Ld 1000 Denim,204432,https://www.footlocker.fr/fr/product/model/nike-ld-1000-denim/204432.html
Puma,Fade Nitro Umbreon,203101,https://www.footlocker.fr/fr/product/model/puma-fade-nitro-umbreon/203101.html
Saucony,Guide 19,204431,https://www.footlocker.fr/fr/product/model/saucony-guide-19/204431.html
Saucony,Endorphin Azura,204430,https://www.footlocker.fr/fr/product/model/saucony-endorphin-azura/204430.html
Street,Cartel Racer,192117,https://www.footlocker.fr/fr/product/model/street-cartel-racer/192117.html
adidas,3S Mini,185837,https://www.footlocker.fr/fr/product/model/adidas-3s-mini/185837.html
Puma,Cali Sport,197819,https://www.footlocker.fr/fr/product/model/puma-cali-sport/197819.html
Havaianas,Slim,205769,https://www.footlocker.fr/fr/product/model/havaianas-slim/205769.html
Nike,V5 Rnr,205768,https://www.footlocker.fr/fr/product/model/nike-v5-rnr/205768.html
Nike,Ja Morant,167155,https://www.footlocker.fr/fr/product/model/nike-ja-morant/167155.html
Asics,Gel 1130,123569,https://www.footlocker.fr/fr/product/model/asics-gel-1130/123569.html
Street,Cartel Travelli,192123,https://www.footlocker.fr/fr/product/model/street-cartel-travelli/192123.html
Havaianas,Luna,205776,https://www.footlocker.fr/fr/product/model/havaianas-luna/205776.html
Havaianas,Top Summer Vibes,205775,https://www.footlocker.fr/fr/product/model/havaianas-top-summer-vibes/205775.html
Havaianas,Top Tiras,205774,https://www.footlocker.fr/fr/product/model/havaianas-top-tiras/205774.html
Nike,Heritage Backpack,124899,https://www.footlocker.fr/fr/product/model/nike-heritage-backpack/124899.html
Havaianas,Slim Flatform,205773,https://www.footlocker.fr/fr/product/model/havaianas-slim-flatform/205773.html
Havaianas,Slim Square,205772,https://www.footlocker.fr/fr/product/model/havaianas-slim-square/205772.html
New Balance,530,3523,https://www.footlocker.fr/fr/product/model/new-balance-530/3523.html
Havaianas,Slim Glitter Ii,205771,https://www.footlocker.fr/fr/product/model/havaianas-slim-glitter-ii/205771.html
Havaianas,Slim Logo Metallic,205770,https://www.footlocker.fr/fr/product/model/havaianas-slim-logo-metallic/205770.html
Street,Cartel Mexx,192121,https://www.footlocker.fr/fr/product/model/street-cartel-mexx/192121.html
Street,Cartel Darkside,192122,https://www.footlocker.fr/fr/product/model/street-cartel-darkside/192122.html
Jordan,Trucker,180116,https://www.footlocker.fr/fr/product/model/jordan-trucker/180116.html
Okami,Prime,203124,https://www.footlocker.fr/fr/product/model/okami-prime/203124.html
Jordan,Max Aura 7,204456,https://www.footlocker.fr/fr/product/model/jordan-max-aura-7/204456.html
Okami,Compound,203125,https://www.footlocker.fr/fr/product/model/okami-compound/203125.html
Okami,Compound,203122,https://www.footlocker.fr/fr/product/model/okami-compound/203122.html
Nike,Dunk Low Retro,194754,https://www.footlocker.fr/fr/product/model/nike-dunk-low-retro/194754.html
Okami,Crest,203123,https://www.footlocker.fr/fr/product/model/okami-crest/203123.html
Okami,Shock,203121,https://www.footlocker.fr/fr/product/model/okami-shock/203121.html
Nike,Air Max Moto 2K,194758,https://www.footlocker.fr/fr/product/model/nike-air-max-moto-2k/194758.html
Nike,Swoosh,103946,https://www.footlocker.fr/fr/product/model/nike-swoosh/103946.html
Jordan,Sport Dri Fit,138627,https://www.footlocker.fr/fr/product/model/jordan-sport-dri-fit/138627.html
Nike,Sportswear,167170,https://www.footlocker.fr/fr/product/model/nike-sportswear/167170.html
Okami,Element,203128,https://www.footlocker.fr/fr/product/model/okami-element/203128.html
Okami,Metro,203129,https://www.footlocker.fr/fr/product/model/okami-metro/203129.html
Okami,Organic,203126,https://www.footlocker.fr/fr/product/model/okami-organic/203126.html
Okami,Achieve,203127,https://www.footlocker.fr/fr/product/model/okami-achieve/203127.html
Nike,Pegasus Trail 5 Trail Running,204457,https://www.footlocker.fr/fr/product/model/nike-pegasus-trail-5-trail-running/204457.html
Under,Armour Sportstyle Lc,203135,https://www.footlocker.fr/fr/product/model/under-armour-sportstyle-lc/203135.html
North,Wave Espresso Chilli,152922,https://www.footlocker.fr/fr/product/model/north-wave-espresso-chilli/152922.html
Lacoste,Lcb Ud Classic Woven,203131,https://www.footlocker.fr/fr/product/model/lacoste-lcb-ud-classic-woven/203131.html
Lacoste,Lcb Piping Sport,203132,https://www.footlocker.fr/fr/product/model/lacoste-lcb-piping-sport/203132.html
Converse,Ctas Lift High,194769,https://www.footlocker.fr/fr/product/model/converse-ctas-lift-high/194769.html
Okami,Isometric,203130,https://www.footlocker.fr/fr/product/model/okami-isometric/203130.html
Nike,Total 90 Dri Fit Football Shirt,204460,https://www.footlocker.fr/fr/product/model/nike-total-90-dri-fit-football-shirt/204460.html
Puma,Speedcat Ballet Sd X Rose,194760,https://www.footlocker.fr/fr/product/model/puma-speedcat-ballet-sd-x-rose/194760.html
Converse,Ctas Eva Lift,194739,https://www.footlocker.fr/fr/product/model/converse-ctas-eva-lift/194739.html
Lacoste,Lcb Piping Sport,203139,https://www.footlocker.fr/fr/product/model/lacoste-lcb-piping-sport/203139.html
Asics,Gel Nyc,207500,https://www.footlocker.fr/fr/product/model/asics-gel-nyc/207500.html
Lacoste,Lcb Ud Sport,203137,https://www.footlocker.fr/fr/product/model/lacoste-lcb-ud-sport/203137.html
adidas,Advantage Base 2 0,207502,https://www.footlocker.fr/fr/product/model/adidas-advantage-base-2-0/207502.html
Lacoste,Lcb Ud Classic Woven,203138,https://www.footlocker.fr/fr/product/model/lacoste-lcb-ud-classic-woven/203138.html
Nike,Utility Speed Backpack,204468,https://www.footlocker.fr/fr/product/model/nike-utility-speed-backpack/204468.html
adidas,Grand Court Lifestyle Tennis Lace Up,207503,https://www.footlocker.fr/fr/product/model/adidas-grand-court-lifestyle-tennis-lace-up/207503.html
Lacoste,Lcb Script Croc Graphic,203142,https://www.footlocker.fr/fr/product/model/lacoste-lcb-script-croc-graphic/203142.html
Lacoste,Lcb Piping Sport,203140,https://www.footlocker.fr/fr/product/model/lacoste-lcb-piping-sport/203140.html
Nike,Hayward Scouter Big Backpack,204472,https://www.footlocker.fr/fr/product/model/nike-hayward-scouter-big-backpack/204472.html
Lacoste,Lcb Piping Sport,203141,https://www.footlocker.fr/fr/product/model/lacoste-lcb-piping-sport/203141.html
Nike,Club Futura,66145,https://www.footlocker.fr/fr/product/model/nike-club-futura/66145.html
adidas,Anthony Edwards 2,207510,https://www.footlocker.fr/fr/product/model/adidas-anthony-edwards-2/207510.html
adidas,Disney Gazelle Indoor,207512,https://www.footlocker.fr/fr/product/model/adidas-disney-gazelle-indoor/207512.html
adidas,Liberty London Superstar Ii,207513,https://www.footlocker.fr/fr/product/model/adidas-liberty-london-superstar-ii/207513.html
adidas,Grand Court Lifestyle Lace Tennis,207504,https://www.footlocker.fr/fr/product/model/adidas-grand-court-lifestyle-lace-tennis/207504.html
Lckr,Badge,194741,https://www.footlocker.fr/fr/product/model/lckr-badge/194741.html
adidas,Disney Superstar Led Lights,207505,https://www.footlocker.fr/fr/product/model/adidas-disney-superstar-led-lights/207505.html
adidas,Tensaur Sport 3 0,207506,https://www.footlocker.fr/fr/product/model/adidas-tensaur-sport-3-0/207506.html
Jordan,Sneaker Patch,194743,https://www.footlocker.fr/fr/product/model/jordan-sneaker-patch/194743.html
Jordan,Luka 5,204486,https://www.footlocker.fr/fr/product/model/jordan-luka-5/204486.html
adidas,Samba Jane,207507,https://www.footlocker.fr/fr/product/model/adidas-samba-jane/207507.html
Jordan,Tatum 4,204485,https://www.footlocker.fr/fr/product/model/jordan-tatum-4/204485.html
Asics,Gel Nyc,193415,https://www.footlocker.fr/fr/product/model/asics-gel-nyc/193415.html
Nike,Club Crop,194745,https://www.footlocker.fr/fr/product/model/nike-club-crop/194745.html
Jordan,Sixty Plus Low,204484,https://www.footlocker.fr/fr/product/model/jordan-sixty-plus-low/204484.html
adidas,Adistar Control 3,207509,https://www.footlocker.fr/fr/product/model/adidas-adistar-control-3/207509.html
Lckr,Embroidered Hooded,194740,https://www.footlocker.fr/fr/product/model/lckr-embroidered-hooded/194740.html
New Balance,725,176096,https://www.footlocker.fr/fr/product/model/new-balance-725/176096.html
New Balance,530,176095,https://www.footlocker.fr/fr/product/model/new-balance-530/176095.html
New Balance,9060,176097,https://www.footlocker.fr/fr/product/model/new-balance-9060/176097.html
adidas,Fc Bayern 25 26 Home Authentic Jersey,207520,https://www.footlocker.fr/fr/product/model/adidas-fc-bayern-25-26-home-authentic-jersey/207520.html
adidas,Inter Miami Cf 26 Home Authentic Jersey,207521,https://www.footlocker.fr/fr/product/model/adidas-inter-miami-cf-26-home-authentic-jersey/207521.html
Asics,Gel 1130,173816,https://www.footlocker.fr/fr/product/model/asics-gel-1130/173816.html
adidas,Inter Miami Cf 25 26 Messi Home Jersey,207522,https://www.footlocker.fr/fr/product/model/adidas-inter-miami-cf-25-26-messi-home-jersey/207522.html
adidas,Liverpool Fc 25 26 Home Jersey,207523,https://www.footlocker.fr/fr/product/model/adidas-liverpool-fc-25-26-home-jersey/207523.html
Nike,Swoosh 1,167143,https://www.footlocker.fr/fr/product/model/nike-swoosh-1/167143.html
adidas,Adicolor 3 Stripes Oversized T Shirt,207524,https://www.footlocker.fr/fr/product/model/adidas-adicolor-3-stripes-oversized-t-shirt/207524.html
adidas,Arsenal 25 26 Third Authentic Jersey,207515,https://www.footlocker.fr/fr/product/model/adidas-arsenal-25-26-third-authentic-jersey/207515.html
adidas,Arsenal 25 26 Away Authentic Jersey,207516,https://www.footlocker.fr/fr/product/model/adidas-arsenal-25-26-away-authentic-jersey/207516.html
adidas,Arsenal 25 26 Home Authentic Jersey,207517,https://www.footlocker.fr/fr/product/model/adidas-arsenal-25-26-home-authentic-jersey/207517.html
adidas,Fc Bayern 25 26 Third Authentic Jersey,207518,https://www.footlocker.fr/fr/product/model/adidas-fc-bayern-25-26-third-authentic-jersey/207518.html
New Balance,Fresh Foam X Hierro V9,208848,https://www.footlocker.fr/fr/product/model/new-balance-fresh-foam-x-hierro-v9/208848.html
adidas,Fc Bayern 25 26 Away Authentic Jersey,207519,https://www.footlocker.fr/fr/product/model/adidas-fc-bayern-25-26-away-authentic-jersey/207519.html
Crep,Protect Foam Mini,207530,https://www.footlocker.fr/fr/product/model/crep-protect-foam-mini/207530.html
Asics,Gel Venture 6,173805,https://www.footlocker.fr/fr/product/model/asics-gel-venture-6/173805.html
adidas,Firebird Tracksuit Bottoms,207526,https://www.footlocker.fr/fr/product/model/adidas-firebird-tracksuit-bottoms/207526.html
adidas,Firebird Track Top,207527,https://www.footlocker.fr/fr/product/model/adidas-firebird-track-top/207527.html
Nike,Victori One Slide,127946,https://www.footlocker.fr/fr/product/model/nike-victori-one-slide/127946.html
adidas,Essentials 3 Stripes French Terry Hoodie,207528,https://www.footlocker.fr/fr/product/model/adidas-essentials-3-stripes-french-terry-hoodie/207528.html
adidas,Italy Football Cap,207529,https://www.footlocker.fr/fr/product/model/adidas-italy-football-cap/207529.html
Under,Armour Rival Knit,184579,https://www.footlocker.fr/fr/product/model/under-armour-rival-knit/184579.html
adidas,Adizero Evo Sl Atr,200908,https://www.footlocker.fr/fr/product/model/adidas-adizero-evo-sl-atr/200908.html
adidas,Superstar St,200907,https://www.footlocker.fr/fr/product/model/adidas-superstar-st/200907.html
Puma,Mb 05 Hive,203199,https://www.footlocker.fr/fr/product/model/puma-mb-05-hive/203199.html
Vans,Sk8 Hi,203196,https://www.footlocker.fr/fr/product/model/vans-sk8-hi/203196.html
Under,Armour Utility Winterized,196561,https://www.footlocker.fr/fr/product/model/under-armour-utility-winterized/196561.html
Puma,Fenty X Puma Creeper Phatty,197892,https://www.footlocker.fr/fr/product/model/puma-fenty-x-puma-creeper-phatty/197892.html
Under,Armour Utility Winterized,196562,https://www.footlocker.fr/fr/product/model/under-armour-utility-winterized/196562.html
Nike,Tuned 1,78955,https://www.footlocker.fr/fr/product/model/nike-tuned-1/78955.html
New Balance,740,185887,https://www.footlocker.fr/fr/product/model/new-balance-740/185887.html
adidas,Fear Of God,196536,https://www.footlocker.fr/fr/product/model/adidas-fear-of-god/196536.html
adidas,Fear Of God,196534,https://www.footlocker.fr/fr/product/model/adidas-fear-of-god/196534.html
Jordan,Air Jordan 1 Low Se,126665,https://www.footlocker.fr/fr/product/model/jordan-air-jordan-1-low-se/126665.html
adidas,Fear Of God,196533,https://www.footlocker.fr/fr/product/model/adidas-fear-of-god/196533.html
Puma,Slipstream Selflove Hi,197861,https://www.footlocker.fr/fr/product/model/puma-slipstream-selflove-hi/197861.html
Nike,Tech Shori,200938,https://www.footlocker.fr/fr/product/model/nike-tech-shori/200938.html
Nike,Tech Shori,200937,https://www.footlocker.fr/fr/product/model/nike-tech-shori/200937.html
adidas,Archive,185892,https://www.footlocker.fr/fr/product/model/adidas-archive/185892.html
adidas,Archive,185893,https://www.footlocker.fr/fr/product/model/adidas-archive/185893.html
New Balance,740,192189,https://www.footlocker.fr/fr/product/model/new-balance-740/192189.html
Nike,Dunk Low,175621,https://www.footlocker.fr/fr/product/model/nike-dunk-low/175621.html
Tommy,Jeans Lace Up,179185,https://www.footlocker.fr/fr/product/model/tommy-jeans-lace-up/179185.html
Tommy,Jeans Lace Up Flat,179183,https://www.footlocker.fr/fr/product/model/tommy-jeans-lace-up-flat/179183.html
Tommy,Jeans Chelsea,179182,https://www.footlocker.fr/fr/product/model/tommy-jeans-chelsea/179182.html
New Balance,Wrpd,180171,https://www.footlocker.fr/fr/product/model/new-balance-wrpd/180171.html
Nike,Everyday Cushioned Crew 3 Pack,171214,https://www.footlocker.fr/fr/product/model/nike-everyday-cushioned-crew-3-pack/171214.html
Puma,Karmen Rebelle,173875,https://www.footlocker.fr/fr/product/model/puma-karmen-rebelle/173875.html
Puma,Exotek,173876,https://www.footlocker.fr/fr/product/model/puma-exotek/173876.html
Nike,Air Force 1 07 Se,159583,https://www.footlocker.fr/fr/product/model/nike-air-force-1-07-se/159583.html
adidas,3 Stripes,146269,https://www.footlocker.fr/fr/product/model/adidas-3-stripes/146269.html
Puma,Slipstream,197854,https://www.footlocker.fr/fr/product/model/puma-slipstream/197854.html
adidas,Ant Edwards,180190,https://www.footlocker.fr/fr/product/model/adidas-ant-edwards/180190.html
New Balance,550,159571,https://www.footlocker.fr/fr/product/model/new-balance-550/159571.html
Under,Armour Blitzing,89640,https://www.footlocker.fr/fr/product/model/under-armour-blitzing/89640.html
adidas,Firebird,181487,https://www.footlocker.fr/fr/product/model/adidas-firebird/181487.html
adidas,Firebird,181486,https://www.footlocker.fr/fr/product/model/adidas-firebird/181486.html
New Balance,2002 Bungee Lace,209301,https://www.footlocker.fr/fr/product/model/new-balance-2002-bungee-lace/209301.html
On,The Roger Clubhouse,160582,https://www.footlocker.fr/fr/product/model/on-the-roger-clubhouse/160582.html
New Balance,9060 Lace,209300,https://www.footlocker.fr/fr/product/model/new-balance-9060-lace/209300.html
New Balance,Essential Short 5Inch,209303,https://www.footlocker.fr/fr/product/model/new-balance-essential-short-5inch/209303.html
New Balance,2002 Lace,209302,https://www.footlocker.fr/fr/product/model/new-balance-2002-lace/209302.html
New Balance,Trackside Woven Pant,209305,https://www.footlocker.fr/fr/product/model/new-balance-trackside-woven-pant/209305.html
New Balance,Trackside Fleece Pant,209304,https://www.footlocker.fr/fr/product/model/new-balance-trackside-fleece-pant/209304.html
New Balance,Sport Essential Short 7Inch,209307,https://www.footlocker.fr/fr/product/model/new-balance-sport-essential-short-7inch/209307.html
Nike,Tennis Classic,6690,https://www.footlocker.fr/fr/product/model/nike-tennis-classic/6690.html
New Balance,Sport Essential Short 5Inch,209306,https://www.footlocker.fr/fr/product/model/new-balance-sport-essential-short-5inch/209306.html
Nike,Nba T Haliburton Pacers Swingman,194792,https://www.footlocker.fr/fr/product/model/nike-nba-t-haliburton-pacers-swingman/194792.html
Nike,Essential,104451,https://www.footlocker.fr/fr/product/model/nike-essential/104451.html
New Balance,1906R,160578,https://www.footlocker.fr/fr/product/model/new-balance-1906r/160578.html
New Balance,Space Dye 1 4 Zip,209310,https://www.footlocker.fr/fr/product/model/new-balance-space-dye-1-4-zip/209310.html
adidas,Future Utility,181490,https://www.footlocker.fr/fr/product/model/adidas-future-utility/181490.html
New Balance,N Collage Tee,209312,https://www.footlocker.fr/fr/product/model/new-balance-n-collage-tee/209312.html
New Balance,1000,206287,https://www.footlocker.fr/fr/product/model/new-balance-1000/206287.html
New Balance,Trackside Fleece Hoodie,209311,https://www.footlocker.fr/fr/product/model/new-balance-trackside-fleece-hoodie/209311.html
New Balance,Viz Tech Run Tee,209314,https://www.footlocker.fr/fr/product/model/new-balance-viz-tech-run-tee/209314.html
New Balance,Fresh Foam X More V6,206289,https://www.footlocker.fr/fr/product/model/new-balance-fresh-foam-x-more-v6/206289.html
New Balance,574 Ad Tee,209313,https://www.footlocker.fr/fr/product/model/new-balance-574-ad-tee/209313.html
New Balance,Reimagined Fleece Short 7Inch,209316,https://www.footlocker.fr/fr/product/model/new-balance-reimagined-fleece-short-7inch/209316.html
New Balance,Trackside Fleece Crew,209315,https://www.footlocker.fr/fr/product/model/new-balance-trackside-fleece-crew/209315.html
New Balance,Sport Legacy Pant,209318,https://www.footlocker.fr/fr/product/model/new-balance-sport-legacy-pant/209318.html
New Balance,Reimagined Fleece Jogger,209317,https://www.footlocker.fr/fr/product/model/new-balance-reimagined-fleece-jogger/209317.html
Puma,Lafrance,196503,https://www.footlocker.fr/fr/product/model/puma-lafrance/196503.html
New Balance,Sport Essentials Cotton Tee,209309,https://www.footlocker.fr/fr/product/model/new-balance-sport-essentials-cotton-tee/209309.html
New Balance,Sport Essentials French Terry Crew,209308,https://www.footlocker.fr/fr/product/model/new-balance-sport-essentials-french-terry-crew/209308.html
Puma,Rick And Morty,196502,https://www.footlocker.fr/fr/product/model/puma-rick-and-morty/196502.html
Converse,Ctas High,159592,https://www.footlocker.fr/fr/product/model/converse-ctas-high/159592.html
Vans,Sk8 Hi,159591,https://www.footlocker.fr/fr/product/model/vans-sk8-hi/159591.html
adidas,Zx Rs,206290,https://www.footlocker.fr/fr/product/model/adidas-zx-rs/206290.html
New Balance,T500,206291,https://www.footlocker.fr/fr/product/model/new-balance-t500/206291.html
Nike,Calm Mule,166629,https://www.footlocker.fr/fr/product/model/nike-calm-mule/166629.html
New Balance,327 New B Hook And Loop,206293,https://www.footlocker.fr/fr/product/model/new-balance-327-new-b-hook-and-loop/206293.html
New Balance,Fresh Foam 625 Bungee Lace,206295,https://www.footlocker.fr/fr/product/model/new-balance-fresh-foam-625-bungee-lace/206295.html
New Balance,Reimagined Fleece Crew,209321,https://www.footlocker.fr/fr/product/model/new-balance-reimagined-fleece-crew/209321.html
New Balance,B480,206296,https://www.footlocker.fr/fr/product/model/new-balance-b480/206296.html
New Balance,Reimagined Fleece Hoodie,209320,https://www.footlocker.fr/fr/product/model/new-balance-reimagined-fleece-hoodie/209320.html
Jordan,Mvp,186233,https://www.footlocker.fr/fr/product/model/jordan-mvp/186233.html
New Balance,Lightweight Coaches Jacket,209323,https://www.footlocker.fr/fr/product/model/new-balance-lightweight-coaches-jacket/209323.html
New Balance,Trackside Woven Jacket,209322,https://www.footlocker.fr/fr/product/model/new-balance-trackside-woven-jacket/209322.html
New Balance,Essential Short 5Inch,209325,https://www.footlocker.fr/fr/product/model/new-balance-essential-short-5inch/209325.html
New Balance,Sport Legacy Jacket,209324,https://www.footlocker.fr/fr/product/model/new-balance-sport-legacy-jacket/209324.html
New Balance,Trackside Fleece Barrel Pant,209327,https://www.footlocker.fr/fr/product/model/new-balance-trackside-fleece-barrel-pant/209327.html
New Balance,Trackside French Terry Short,209326,https://www.footlocker.fr/fr/product/model/new-balance-trackside-french-terry-short/209326.html
New Balance,Sport Legacy Jacket,209329,https://www.footlocker.fr/fr/product/model/new-balance-sport-legacy-jacket/209329.html
New Balance,Sport Legacy Pant,209328,https://www.footlocker.fr/fr/product/model/new-balance-sport-legacy-pant/209328.html
New Balance,Utility Knit 1 4 Zip,209319,https://www.footlocker.fr/fr/product/model/new-balance-utility-knit-1-4-zip/209319.html
New,Era Kids Trucker,178608,https://www.footlocker.fr/fr/product/model/new-era-kids-trucker/178608.html
New,Era E Frame Closed Back Mlb New York Yankees,178609,https://www.footlocker.fr/fr/product/model/new-era-e-frame-closed-back-mlb-new-york-yankees/178609.html
Puma,Classics,198218,https://www.footlocker.fr/fr/product/model/puma-classics/198218.html
Jordan,Baseline,186240,https://www.footlocker.fr/fr/product/model/jordan-baseline/186240.html
On,Cloud Sky,178605,https://www.footlocker.fr/fr/product/model/on-cloud-sky/178605.html
Jordan,1 Low,118,https://www.footlocker.fr/fr/product/model/jordan-1-low/118.html
On,Cloudleap,178602,https://www.footlocker.fr/fr/product/model/on-cloudleap/178602.html
Jordan,Brooklyn,179934,https://www.footlocker.fr/fr/product/model/jordan-brooklyn/179934.html
On,Cloud Play,178603,https://www.footlocker.fr/fr/product/model/on-cloud-play/178603.html
Nike,Victori One Slide,107405,https://www.footlocker.fr/fr/product/model/nike-victori-one-slide/107405.html
Nike,Dunk High,128340,https://www.footlocker.fr/fr/product/model/nike-dunk-high/128340.html
New Balance,Woven Bomber Jacket,209330,https://www.footlocker.fr/fr/product/model/new-balance-woven-bomber-jacket/209330.html
Jordan,Tatum,154633,https://www.footlocker.fr/fr/product/model/jordan-tatum/154633.html
New Balance,Trackside Fleece Full Zip,209332,https://www.footlocker.fr/fr/product/model/new-balance-trackside-fleece-full-zip/209332.html
New Balance,Trackside Woven Jacket,209331,https://www.footlocker.fr/fr/product/model/new-balance-trackside-woven-jacket/209331.html
Jordan,1 Retro Low Og,154635,https://www.footlocker.fr/fr/product/model/jordan-1-retro-low-og/154635.html
New Balance,Sport Essential Short 5Inch,209334,https://www.footlocker.fr/fr/product/model/new-balance-sport-essential-short-5inch/209334.html
New Balance,Sport Essential Short 3Inch,209333,https://www.footlocker.fr/fr/product/model/new-balance-sport-essential-short-3inch/209333.html
New Balance,Satin Woven Pullover,209336,https://www.footlocker.fr/fr/product/model/new-balance-satin-woven-pullover/209336.html
Jordan,Windbreaker,186241,https://www.footlocker.fr/fr/product/model/jordan-windbreaker/186241.html
New Balance,Athletics French Terry Hoodie,209335,https://www.footlocker.fr/fr/product/model/new-balance-athletics-french-terry-hoodie/209335.html
New Balance,Trackside Oversized Tee,209338,https://www.footlocker.fr/fr/product/model/new-balance-trackside-oversized-tee/209338.html
Asics,Gel Nyc,187573,https://www.footlocker.fr/fr/product/model/asics-gel-nyc/187573.html
New Balance,Trackside Fleece Crew,209337,https://www.footlocker.fr/fr/product/model/new-balance-trackside-fleece-crew/209337.html
Jordan,Brooklyn Color Block,186245,https://www.footlocker.fr/fr/product/model/jordan-brooklyn-color-block/186245.html
New Balance,Trackside Fleece Hoodie,209339,https://www.footlocker.fr/fr/product/model/new-balance-trackside-fleece-hoodie/209339.html
Jordan,Baseline,186250,https://www.footlocker.fr/fr/product/model/jordan-baseline/186250.html
adidas,Adicolor 3 Stripes,140007,https://www.footlocker.fr/fr/product/model/adidas-adicolor-3-stripes/140007.html
Nike,Lunar Roam,176892,https://www.footlocker.fr/fr/product/model/nike-lunar-roam/176892.html
Jordan,Aj1 Low,187547,https://www.footlocker.fr/fr/product/model/jordan-aj1-low/187547.html
New Balance,Interlock Full Zip,209340,https://www.footlocker.fr/fr/product/model/new-balance-interlock-full-zip/209340.html
Puma,Speedcat,187543,https://www.footlocker.fr/fr/product/model/puma-speedcat/187543.html
Jordan,Aj1 Mid,187545,https://www.footlocker.fr/fr/product/model/jordan-aj1-mid/187545.html
Jordan,Aj1 Low,187546,https://www.footlocker.fr/fr/product/model/jordan-aj1-low/187546.html
Jordan,Aj1 Mid,187541,https://www.footlocker.fr/fr/product/model/jordan-aj1-mid/187541.html
Jordan,Brooklyn,179959,https://www.footlocker.fr/fr/product/model/jordan-brooklyn/179959.html
Nike,Alumni,69180,https://www.footlocker.fr/fr/product/model/nike-alumni/69180.html
Jordan,Brooklyn,179958,https://www.footlocker.fr/fr/product/model/jordan-brooklyn/179958.html
Nike,Faux Fur,179951,https://www.footlocker.fr/fr/product/model/nike-faux-fur/179951.html
Lckr,Oppenheimer,180917,https://www.footlocker.fr/fr/product/model/lckr-oppenheimer/180917.html
Jordan,Brooklyn Color Block,186229,https://www.footlocker.fr/fr/product/model/jordan-brooklyn-color-block/186229.html
adidas,Originals,8443,https://www.footlocker.fr/fr/product/model/adidas-originals/8443.html
Jordan,Air Jordan 1 Mid,7111,https://www.footlocker.fr/fr/product/model/jordan-air-jordan-1-mid/7111.html
adidas,Argentina 26 Away Authentic Jersey,210341,https://www.footlocker.fr/fr/product/model/adidas-argentina-26-away-authentic-jersey/210341.html
Jordan,Retro 4,187554,https://www.footlocker.fr/fr/product/model/jordan-retro-4/187554.html
Nike,Therma Fit,188886,https://www.footlocker.fr/fr/product/model/nike-therma-fit/188886.html
Nike,Therma Fit Hooded,188888,https://www.footlocker.fr/fr/product/model/nike-therma-fit-hooded/188888.html
Nike,Calm Slide,166630,https://www.footlocker.fr/fr/product/model/nike-calm-slide/166630.html
Nike,P 6000,186225,https://www.footlocker.fr/fr/product/model/nike-p-6000/186225.html
Jordan,Aj1 Low Method Of Make,192906,https://www.footlocker.fr/fr/product/model/jordan-aj1-low-method-of-make/192906.html
Jordan,Aj1 Mid,187552,https://www.footlocker.fr/fr/product/model/jordan-aj1-mid/187552.html
Jordan,Spizike Low,187553,https://www.footlocker.fr/fr/product/model/jordan-spizike-low/187553.html
Puma,Olympic Marseille,198209,https://www.footlocker.fr/fr/product/model/puma-olympic-marseille/198209.html
adidas,Adicolor Essentials,142683,https://www.footlocker.fr/fr/product/model/adidas-adicolor-essentials/142683.html
Puma,Ac Milan,198207,https://www.footlocker.fr/fr/product/model/puma-ac-milan/198207.html
adidas,Adicolor Essentials,142686,https://www.footlocker.fr/fr/product/model/adidas-adicolor-essentials/142686.html
Jordan,Aj3 Retro Spring Flowers,210334,https://www.footlocker.fr/fr/product/model/jordan-aj3-retro-spring-flowers/210334.html
Jordan,Brooklyn,179944,https://www.footlocker.fr/fr/product/model/jordan-brooklyn/179944.html
Okami,Palladium,196480,https://www.footlocker.fr/fr/product/model/okami-palladium/196480.html
Salomon,Xt 6 Nocturne Vision,209363,https://www.footlocker.fr/fr/product/model/salomon-xt-6-nocturne-vision/209363.html
New Balance,5030,209365,https://www.footlocker.fr/fr/product/model/new-balance-5030/209365.html
Crocs,Echo Boot,164888,https://www.footlocker.fr/fr/product/model/crocs-echo-boot/164888.html
New Balance,Trn,209364,https://www.footlocker.fr/fr/product/model/new-balance-trn/209364.html
Asics,Gel Kinetic Fluent,187522,https://www.footlocker.fr/fr/product/model/asics-gel-kinetic-fluent/187522.html
Skechers,S Lights Lil Mermaid,196473,https://www.footlocker.fr/fr/product/model/skechers-s-lights-lil-mermaid/196473.html
Skechers,Slip In Unicorn,196472,https://www.footlocker.fr/fr/product/model/skechers-slip-in-unicorn/196472.html
adidas,Colombia 26 Away Jersey,210348,https://www.footlocker.fr/fr/product/model/adidas-colombia-26-away-jersey/210348.html
Jordan,Zion 4,186208,https://www.footlocker.fr/fr/product/model/jordan-zion-4/186208.html
Nike,Shox T Shirt,209372,https://www.footlocker.fr/fr/product/model/nike-shox-t-shirt/209372.html
Jordan,Flight Essentials Boxy Graphic T Shirt,209371,https://www.footlocker.fr/fr/product/model/jordan-flight-essentials-boxy-graphic-t-shirt/209371.html
Nike,Shox Woven Trousers,209374,https://www.footlocker.fr/fr/product/model/nike-shox-woven-trousers/209374.html
adidas,Firebird Jamaica,202740,https://www.footlocker.fr/fr/product/model/adidas-firebird-jamaica/202740.html
adidas,Z N E Tracksuit,188838,https://www.footlocker.fr/fr/product/model/adidas-z-n-e-tracksuit/188838.html
adidas,Spain Away Anthem Jacket,210370,https://www.footlocker.fr/fr/product/model/adidas-spain-away-anthem-jacket/210370.html
Nike,Club,107436,https://www.footlocker.fr/fr/product/model/nike-club/107436.html
adidas,Z N E Full Zip,188836,https://www.footlocker.fr/fr/product/model/adidas-z-n-e-full-zip/188836.html
Nike,Shox Woven Half Zip Jacket,209387,https://www.footlocker.fr/fr/product/model/nike-shox-woven-half-zip-jacket/209387.html
Nike,Kobe Dri Fit Long Sleeve Basketball T Shirt,209386,https://www.footlocker.fr/fr/product/model/nike-kobe-dri-fit-long-sleeve-basketball-t-shirt/209386.html
Jordan,Brooklyn Fleece 1 4 Zip Hike Mike Top,209389,https://www.footlocker.fr/fr/product/model/jordan-brooklyn-fleece-1-4-zip-hike-mike-top/209389.html
adidas,Z N E Tracksuit,188832,https://www.footlocker.fr/fr/product/model/adidas-z-n-e-tracksuit/188832.html
adidas,Z N E Full Zip Hooded Track,188833,https://www.footlocker.fr/fr/product/model/adidas-z-n-e-full-zip-hooded-track/188833.html
Nike,Lebron Nxxt Gen,154628,https://www.footlocker.fr/fr/product/model/nike-lebron-nxxt-gen/154628.html
adidas,Firebird Jamaica,202741,https://www.footlocker.fr/fr/product/model/adidas-firebird-jamaica/202741.html
adidas,Football,202742,https://www.footlocker.fr/fr/product/model/adidas-football/202742.html
adidas,Germany 26 Away Shorts,210364,https://www.footlocker.fr/fr/product/model/adidas-germany-26-away-shorts/210364.html
adidas,Italy 26 Away Jersey,210381,https://www.footlocker.fr/fr/product/model/adidas-italy-26-away-jersey/210381.html
adidas,Italy 26 Away Cropped Jersey,210380,https://www.footlocker.fr/fr/product/model/adidas-italy-26-away-cropped-jersey/210380.html
Nike,Club,107441,https://www.footlocker.fr/fr/product/model/nike-club/107441.html
Nike,Club Fleece Loose Trousers,209394,https://www.footlocker.fr/fr/product/model/nike-club-fleece-loose-trousers/209394.html
Nike,Club Fleece Sweatshirt,209396,https://www.footlocker.fr/fr/product/model/nike-club-fleece-sweatshirt/209396.html
Nike,Club Fleece Pullover Hoodie,209395,https://www.footlocker.fr/fr/product/model/nike-club-fleece-pullover-hoodie/209395.html
adidas,Pacer Workout Woven High Rise Shorts,210383,https://www.footlocker.fr/fr/product/model/adidas-pacer-workout-woven-high-rise-shorts/210383.html
Nike,Club Fleece French Terry Shorts,209397,https://www.footlocker.fr/fr/product/model/nike-club-fleece-french-terry-shorts/209397.html
adidas,Spain 26 Away Cropped Jersey,210382,https://www.footlocker.fr/fr/product/model/adidas-spain-26-away-cropped-jersey/210382.html
Under,Armour Tech Utility,188842,https://www.footlocker.fr/fr/product/model/under-armour-tech-utility/188842.html
Nike,Club Fleece Oversized Pullover Hoodie,209399,https://www.footlocker.fr/fr/product/model/nike-club-fleece-oversized-pullover-hoodie/209399.html
adidas,Adizero Boston 13,201431,https://www.footlocker.fr/fr/product/model/adidas-adizero-boston-13/201431.html
adidas,Sl 72 Rs,201430,https://www.footlocker.fr/fr/product/model/adidas-sl-72-rs/201430.html
adidas,Germany 26 Away Pre Match Jersey,210378,https://www.footlocker.fr/fr/product/model/adidas-germany-26-away-pre-match-jersey/210378.html
adidas,Germany 26 Away Jersey,210377,https://www.footlocker.fr/fr/product/model/adidas-germany-26-away-jersey/210377.html
adidas,Germany 26 Away Cropped Jersey,210376,https://www.footlocker.fr/fr/product/model/adidas-germany-26-away-cropped-jersey/210376.html
adidas,Argentina 26 Away Jersey,210375,https://www.footlocker.fr/fr/product/model/adidas-argentina-26-away-jersey/210375.html
adidas,Algeria 26 Away Jersey,210379,https://www.footlocker.fr/fr/product/model/adidas-algeria-26-away-jersey/210379.html
adidas,Germany 26 Away Set,210392,https://www.footlocker.fr/fr/product/model/adidas-germany-26-away-set/210392.html
adidas,Italy 26 Away Kit,210390,https://www.footlocker.fr/fr/product/model/adidas-italy-26-away-kit/210390.html
adidas,Germany 26 Away Jersey,210396,https://www.footlocker.fr/fr/product/model/adidas-germany-26-away-jersey/210396.html
adidas,Italy 26 Away Set,210393,https://www.footlocker.fr/fr/product/model/adidas-italy-26-away-set/210393.html
adidas,Adizero Boston 13,201439,https://www.footlocker.fr/fr/product/model/adidas-adizero-boston-13/201439.html
Vans,Old Skool,189349,https://www.footlocker.fr/fr/product/model/vans-old-skool/189349.html
adidas,Dropset Control Trainer,201438,https://www.footlocker.fr/fr/product/model/adidas-dropset-control-trainer/201438.html
adidas,Climacool 1 Mercedes,201433,https://www.footlocker.fr/fr/product/model/adidas-climacool-1-mercedes/201433.html
adidas,Climacool 1,201432,https://www.footlocker.fr/fr/product/model/adidas-climacool-1/201432.html
adidas,Taekwondo,201440,https://www.footlocker.fr/fr/product/model/adidas-taekwondo/201440.html
Puma,Speedcat X Hot Wheels,192996,https://www.footlocker.fr/fr/product/model/puma-speedcat-x-hot-wheels/192996.html
Puma,Mb 05 Wings,192999,https://www.footlocker.fr/fr/product/model/puma-mb-05-wings/192999.html
Crocs,Echo Wave,190336,https://www.footlocker.fr/fr/product/model/crocs-echo-wave/190336.html
adidas,Italia 70S,201448,https://www.footlocker.fr/fr/product/model/adidas-italia-70s/201448.html
Converse,Ctas Ox,194705,https://www.footlocker.fr/fr/product/model/converse-ctas-ox/194705.html
Havaianas,Brasil Logo,205803,https://www.footlocker.fr/fr/product/model/havaianas-brasil-logo/205803.html
Nike,Xi Elite Protro,205802,https://www.footlocker.fr/fr/product/model/nike-xi-elite-protro/205802.html
Converse,Ctas Hi,194704,https://www.footlocker.fr/fr/product/model/converse-ctas-hi/194704.html
adidas,Italy 26 Away Jersey,210399,https://www.footlocker.fr/fr/product/model/adidas-italy-26-away-jersey/210399.html
Vans,Knu Skool,189329,https://www.footlocker.fr/fr/product/model/vans-knu-skool/189329.html
Buffalo,Rampa Zip,136832,https://www.footlocker.fr/fr/product/model/buffalo-rampa-zip/136832.html
Street,Cartel Russo,190316,https://www.footlocker.fr/fr/product/model/street-cartel-russo/190316.html
adidas,Samba,201459,https://www.footlocker.fr/fr/product/model/adidas-samba/201459.html
Vans,Authentic,200123,https://www.footlocker.fr/fr/product/model/vans-authentic/200123.html
adidas,Trefoil Cushion Crew,170741,https://www.footlocker.fr/fr/product/model/adidas-trefoil-cushion-crew/170741.html
Puma,Mb 04 Flare,192971,https://www.footlocker.fr/fr/product/model/puma-mb-04-flare/192971.html
adidas,Climacool 1,201464,https://www.footlocker.fr/fr/product/model/adidas-climacool-1/201464.html
On,Cloudhorizon,192975,https://www.footlocker.fr/fr/product/model/on-cloudhorizon/192975.html
On,Cloudswift 4 Ad,192976,https://www.footlocker.fr/fr/product/model/on-cloudswift-4-ad/192976.html
On,Cloudpulse Next,192977,https://www.footlocker.fr/fr/product/model/on-cloudpulse-next/192977.html
Street,Cartel Russo,190315,https://www.footlocker.fr/fr/product/model/street-cartel-russo/190315.html
Street,Cartel Russo,190314,https://www.footlocker.fr/fr/product/model/street-cartel-russo/190314.html
Jordan,Day1 Eo,191645,https://www.footlocker.fr/fr/product/model/jordan-day1-eo/191645.html
Arkk,Copenhagen Gravity Space R,177374,https://www.footlocker.fr/fr/product/model/arkk-copenhagen-gravity-space-r/177374.html
adidas,Samba Xlg X Minecraft,201469,https://www.footlocker.fr/fr/product/model/adidas-samba-xlg-x-minecraft/201469.html
New Balance,2002R,170737,https://www.footlocker.fr/fr/product/model/new-balance-2002r/170737.html
New Balance,530,170736,https://www.footlocker.fr/fr/product/model/new-balance-530/170736.html
adidas,Sambae,201466,https://www.footlocker.fr/fr/product/model/adidas-sambae/201466.html
adidas,Handball Spezial X Minecraft,201465,https://www.footlocker.fr/fr/product/model/adidas-handball-spezial-x-minecraft/201465.html
adidas,Gazelle Indoor,201468,https://www.footlocker.fr/fr/product/model/adidas-gazelle-indoor/201468.html
Vrunk,Cap,205821,https://www.footlocker.fr/fr/product/model/vrunk-cap/205821.html
adidas,Adilenium Season 3,201473,https://www.footlocker.fr/fr/product/model/adidas-adilenium-season-3/201473.html
Jordan,Sport Dri Fit,201472,https://www.footlocker.fr/fr/product/model/jordan-sport-dri-fit/201472.html
Buffalo,1330 6,165393,https://www.footlocker.fr/fr/product/model/buffalo-1330-6/165393.html
adidas,Adidas Originals Denim Joggers,201475,https://www.footlocker.fr/fr/product/model/adidas-adidas-originals-denim-joggers/201475.html
adidas,Adicolor 3 Stripes,201474,https://www.footlocker.fr/fr/product/model/adidas-adicolor-3-stripes/201474.html
New Balance,530,170735,https://www.footlocker.fr/fr/product/model/new-balance-530/170735.html
Jordan,Flight,201471,https://www.footlocker.fr/fr/product/model/jordan-flight/201471.html
Heydude,Wally X Suede,182705,https://www.footlocker.fr/fr/product/model/heydude-wally-x-suede/182705.html
adidas,Essentials,96708,https://www.footlocker.fr/fr/product/model/adidas-essentials/96708.html
adidas,Essentials,96709,https://www.footlocker.fr/fr/product/model/adidas-essentials/96709.html
Nike,Nba Spurs,186277,https://www.footlocker.fr/fr/product/model/nike-nba-spurs/186277.html
adidas,Galaxy 7,205839,https://www.footlocker.fr/fr/product/model/adidas-galaxy-7/205839.html
Converse,Ctas 1V High,189303,https://www.footlocker.fr/fr/product/model/converse-ctas-1v-high/189303.html
adidas,Adizero Sl 2,205838,https://www.footlocker.fr/fr/product/model/adidas-adizero-sl-2/205838.html
adidas,Duramo Sl 2,205837,https://www.footlocker.fr/fr/product/model/adidas-duramo-sl-2/205837.html
adidas,Adidas X Jeremy Scott Fashion,201477,https://www.footlocker.fr/fr/product/model/adidas-adidas-x-jeremy-scott-fashion/201477.html
adidas,Ultrarun 5,205835,https://www.footlocker.fr/fr/product/model/adidas-ultrarun-5/205835.html
adidas,Adicolor Classic Firebird,201476,https://www.footlocker.fr/fr/product/model/adidas-adicolor-classic-firebird/201476.html
adidas,Runfalcon 5 Wide,205834,https://www.footlocker.fr/fr/product/model/adidas-runfalcon-5-wide/205834.html
adidas,Adidas X Jeremy Scott Graphic,201479,https://www.footlocker.fr/fr/product/model/adidas-adidas-x-jeremy-scott-graphic/201479.html
adidas,Galaxy 7,205833,https://www.footlocker.fr/fr/product/model/adidas-galaxy-7/205833.html
adidas,Adidas X Jeremy Scott Fashion,201478,https://www.footlocker.fr/fr/product/model/adidas-adidas-x-jeremy-scott-fashion/201478.html
adidas,Zx Rs,205842,https://www.footlocker.fr/fr/product/model/adidas-zx-rs/205842.html
adidas,Adicolor Knit 3 Stripes,201483,https://www.footlocker.fr/fr/product/model/adidas-adicolor-knit-3-stripes/201483.html
adidas,Duramo Sl 2,205841,https://www.footlocker.fr/fr/product/model/adidas-duramo-sl-2/205841.html
adidas,Adidas Originals X Liberty London,201486,https://www.footlocker.fr/fr/product/model/adidas-adidas-originals-x-liberty-london/201486.html
adidas,Runfalcon 5,205840,https://www.footlocker.fr/fr/product/model/adidas-runfalcon-5/205840.html
adidas,Teamgeist Adicolor Oversized,201480,https://www.footlocker.fr/fr/product/model/adidas-teamgeist-adicolor-oversized/201480.html
adidas,Adicolor 3 Stripes Mini,201482,https://www.footlocker.fr/fr/product/model/adidas-adicolor-3-stripes-mini/201482.html
adidas,Adicolor Classic Firebird,201481,https://www.footlocker.fr/fr/product/model/adidas-adicolor-classic-firebird/201481.html
On,Cloudhorizon 1,179978,https://www.footlocker.fr/fr/product/model/on-cloudhorizon-1/179978.html
Jordan,Aj1 Retro Lo Og,154678,https://www.footlocker.fr/fr/product/model/jordan-aj1-retro-lo-og/154678.html
Puma,All Pro Nitro 2,192968,https://www.footlocker.fr/fr/product/model/puma-all-pro-nitro-2/192968.html
New,Era A Frame Mlb New York Yankees,165323,https://www.footlocker.fr/fr/product/model/new-era-a-frame-mlb-new-york-yankees/165323.html
adidas,Adidas Originals X Liberty London,201488,https://www.footlocker.fr/fr/product/model/adidas-adidas-originals-x-liberty-london/201488.html
adidas,Adidas Originals X Liberty London,201487,https://www.footlocker.fr/fr/product/model/adidas-adidas-originals-x-liberty-london/201487.html
Nike,V5 Rnr,204513,https://www.footlocker.fr/fr/product/model/nike-v5-rnr/204513.html
adidas,Duramo Rc2,205843,https://www.footlocker.fr/fr/product/model/adidas-duramo-rc2/205843.html
adidas,Adicolor Denim,201495,https://www.footlocker.fr/fr/product/model/adidas-adicolor-denim/201495.html
adidas,Leopard Cali,201494,https://www.footlocker.fr/fr/product/model/adidas-leopard-cali/201494.html
Calvin,Klein Home Anke Slipper,178671,https://www.footlocker.fr/fr/product/model/calvin-klein-home-anke-slipper/178671.html
New Balance,740,187587,https://www.footlocker.fr/fr/product/model/new-balance-740/187587.html
Forcefield,Starter Kit,91071,https://www.footlocker.fr/fr/product/model/forcefield-starter-kit/91071.html
Puma,Speedcat,187588,https://www.footlocker.fr/fr/product/model/puma-speedcat/187588.html
Jordan,Wordmark Emb,186253,https://www.footlocker.fr/fr/product/model/jordan-wordmark-emb/186253.html
Nike,Victory One Slide,205857,https://www.footlocker.fr/fr/product/model/nike-victory-one-slide/205857.html
Puma,Mb 05 Camo,203201,https://www.footlocker.fr/fr/product/model/puma-mb-05-camo/203201.html
Nike,Stride,204533,https://www.footlocker.fr/fr/product/model/nike-stride/204533.html
Puma,Mb 05,203202,https://www.footlocker.fr/fr/product/model/puma-mb-05/203202.html
Nike,Miler,204532,https://www.footlocker.fr/fr/product/model/nike-miler/204532.html
Puma,Mb 05 Reset,203200,https://www.footlocker.fr/fr/product/model/puma-mb-05-reset/203200.html
Nike,Air Max Tuned 1 Drift,170701,https://www.footlocker.fr/fr/product/model/nike-air-max-tuned-1-drift/170701.html
adidas,Aop,131119,https://www.footlocker.fr/fr/product/model/adidas-aop/131119.html
Puma,Hali 1 Playoff,203207,https://www.footlocker.fr/fr/product/model/puma-hali-1-playoff/203207.html
adidas,Cr Flamengo 25 Home Jersey,205869,https://www.footlocker.fr/fr/product/model/adidas-cr-flamengo-25-home-jersey/205869.html
Puma,Mb 05 Melo World,203203,https://www.footlocker.fr/fr/product/model/puma-mb-05-melo-world/203203.html
Nike,Stride,204534,https://www.footlocker.fr/fr/product/model/nike-stride/204534.html
adidas,Juventus 25 26 Home Authentic Jersey,205875,https://www.footlocker.fr/fr/product/model/adidas-juventus-25-26-home-authentic-jersey/205875.html
adidas,Juventus 25 26 Away Authentic Jersey,205874,https://www.footlocker.fr/fr/product/model/adidas-juventus-25-26-away-authentic-jersey/205874.html
adidas,Boca Juniors 25 26 Home Jersey,205873,https://www.footlocker.fr/fr/product/model/adidas-boca-juniors-25-26-home-jersey/205873.html
adidas,Besiktas Jk 25 26 Home Jersey,205871,https://www.footlocker.fr/fr/product/model/adidas-besiktas-jk-25-26-home-jersey/205871.html
adidas,Besiktas Jk 25 26 Away Jersey,205870,https://www.footlocker.fr/fr/product/model/adidas-besiktas-jk-25-26-away-jersey/205870.html
