Handle,Title,Body (HTML),Vendor,Type,Tags,Published,Status,Option1 Name,Option1 Value,Variant Price,Variant Inventory Qty,Image Src,Image Position,Image Alt Text
"adidas-samba-vegan-white-gum","adidas Samba Vegan White Gum, Réplique","<p>La silhouette des tribunes, devenue uniforme. Des tons crème et beige, doux et faciles à associer. Avec un jean droit, un survêtement ou une jupe midi. Réplique qualité Master Copy Premium 1:1, chaque commande est confirmée avec vous par téléphone : pointure, délai et livraison.</p>","BEYOND PLUS","Sneakers","adidas, samba, crème / beige, terrace","FALSE","draft","Pointure","36","700","0","https://beyond-plus-gamma.vercel.app/products/adidas-samba-vegan-white-gum-01.webp","1","adidas Samba Vegan White Gum, vue 1"
"adidas-samba-vegan-white-gum","","","","","","","","Pointure","37","700","0","https://beyond-plus-gamma.vercel.app/products/adidas-samba-vegan-white-gum-02.webp","2","adidas Samba Vegan White Gum, vue 2"
"adidas-samba-vegan-white-gum","","","","","","","","Pointure","38","700","0","https://beyond-plus-gamma.vercel.app/products/adidas-samba-vegan-white-gum-03.webp","3","adidas Samba Vegan White Gum, vue 3"
"adidas-samba-vegan-white-gum","","","","","","","","Pointure","39","700","0","","",""
"adidas-samba-vegan-white-gum","","","","","","","","Pointure","40","700","0","","",""
"adidas-samba-vegan-white-gum","","","","","","","","Pointure","41","700","0","","",""
"adidas-samba-vegan-white-gum","","","","","","","","Pointure","42","700","0","","",""
"adidas-samba-vegan-white-gum","","","","","","","","Pointure","43","700","0","","",""
"adidas-samba-vegan-white-gum","","","","","","","","Pointure","44","700","0","","",""
"adidas-samba-cow-print","adidas Samba Cow Print, Réplique","<p>L’esprit terrace, cuir et gomme. Un coloris affirmé, pour sortir du rang. Avec un jean droit, un survêtement ou une jupe midi. Réplique qualité Master Copy Premium 1:1, chaque commande est confirmée avec vous par téléphone : pointure, délai et livraison.</p>","BEYOND PLUS","Sneakers","adidas, samba, statement, terrace","FALSE","draft","Pointure","36","750","0","https://beyond-plus-gamma.vercel.app/products/adidas-samba-cow-print-01.webp","1","adidas Samba Cow Print, vue 1"
"adidas-samba-cow-print","","","","","","","","Pointure","37","750","0","https://beyond-plus-gamma.vercel.app/products/adidas-samba-cow-print-02.webp","2","adidas Samba Cow Print, vue 2"
"adidas-samba-cow-print","","","","","","","","Pointure","38","750","0","","",""
"adidas-samba-cow-print","","","","","","","","Pointure","39","750","0","","",""
"adidas-samba-cow-print","","","","","","","","Pointure","40","750","0","","",""
"adidas-handball-spezial-w-silver-violet","adidas Handball Spezial Silver Violet, Réplique","<p>L’esprit terrace, cuir et gomme. Le coloris argent et blanc capte la lumière sans en faire trop. Avec un jean droit, un survêtement ou une jupe midi. Réplique qualité Master Copy Premium 1:1, chaque commande est confirmée avec vous par téléphone : pointure, délai et livraison.</p>","BEYOND PLUS","Sneakers","adidas, handball spezial, argent / blanc, terrace","FALSE","draft","Pointure","36","700","0","https://beyond-plus-gamma.vercel.app/products/adidas-handball-spezial-w-silver-violet-01.webp","1","adidas Handball Spezial Silver Violet, vue 1"
"adidas-handball-spezial-w-silver-violet","","","","","","","","Pointure","37","700","0","https://beyond-plus-gamma.vercel.app/products/adidas-handball-spezial-w-silver-violet-02.webp","2","adidas Handball Spezial Silver Violet, vue 2"
"adidas-handball-spezial-w-silver-violet","","","","","","","","Pointure","38","700","0","https://beyond-plus-gamma.vercel.app/products/adidas-handball-spezial-w-silver-violet-03.webp","3","adidas Handball Spezial Silver Violet, vue 3"
"adidas-handball-spezial-w-silver-violet","","","","","","","","Pointure","39","700","0","","",""
"adidas-handball-spezial-w-silver-violet","","","","","","","","Pointure","40","700","0","","",""
"new-balance-mr530sg-white-blue","New Balance 530 White Blue, Réplique","<p>Reflets, volumes, esprit Y2K. Le coloris argent et blanc capte la lumière sans en faire trop. À associer à des pièces simples pour laisser la paire au centre. Réplique qualité Master Copy Premium 1:1, chaque commande est confirmée avec vous par téléphone : pointure, délai et livraison.</p>","BEYOND PLUS","Sneakers","new balance, 530, argent / blanc, y2k-runner","FALSE","draft","Pointure","36","650","0","https://beyond-plus-gamma.vercel.app/products/new-balance-mr530sg-white-blue-01.webp","1","New Balance 530 White Blue, vue 1"
"new-balance-mr530sg-white-blue","","","","","","","","Pointure","37","650","0","https://beyond-plus-gamma.vercel.app/products/new-balance-mr530sg-white-blue-02.webp","2","New Balance 530 White Blue, vue 2"
"new-balance-mr530sg-white-blue","","","","","","","","Pointure","38","650","0","https://beyond-plus-gamma.vercel.app/products/new-balance-mr530sg-white-blue-03.webp","3","New Balance 530 White Blue, vue 3"
"new-balance-mr530sg-white-blue","","","","","","","","Pointure","39","650","0","https://beyond-plus-gamma.vercel.app/products/new-balance-mr530sg-white-blue-04.webp","4","New Balance 530 White Blue, vue 4"
"new-balance-mr530sg-white-blue","","","","","","","","Pointure","40","650","0","","",""
"new-balance-mr530sg-white-blue","","","","","","","","Pointure","41","650","0","","",""
"new-balance-mr530sg-white-blue","","","","","","","","Pointure","42","650","0","","",""
"new-balance-mr530sg-white-blue","","","","","","","","Pointure","43","650","0","","",""
"new-balance-mr530sg-white-blue","","","","","","","","Pointure","44","650","0","","",""
"vans-old-skool","Vans Old Skool, Réplique","<p>Toile, daim, semelle gaufrée : l’essentiel. Un coloris affirmé, pour sortir du rang. Va avec tout, du denim brut au pantalon de costume. Réplique qualité Master Copy Premium 1:1, chaque commande est confirmée avec vous par téléphone : pointure, délai et livraison.</p>","BEYOND PLUS","Sneakers","vans, old skool, statement, skate","FALSE","draft","Pointure","36","590","0","https://beyond-plus-gamma.vercel.app/products/vans-old-skool-01.webp","1","Vans Old Skool, vue 1"
"vans-old-skool","","","","","","","","Pointure","37","590","0","https://beyond-plus-gamma.vercel.app/products/vans-old-skool-02.webp","2","Vans Old Skool, vue 2"
"vans-old-skool","","","","","","","","Pointure","38","590","0","https://beyond-plus-gamma.vercel.app/products/vans-old-skool-03.webp","3","Vans Old Skool, vue 3"
"vans-old-skool","","","","","","","","Pointure","39","590","0","https://beyond-plus-gamma.vercel.app/products/vans-old-skool-04.webp","4","Vans Old Skool, vue 4"
"vans-old-skool","","","","","","","","Pointure","40","590","0","https://beyond-plus-gamma.vercel.app/products/vans-old-skool-05.webp","5","Vans Old Skool, vue 5"
"vans-old-skool","","","","","","","","Pointure","41","590","0","","",""
"vans-old-skool","","","","","","","","Pointure","42","590","0","","",""
"vans-old-skool","","","","","","","","Pointure","43","590","0","","",""
"vans-old-skool","","","","","","","","Pointure","44","590","0","","",""
"asics-gel-nyc-cream-oyster-grey","ASICS Gel-NYC Cream Oyster Grey, Réplique","<p>Une runner rétro, technique juste ce qu’il faut. Des tons crème et beige, doux et faciles à associer. Se porte avec un baggy, un short ou un tailleur trop grand. Réplique qualité Master Copy Premium 1:1, chaque commande est confirmée avec vous par téléphone : pointure, délai et livraison.</p>","BEYOND PLUS","Sneakers","asics, gel-nyc, crème / beige, retro-runner","FALSE","draft","Pointure","36","700","0","https://beyond-plus-gamma.vercel.app/products/asics-gel-nyc-cream-oyster-grey-01.webp","1","ASICS Gel-NYC Cream Oyster Grey, vue 1"
"asics-gel-nyc-cream-oyster-grey","","","","","","","","Pointure","37","700","0","https://beyond-plus-gamma.vercel.app/products/asics-gel-nyc-cream-oyster-grey-02.webp","2","ASICS Gel-NYC Cream Oyster Grey, vue 2"
"asics-gel-nyc-cream-oyster-grey","","","","","","","","Pointure","38","700","0","https://beyond-plus-gamma.vercel.app/products/asics-gel-nyc-cream-oyster-grey-03.webp","3","ASICS Gel-NYC Cream Oyster Grey, vue 3"
"asics-gel-nyc-cream-oyster-grey","","","","","","","","Pointure","39","700","0","https://beyond-plus-gamma.vercel.app/products/asics-gel-nyc-cream-oyster-grey-04.webp","4","ASICS Gel-NYC Cream Oyster Grey, vue 4"
"asics-gel-nyc-cream-oyster-grey","","","","","","","","Pointure","40","700","0","","",""
"asics-gel-nyc-cream-oyster-grey","","","","","","","","Pointure","41","700","0","","",""
"asics-gel-nyc-cream-oyster-grey","","","","","","","","Pointure","42","700","0","","",""
"asics-gel-nyc-cream-oyster-grey","","","","","","","","Pointure","43","700","0","","",""
"asics-gel-nyc-cream-oyster-grey","","","","","","","","Pointure","44","700","0","","",""
"nike-vomero-5-photon-dust-pink-foam","Nike Zoom Vomero 5 Photon Dust Pink Foam, Réplique","<p>L’énergie des années 2000, en version quotidienne. Un coloris affirmé, pour sortir du rang. À associer à des pièces simples pour laisser la paire au centre. Réplique qualité Master Copy Premium 1:1, chaque commande est confirmée avec vous par téléphone : pointure, délai et livraison.</p>","BEYOND PLUS","Sneakers","nike, zoom vomero 5, statement, y2k-runner","FALSE","draft","Pointure","36","680","0","https://beyond-plus-gamma.vercel.app/products/nike-vomero-5-photon-dust-pink-foam-01.webp","1","Nike Zoom Vomero 5 Photon Dust Pink Foam, vue 1"
"nike-vomero-5-photon-dust-pink-foam","","","","","","","","Pointure","37","680","0","https://beyond-plus-gamma.vercel.app/products/nike-vomero-5-photon-dust-pink-foam-02.webp","2","Nike Zoom Vomero 5 Photon Dust Pink Foam, vue 2"
"nike-vomero-5-photon-dust-pink-foam","","","","","","","","Pointure","38","680","0","https://beyond-plus-gamma.vercel.app/products/nike-vomero-5-photon-dust-pink-foam-03.webp","3","Nike Zoom Vomero 5 Photon Dust Pink Foam, vue 3"
"nike-vomero-5-photon-dust-pink-foam","","","","","","","","Pointure","39","680","0","https://beyond-plus-gamma.vercel.app/products/nike-vomero-5-photon-dust-pink-foam-04.webp","4","Nike Zoom Vomero 5 Photon Dust Pink Foam, vue 4"
"nike-vomero-5-photon-dust-pink-foam","","","","","","","","Pointure","40","680","0","","",""
"air-force-1-low-07-triple-black","Nike Air Force 1 ' Triple Black, Réplique","<p>L’icône, telle qu’on l’aime. Noir et blanc, le contraste qui ne se démode pas. Se porte partout, tout le temps. Réplique qualité Master Copy Premium 1:1, chaque commande est confirmée avec vous par téléphone : pointure, délai et livraison.</p>","BEYOND PLUS","Sneakers","nike, air force 1, noir / blanc, icon","FALSE","draft","Pointure","36","590","0","https://beyond-plus-gamma.vercel.app/products/air-force-1-low-07-triple-black-01.webp","1","Nike Air Force 1 ' Triple Black, vue 1"
"air-force-1-low-07-triple-black","","","","","","","","Pointure","37","590","0","https://beyond-plus-gamma.vercel.app/products/air-force-1-low-07-triple-black-02.webp","2","Nike Air Force 1 ' Triple Black, vue 2"
"air-force-1-low-07-triple-black","","","","","","","","Pointure","38","590","0","https://beyond-plus-gamma.vercel.app/products/air-force-1-low-07-triple-black-03.webp","3","Nike Air Force 1 ' Triple Black, vue 3"
"air-force-1-low-07-triple-black","","","","","","","","Pointure","39","590","0","https://beyond-plus-gamma.vercel.app/products/air-force-1-low-07-triple-black-04.webp","4","Nike Air Force 1 ' Triple Black, vue 4"
"air-force-1-low-07-triple-black","","","","","","","","Pointure","40","590","0","","",""
"air-force-1-low-07-triple-black","","","","","","","","Pointure","41","590","0","","",""
"air-force-1-low-07-triple-black","","","","","","","","Pointure","42","590","0","","",""
"air-force-1-low-07-triple-black","","","","","","","","Pointure","43","590","0","","",""
"air-force-1-low-07-triple-black","","","","","","","","Pointure","44","590","0","","",""
"air-force-1-low-07-triple-white","Nike Air Force 1 ' Triple White, Réplique","<p>L’icône, telle qu’on l’aime. Le coloris argent et blanc capte la lumière sans en faire trop. Se porte partout, tout le temps. Réplique qualité Master Copy Premium 1:1, chaque commande est confirmée avec vous par téléphone : pointure, délai et livraison.</p>","BEYOND PLUS","Sneakers","nike, air force 1, argent / blanc, icon","FALSE","draft","Pointure","36","590","0","https://beyond-plus-gamma.vercel.app/products/air-force-1-low-07-triple-white-01.webp","1","Nike Air Force 1 ' Triple White, vue 1"
"air-force-1-low-07-triple-white","","","","","","","","Pointure","37","590","0","https://beyond-plus-gamma.vercel.app/products/air-force-1-low-07-triple-white-02.webp","2","Nike Air Force 1 ' Triple White, vue 2"
"air-force-1-low-07-triple-white","","","","","","","","Pointure","38","590","0","https://beyond-plus-gamma.vercel.app/products/air-force-1-low-07-triple-white-03.webp","3","Nike Air Force 1 ' Triple White, vue 3"
"air-force-1-low-07-triple-white","","","","","","","","Pointure","39","590","0","https://beyond-plus-gamma.vercel.app/products/air-force-1-low-07-triple-white-04.webp","4","Nike Air Force 1 ' Triple White, vue 4"
"air-force-1-low-07-triple-white","","","","","","","","Pointure","40","590","0","https://beyond-plus-gamma.vercel.app/products/air-force-1-low-07-triple-white-05.webp","5","Nike Air Force 1 ' Triple White, vue 5"
"air-force-1-low-07-triple-white","","","","","","","","Pointure","41","590","0","","",""
"air-force-1-low-07-triple-white","","","","","","","","Pointure","42","590","0","","",""
"air-force-1-low-07-triple-white","","","","","","","","Pointure","43","590","0","","",""
"air-force-1-low-07-triple-white","","","","","","","","Pointure","44","590","0","","",""
"nike-p-6000-white-silver","Nike P-6000 White Silver, Réplique","<p>Une runner chargée, qui assume. Le coloris argent et blanc capte la lumière sans en faire trop. À associer à des pièces simples pour laisser la paire au centre. Réplique qualité Master Copy Premium 1:1, chaque commande est confirmée avec vous par téléphone : pointure, délai et livraison.</p>","BEYOND PLUS","Sneakers","nike, p-6000, argent / blanc, y2k-runner","FALSE","draft","Pointure","40","660","0","https://beyond-plus-gamma.vercel.app/products/nike-p-6000-white-silver-01.webp","1","Nike P-6000 White Silver, vue 1"
"nike-p-6000-white-silver","","","","","","","","Pointure","41","660","0","https://beyond-plus-gamma.vercel.app/products/nike-p-6000-white-silver-02.webp","2","Nike P-6000 White Silver, vue 2"
"nike-p-6000-white-silver","","","","","","","","Pointure","42","660","0","https://beyond-plus-gamma.vercel.app/products/nike-p-6000-white-silver-03.webp","3","Nike P-6000 White Silver, vue 3"
"nike-p-6000-white-silver","","","","","","","","Pointure","43","660","0","https://beyond-plus-gamma.vercel.app/products/nike-p-6000-white-silver-04.webp","4","Nike P-6000 White Silver, vue 4"
"nike-p-6000-white-silver","","","","","","","","Pointure","44","660","0","","",""
"new-balance-9060-white-taro","New Balance 9060 White Taro, Réplique","<p>Reflets, volumes, esprit Y2K. Le coloris argent et blanc capte la lumière sans en faire trop. À associer à des pièces simples pour laisser la paire au centre. Réplique qualité Master Copy Premium 1:1, chaque commande est confirmée avec vous par téléphone : pointure, délai et livraison.</p>","BEYOND PLUS","Sneakers","new balance, 9060, argent / blanc, y2k-runner","FALSE","draft","Pointure","38","760","0","https://beyond-plus-gamma.vercel.app/products/new-balance-9060-white-taro-01.webp","1","New Balance 9060 White Taro, vue 1"
"new-balance-9060-white-taro","","","","","","","","Pointure","39","760","0","https://beyond-plus-gamma.vercel.app/products/new-balance-9060-white-taro-02.webp","2","New Balance 9060 White Taro, vue 2"
"new-balance-9060-white-taro","","","","","","","","Pointure","40","760","0","https://beyond-plus-gamma.vercel.app/products/new-balance-9060-white-taro-03.webp","3","New Balance 9060 White Taro, vue 3"
"new-balance-9060-white-taro","","","","","","","","Pointure","41","760","0","https://beyond-plus-gamma.vercel.app/products/new-balance-9060-white-taro-04.webp","4","New Balance 9060 White Taro, vue 4"
"new-balance-9060-white-taro","","","","","","","","Pointure","42","760","0","","",""
"new-balance-9060-white-taro","","","","","","","","Pointure","43","760","0","","",""
"new-balance-9060-white-taro","","","","","","","","Pointure","44","760","0","","",""
"new-balance-9060-black-castlerock-grey-2025","New Balance 9060 Black Castlerock Grey 2025, Réplique","<p>L’énergie des années 2000, en version quotidienne. Un gris nuancé qui se glisse dans n’importe quelle tenue. À associer à des pièces simples pour laisser la paire au centre. Réplique qualité Master Copy Premium 1:1, chaque commande est confirmée avec vous par téléphone : pointure, délai et livraison.</p>","BEYOND PLUS","Sneakers","new balance, 9060, gris, y2k-runner","FALSE","draft","Pointure","40","730","0","https://beyond-plus-gamma.vercel.app/products/new-balance-9060-black-castlerock-grey-2025-01.webp","1","New Balance 9060 Black Castlerock Grey 2025, vue 1"
"new-balance-9060-black-castlerock-grey-2025","","","","","","","","Pointure","41","730","0","https://beyond-plus-gamma.vercel.app/products/new-balance-9060-black-castlerock-grey-2025-02.webp","2","New Balance 9060 Black Castlerock Grey 2025, vue 2"
"new-balance-9060-black-castlerock-grey-2025","","","","","","","","Pointure","42","730","0","https://beyond-plus-gamma.vercel.app/products/new-balance-9060-black-castlerock-grey-2025-03.webp","3","New Balance 9060 Black Castlerock Grey 2025, vue 3"
"new-balance-9060-black-castlerock-grey-2025","","","","","","","","Pointure","43","730","0","https://beyond-plus-gamma.vercel.app/products/new-balance-9060-black-castlerock-grey-2025-04.webp","4","New Balance 9060 Black Castlerock Grey 2025, vue 4"
"new-balance-9060-black-castlerock-grey-2025","","","","","","","","Pointure","44","730","0","","",""
"nike-zoom-vomero-5-premium-sail-total-orange","Nike Zoom Vomero 5 Premium Sail Total Orange, Réplique","<p>L’énergie des années 2000, en version quotidienne. Le coloris argent et blanc capte la lumière sans en faire trop. À associer à des pièces simples pour laisser la paire au centre. Réplique qualité Master Copy Premium 1:1, chaque commande est confirmée avec vous par téléphone : pointure, délai et livraison.</p>","BEYOND PLUS","Sneakers","nike, zoom vomero 5, argent / blanc, y2k-runner","FALSE","draft","Pointure","40","730","0","https://beyond-plus-gamma.vercel.app/products/nike-zoom-vomero-5-premium-sail-total-orange-01.webp","1","Nike Zoom Vomero 5 Premium Sail Total Orange, vue 1"
"nike-zoom-vomero-5-premium-sail-total-orange","","","","","","","","Pointure","41","730","0","https://beyond-plus-gamma.vercel.app/products/nike-zoom-vomero-5-premium-sail-total-orange-02.webp","2","Nike Zoom Vomero 5 Premium Sail Total Orange, vue 2"
"nike-zoom-vomero-5-premium-sail-total-orange","","","","","","","","Pointure","42","730","0","https://beyond-plus-gamma.vercel.app/products/nike-zoom-vomero-5-premium-sail-total-orange-03.webp","3","Nike Zoom Vomero 5 Premium Sail Total Orange, vue 3"
"nike-zoom-vomero-5-premium-sail-total-orange","","","","","","","","Pointure","43","730","0","https://beyond-plus-gamma.vercel.app/products/nike-zoom-vomero-5-premium-sail-total-orange-04.webp","4","Nike Zoom Vomero 5 Premium Sail Total Orange, vue 4"
"nike-zoom-vomero-5-premium-sail-total-orange","","","","","","","","Pointure","44","730","0","","",""
"nike-zoom-vomero-5-premium-sail-total-orange","","","","","","","","Pointure","45","730","0","","",""
"adidas-samba-core-white-halo-blue","adidas Samba Core White Halo Blue, Réplique","<p>La silhouette des tribunes, devenue uniforme. Le coloris argent et blanc capte la lumière sans en faire trop. Avec un jean droit, un survêtement ou une jupe midi. Réplique qualité Master Copy Premium 1:1, chaque commande est confirmée avec vous par téléphone : pointure, délai et livraison.</p>","BEYOND PLUS","Sneakers","adidas, samba, argent / blanc, terrace","FALSE","draft","Pointure","36","700","0","https://beyond-plus-gamma.vercel.app/products/adidas-samba-core-white-halo-blue-01.webp","1","adidas Samba Core White Halo Blue, vue 1"
"adidas-samba-core-white-halo-blue","","","","","","","","Pointure","37","700","0","https://beyond-plus-gamma.vercel.app/products/adidas-samba-core-white-halo-blue-02.webp","2","adidas Samba Core White Halo Blue, vue 2"
"adidas-samba-core-white-halo-blue","","","","","","","","Pointure","38","700","0","https://beyond-plus-gamma.vercel.app/products/adidas-samba-core-white-halo-blue-03.webp","3","adidas Samba Core White Halo Blue, vue 3"
"adidas-samba-core-white-halo-blue","","","","","","","","Pointure","39","700","0","","",""
"adidas-samba-core-white-halo-blue","","","","","","","","Pointure","40","700","0","","",""
"adidas-samba-core-black","adidas Samba Core Black, Réplique","<p>L’esprit terrace, cuir et gomme. Noir et blanc, le contraste qui ne se démode pas. Avec un jean droit, un survêtement ou une jupe midi. Réplique qualité Master Copy Premium 1:1, chaque commande est confirmée avec vous par téléphone : pointure, délai et livraison.</p>","BEYOND PLUS","Sneakers","adidas, samba, noir / blanc, terrace","FALSE","draft","Pointure","36","700","0","https://beyond-plus-gamma.vercel.app/products/adidas-samba-core-black-01.webp","1","adidas Samba Core Black, vue 1"
"adidas-samba-core-black","","","","","","","","Pointure","37","700","0","https://beyond-plus-gamma.vercel.app/products/adidas-samba-core-black-02.webp","2","adidas Samba Core Black, vue 2"
"adidas-samba-core-black","","","","","","","","Pointure","38","700","0","","",""
"adidas-samba-core-black","","","","","","","","Pointure","39","700","0","","",""
"adidas-samba-core-black","","","","","","","","Pointure","40","700","0","","",""
"adidas-samba-core-black","","","","","","","","Pointure","41","700","0","","",""
"adidas-samba-core-black","","","","","","","","Pointure","42","700","0","","",""
"adidas-samba-core-black","","","","","","","","Pointure","43","700","0","","",""
"adidas-samba-core-black","","","","","","","","Pointure","44","700","0","","",""
"adidas-handball-spezial-light-blue","adidas Handball Spezial Light Blue, Réplique","<p>L’esprit terrace, cuir et gomme. Un coloris affirmé, pour sortir du rang. Avec un jean droit, un survêtement ou une jupe midi. Réplique qualité Master Copy Premium 1:1, chaque commande est confirmée avec vous par téléphone : pointure, délai et livraison.</p>","BEYOND PLUS","Sneakers","adidas, handball spezial, statement, terrace","FALSE","draft","Pointure","36","700","0","https://beyond-plus-gamma.vercel.app/products/adidas-handball-spezial-light-blue-01.webp","1","adidas Handball Spezial Light Blue, vue 1"
"adidas-handball-spezial-light-blue","","","","","","","","Pointure","37","700","0","https://beyond-plus-gamma.vercel.app/products/adidas-handball-spezial-light-blue-02.webp","2","adidas Handball Spezial Light Blue, vue 2"
"adidas-handball-spezial-light-blue","","","","","","","","Pointure","38","700","0","https://beyond-plus-gamma.vercel.app/products/adidas-handball-spezial-light-blue-03.webp","3","adidas Handball Spezial Light Blue, vue 3"
"adidas-handball-spezial-light-blue","","","","","","","","Pointure","39","700","0","https://beyond-plus-gamma.vercel.app/products/adidas-handball-spezial-light-blue-04.webp","4","adidas Handball Spezial Light Blue, vue 4"
"adidas-handball-spezial-light-blue","","","","","","","","Pointure","40","700","0","","",""
"adidas-handball-spezial-silver-green-magic","adidas Handball Spezial Silver Green Magic, Réplique","<p>Plate, souple, facile. Le coloris argent et blanc capte la lumière sans en faire trop. Avec un jean droit, un survêtement ou une jupe midi. Réplique qualité Master Copy Premium 1:1, chaque commande est confirmée avec vous par téléphone : pointure, délai et livraison.</p>","BEYOND PLUS","Sneakers","adidas, handball spezial, argent / blanc, terrace","FALSE","draft","Pointure","36","700","0","https://beyond-plus-gamma.vercel.app/products/adidas-handball-spezial-silver-green-magic-01.webp","1","adidas Handball Spezial Silver Green Magic, vue 1"
"adidas-handball-spezial-silver-green-magic","","","","","","","","Pointure","37","700","0","https://beyond-plus-gamma.vercel.app/products/adidas-handball-spezial-silver-green-magic-02.webp","2","adidas Handball Spezial Silver Green Magic, vue 2"
"adidas-handball-spezial-silver-green-magic","","","","","","","","Pointure","38","700","0","https://beyond-plus-gamma.vercel.app/products/adidas-handball-spezial-silver-green-magic-03.webp","3","adidas Handball Spezial Silver Green Magic, vue 3"
"adidas-handball-spezial-silver-green-magic","","","","","","","","Pointure","39","700","0","https://beyond-plus-gamma.vercel.app/products/adidas-handball-spezial-silver-green-magic-04.webp","4","adidas Handball Spezial Silver Green Magic, vue 4"
"adidas-handball-spezial-silver-green-magic","","","","","","","","Pointure","40","700","0","","",""
"adidas-handball-spezial-aluminium-black-gum","adidas Handball Spezial Aluminium Black Gum, Réplique","<p>L’esprit terrace, cuir et gomme. Des tons crème et beige, doux et faciles à associer. Avec un jean droit, un survêtement ou une jupe midi. Réplique qualité Master Copy Premium 1:1, chaque commande est confirmée avec vous par téléphone : pointure, délai et livraison.</p>","BEYOND PLUS","Sneakers","adidas, handball spezial, crème / beige, terrace","FALSE","draft","Pointure","36","700","0","https://beyond-plus-gamma.vercel.app/products/adidas-handball-spezial-aluminium-black-gum-01.webp","1","adidas Handball Spezial Aluminium Black Gum, vue 1"
"adidas-handball-spezial-aluminium-black-gum","","","","","","","","Pointure","37","700","0","https://beyond-plus-gamma.vercel.app/products/adidas-handball-spezial-aluminium-black-gum-02.webp","2","adidas Handball Spezial Aluminium Black Gum, vue 2"
"adidas-handball-spezial-aluminium-black-gum","","","","","","","","Pointure","38","700","0","https://beyond-plus-gamma.vercel.app/products/adidas-handball-spezial-aluminium-black-gum-03.webp","3","adidas Handball Spezial Aluminium Black Gum, vue 3"
"adidas-handball-spezial-aluminium-black-gum","","","","","","","","Pointure","39","700","0","https://beyond-plus-gamma.vercel.app/products/adidas-handball-spezial-aluminium-black-gum-04.webp","4","adidas Handball Spezial Aluminium Black Gum, vue 4"
"adidas-handball-spezial-aluminium-black-gum","","","","","","","","Pointure","40","700","0","https://beyond-plus-gamma.vercel.app/products/adidas-handball-spezial-aluminium-black-gum-05.webp","5","adidas Handball Spezial Aluminium Black Gum, vue 5"
"adidas-handball-spezial-shadow-brown-alumina","adidas Handball Spezial Shadow Brown Alumina, Réplique","<p>L’esprit terrace, cuir et gomme. Des tons terre, chauds et profonds. Avec un jean droit, un survêtement ou une jupe midi. Réplique qualité Master Copy Premium 1:1, chaque commande est confirmée avec vous par téléphone : pointure, délai et livraison.</p>","BEYOND PLUS","Sneakers","adidas, handball spezial, marron / terre, terrace","FALSE","draft","Pointure","36","700","0","https://beyond-plus-gamma.vercel.app/products/adidas-handball-spezial-shadow-brown-alumina-01.webp","1","adidas Handball Spezial Shadow Brown Alumina, vue 1"
"adidas-handball-spezial-shadow-brown-alumina","","","","","","","","Pointure","37","700","0","https://beyond-plus-gamma.vercel.app/products/adidas-handball-spezial-shadow-brown-alumina-02.webp","2","adidas Handball Spezial Shadow Brown Alumina, vue 2"
"adidas-handball-spezial-shadow-brown-alumina","","","","","","","","Pointure","38","700","0","https://beyond-plus-gamma.vercel.app/products/adidas-handball-spezial-shadow-brown-alumina-03.webp","3","adidas Handball Spezial Shadow Brown Alumina, vue 3"
"adidas-handball-spezial-shadow-brown-alumina","","","","","","","","Pointure","39","700","0","https://beyond-plus-gamma.vercel.app/products/adidas-handball-spezial-shadow-brown-alumina-04.webp","4","adidas Handball Spezial Shadow Brown Alumina, vue 4"
"adidas-handball-spezial-shadow-brown-alumina","","","","","","","","Pointure","40","700","0","https://beyond-plus-gamma.vercel.app/products/adidas-handball-spezial-shadow-brown-alumina-05.webp","5","adidas Handball Spezial Shadow Brown Alumina, vue 5"
"adidas-handball-spezial-earth-strata-gum","adidas Handball Spezial Earth Strata Gum, Réplique","<p>La silhouette des tribunes, devenue uniforme. Des tons crème et beige, doux et faciles à associer. Avec un jean droit, un survêtement ou une jupe midi. Réplique qualité Master Copy Premium 1:1, chaque commande est confirmée avec vous par téléphone : pointure, délai et livraison.</p>","BEYOND PLUS","Sneakers","adidas, handball spezial, crème / beige, terrace","FALSE","draft","Pointure","36","700","0","https://beyond-plus-gamma.vercel.app/products/adidas-handball-spezial-earth-strata-gum-01.webp","1","adidas Handball Spezial Earth Strata Gum, vue 1"
"adidas-handball-spezial-earth-strata-gum","","","","","","","","Pointure","37","700","0","https://beyond-plus-gamma.vercel.app/products/adidas-handball-spezial-earth-strata-gum-02.webp","2","adidas Handball Spezial Earth Strata Gum, vue 2"
"adidas-handball-spezial-earth-strata-gum","","","","","","","","Pointure","38","700","0","https://beyond-plus-gamma.vercel.app/products/adidas-handball-spezial-earth-strata-gum-03.webp","3","adidas Handball Spezial Earth Strata Gum, vue 3"
"adidas-handball-spezial-earth-strata-gum","","","","","","","","Pointure","39","700","0","https://beyond-plus-gamma.vercel.app/products/adidas-handball-spezial-earth-strata-gum-04.webp","4","adidas Handball Spezial Earth Strata Gum, vue 4"
"adidas-handball-spezial-earth-strata-gum","","","","","","","","Pointure","40","700","0","","",""
"asics-gel-kayano-14-arctic-sky-pure-silver","ASICS Gel-Kayano 14 Arctic Sky Pure Silver, Réplique","<p>Reflets, volumes, esprit Y2K. Le coloris argent et blanc capte la lumière sans en faire trop. À associer à des pièces simples pour laisser la paire au centre. Réplique qualité Master Copy Premium 1:1, chaque commande est confirmée avec vous par téléphone : pointure, délai et livraison.</p>","BEYOND PLUS","Sneakers","asics, gel-kayano 14, argent / blanc, y2k-runner","FALSE","draft","Pointure","40","750","0","https://beyond-plus-gamma.vercel.app/products/asics-gel-kayano-14-arctic-sky-pure-silver-01.webp","1","ASICS Gel-Kayano 14 Arctic Sky Pure Silver, vue 1"
"asics-gel-kayano-14-arctic-sky-pure-silver","","","","","","","","Pointure","41","750","0","https://beyond-plus-gamma.vercel.app/products/asics-gel-kayano-14-arctic-sky-pure-silver-02.webp","2","ASICS Gel-Kayano 14 Arctic Sky Pure Silver, vue 2"
"asics-gel-kayano-14-arctic-sky-pure-silver","","","","","","","","Pointure","42","750","0","https://beyond-plus-gamma.vercel.app/products/asics-gel-kayano-14-arctic-sky-pure-silver-03.webp","3","ASICS Gel-Kayano 14 Arctic Sky Pure Silver, vue 3"
"asics-gel-kayano-14-arctic-sky-pure-silver","","","","","","","","Pointure","43","750","0","https://beyond-plus-gamma.vercel.app/products/asics-gel-kayano-14-arctic-sky-pure-silver-04.webp","4","ASICS Gel-Kayano 14 Arctic Sky Pure Silver, vue 4"
"asics-gel-kayano-14-arctic-sky-pure-silver","","","","","","","","Pointure","44","750","0","","",""
"asics-gel-kayano-14-white-fjord-grey","ASICS Gel-Kayano 14 White Fjord Grey, Réplique","<p>Reflets, volumes, esprit Y2K. Un gris nuancé qui se glisse dans n’importe quelle tenue. À associer à des pièces simples pour laisser la paire au centre. Réplique qualité Master Copy Premium 1:1, chaque commande est confirmée avec vous par téléphone : pointure, délai et livraison.</p>","BEYOND PLUS","Sneakers","asics, gel-kayano 14, gris, y2k-runner","FALSE","draft","Pointure","40","750","0","https://beyond-plus-gamma.vercel.app/products/asics-gel-kayano-14-white-fjord-grey-01.webp","1","ASICS Gel-Kayano 14 White Fjord Grey, vue 1"
"asics-gel-kayano-14-white-fjord-grey","","","","","","","","Pointure","41","750","0","https://beyond-plus-gamma.vercel.app/products/asics-gel-kayano-14-white-fjord-grey-02.webp","2","ASICS Gel-Kayano 14 White Fjord Grey, vue 2"
"asics-gel-kayano-14-white-fjord-grey","","","","","","","","Pointure","42","750","0","https://beyond-plus-gamma.vercel.app/products/asics-gel-kayano-14-white-fjord-grey-03.webp","3","ASICS Gel-Kayano 14 White Fjord Grey, vue 3"
"asics-gel-kayano-14-white-fjord-grey","","","","","","","","Pointure","43","750","0","https://beyond-plus-gamma.vercel.app/products/asics-gel-kayano-14-white-fjord-grey-04.webp","4","ASICS Gel-Kayano 14 White Fjord Grey, vue 4"
"asics-gel-kayano-14-white-fjord-grey","","","","","","","","Pointure","44","750","0","","",""
"asics-gel-kayano-14-triple-black","ASICS Gel-Kayano 14 Triple Black, Réplique","<p>L’énergie des années 2000, en version quotidienne. Noir et blanc, le contraste qui ne se démode pas. À associer à des pièces simples pour laisser la paire au centre. Réplique qualité Master Copy Premium 1:1, chaque commande est confirmée avec vous par téléphone : pointure, délai et livraison.</p>","BEYOND PLUS","Sneakers","asics, gel-kayano 14, noir / blanc, y2k-runner","FALSE","draft","Pointure","40","750","0","https://beyond-plus-gamma.vercel.app/products/asics-gel-kayano-14-triple-black-01.webp","1","ASICS Gel-Kayano 14 Triple Black, vue 1"
"asics-gel-kayano-14-triple-black","","","","","","","","Pointure","41","750","0","https://beyond-plus-gamma.vercel.app/products/asics-gel-kayano-14-triple-black-02.webp","2","ASICS Gel-Kayano 14 Triple Black, vue 2"
"asics-gel-kayano-14-triple-black","","","","","","","","Pointure","42","750","0","https://beyond-plus-gamma.vercel.app/products/asics-gel-kayano-14-triple-black-03.webp","3","ASICS Gel-Kayano 14 Triple Black, vue 3"
"asics-gel-kayano-14-triple-black","","","","","","","","Pointure","43","750","0","https://beyond-plus-gamma.vercel.app/products/asics-gel-kayano-14-triple-black-04.webp","4","ASICS Gel-Kayano 14 Triple Black, vue 4"
"asics-gel-kayano-14-triple-black","","","","","","","","Pointure","44","750","0","","",""
"asics-gel-kayano-14-cream-black-metallic-plum","ASICS Gel-Kayano 14 Cream Black Metallic Plum, Réplique","<p>Reflets, volumes, esprit Y2K. Noir et argent : sombre, métallique, facile à porter. À associer à des pièces simples pour laisser la paire au centre. Réplique qualité Master Copy Premium 1:1, chaque commande est confirmée avec vous par téléphone : pointure, délai et livraison.</p>","BEYOND PLUS","Sneakers","asics, gel-kayano 14, noir / argent, y2k-runner","FALSE","draft","Pointure","40","750","0","https://beyond-plus-gamma.vercel.app/products/asics-gel-kayano-14-cream-black-metallic-plum-01.webp","1","ASICS Gel-Kayano 14 Cream Black Metallic Plum, vue 1"
"asics-gel-kayano-14-cream-black-metallic-plum","","","","","","","","Pointure","41","750","0","https://beyond-plus-gamma.vercel.app/products/asics-gel-kayano-14-cream-black-metallic-plum-02.webp","2","ASICS Gel-Kayano 14 Cream Black Metallic Plum, vue 2"
"asics-gel-kayano-14-cream-black-metallic-plum","","","","","","","","Pointure","42","750","0","https://beyond-plus-gamma.vercel.app/products/asics-gel-kayano-14-cream-black-metallic-plum-03.webp","3","ASICS Gel-Kayano 14 Cream Black Metallic Plum, vue 3"
"asics-gel-kayano-14-cream-black-metallic-plum","","","","","","","","Pointure","43","750","0","","",""
"asics-gel-kayano-14-cream-black-metallic-plum","","","","","","","","Pointure","44","750","0","","",""
"asics-gel-kayano-14-cream-sweet-pink","ASICS Gel-Kayano 14 Cream Sweet Pink, Réplique","<p>Une runner chargée, qui assume. Des tons crème et beige, doux et faciles à associer. À associer à des pièces simples pour laisser la paire au centre. Réplique qualité Master Copy Premium 1:1, chaque commande est confirmée avec vous par téléphone : pointure, délai et livraison.</p>","BEYOND PLUS","Sneakers","asics, gel-kayano 14, crème / beige, y2k-runner","FALSE","draft","Pointure","36","750","0","https://beyond-plus-gamma.vercel.app/products/asics-gel-kayano-14-cream-sweet-pink-01.webp","1","ASICS Gel-Kayano 14 Cream Sweet Pink, vue 1"
"asics-gel-kayano-14-cream-sweet-pink","","","","","","","","Pointure","37","750","0","https://beyond-plus-gamma.vercel.app/products/asics-gel-kayano-14-cream-sweet-pink-02.webp","2","ASICS Gel-Kayano 14 Cream Sweet Pink, vue 2"
"asics-gel-kayano-14-cream-sweet-pink","","","","","","","","Pointure","38","750","0","https://beyond-plus-gamma.vercel.app/products/asics-gel-kayano-14-cream-sweet-pink-03.webp","3","ASICS Gel-Kayano 14 Cream Sweet Pink, vue 3"
"asics-gel-kayano-14-cream-sweet-pink","","","","","","","","Pointure","39","750","0","https://beyond-plus-gamma.vercel.app/products/asics-gel-kayano-14-cream-sweet-pink-04.webp","4","ASICS Gel-Kayano 14 Cream Sweet Pink, vue 4"
"asics-gel-kayano-14-cream-sweet-pink","","","","","","","","Pointure","40","750","0","","",""
"nike-zoom-vomero-5-earth-fossil","Nike Zoom Vomero 5 Earth Fossil, Réplique","<p>L’énergie des années 2000, en version quotidienne. Des tons terre, chauds et profonds. À associer à des pièces simples pour laisser la paire au centre. Réplique qualité Master Copy Premium 1:1, chaque commande est confirmée avec vous par téléphone : pointure, délai et livraison.</p>","BEYOND PLUS","Sneakers","nike, zoom vomero 5, marron / terre, y2k-runner","FALSE","draft","Pointure","40","660","0","https://beyond-plus-gamma.vercel.app/products/nike-zoom-vomero-5-earth-fossil-01.webp","1","Nike Zoom Vomero 5 Earth Fossil, vue 1"
"nike-zoom-vomero-5-earth-fossil","","","","","","","","Pointure","41","660","0","https://beyond-plus-gamma.vercel.app/products/nike-zoom-vomero-5-earth-fossil-02.webp","2","Nike Zoom Vomero 5 Earth Fossil, vue 2"
"nike-zoom-vomero-5-earth-fossil","","","","","","","","Pointure","42","660","0","https://beyond-plus-gamma.vercel.app/products/nike-zoom-vomero-5-earth-fossil-03.webp","3","Nike Zoom Vomero 5 Earth Fossil, vue 3"
"nike-zoom-vomero-5-earth-fossil","","","","","","","","Pointure","43","660","0","https://beyond-plus-gamma.vercel.app/products/nike-zoom-vomero-5-earth-fossil-04.webp","4","Nike Zoom Vomero 5 Earth Fossil, vue 4"
"nike-zoom-vomero-5-earth-fossil","","","","","","","","Pointure","44","660","0","https://beyond-plus-gamma.vercel.app/products/nike-zoom-vomero-5-earth-fossil-05.webp","5","Nike Zoom Vomero 5 Earth Fossil, vue 5"
"nike-zoom-vomero-5-earth-fossil","","","","","","","","","","","","https://beyond-plus-gamma.vercel.app/products/nike-zoom-vomero-5-earth-fossil-06.webp","6","Nike Zoom Vomero 5 Earth Fossil, vue 6"
"nike-zoom-vomero-5-white-vast-grey","Nike Zoom Vomero 5 White & Vast Grey, Réplique","<p>L’énergie des années 2000, en version quotidienne. Un gris nuancé qui se glisse dans n’importe quelle tenue. À associer à des pièces simples pour laisser la paire au centre. Réplique qualité Master Copy Premium 1:1, chaque commande est confirmée avec vous par téléphone : pointure, délai et livraison.</p>","BEYOND PLUS","Sneakers","nike, zoom vomero 5, gris, y2k-runner","FALSE","draft","Pointure","36","660","0","https://beyond-plus-gamma.vercel.app/products/nike-zoom-vomero-5-white-vast-grey-01.webp","1","Nike Zoom Vomero 5 White & Vast Grey, vue 1"
"nike-zoom-vomero-5-white-vast-grey","","","","","","","","Pointure","37","660","0","https://beyond-plus-gamma.vercel.app/products/nike-zoom-vomero-5-white-vast-grey-02.webp","2","Nike Zoom Vomero 5 White & Vast Grey, vue 2"
"nike-zoom-vomero-5-white-vast-grey","","","","","","","","Pointure","38","660","0","https://beyond-plus-gamma.vercel.app/products/nike-zoom-vomero-5-white-vast-grey-03.webp","3","Nike Zoom Vomero 5 White & Vast Grey, vue 3"
"nike-zoom-vomero-5-white-vast-grey","","","","","","","","Pointure","39","660","0","https://beyond-plus-gamma.vercel.app/products/nike-zoom-vomero-5-white-vast-grey-04.webp","4","Nike Zoom Vomero 5 White & Vast Grey, vue 4"
"nike-zoom-vomero-5-white-vast-grey","","","","","","","","Pointure","40","660","0","https://beyond-plus-gamma.vercel.app/products/nike-zoom-vomero-5-white-vast-grey-05.webp","5","Nike Zoom Vomero 5 White & Vast Grey, vue 5"
"nike-zoom-vomero-5-pale-ivory-sand-drift","Nike Zoom Vomero 5 Pale Ivory & Sand Drift, Réplique","<p>L’énergie des années 2000, en version quotidienne. Des tons crème et beige, doux et faciles à associer. À associer à des pièces simples pour laisser la paire au centre. Réplique qualité Master Copy Premium 1:1, chaque commande est confirmée avec vous par téléphone : pointure, délai et livraison.</p>","BEYOND PLUS","Sneakers","nike, zoom vomero 5, crème / beige, y2k-runner","FALSE","draft","Pointure","36","660","0","https://beyond-plus-gamma.vercel.app/products/nike-zoom-vomero-5-pale-ivory-sand-drift-01.webp","1","Nike Zoom Vomero 5 Pale Ivory & Sand Drift, vue 1"
"nike-zoom-vomero-5-pale-ivory-sand-drift","","","","","","","","Pointure","37","660","0","https://beyond-plus-gamma.vercel.app/products/nike-zoom-vomero-5-pale-ivory-sand-drift-02.webp","2","Nike Zoom Vomero 5 Pale Ivory & Sand Drift, vue 2"
"nike-zoom-vomero-5-pale-ivory-sand-drift","","","","","","","","Pointure","38","660","0","https://beyond-plus-gamma.vercel.app/products/nike-zoom-vomero-5-pale-ivory-sand-drift-03.webp","3","Nike Zoom Vomero 5 Pale Ivory & Sand Drift, vue 3"
"nike-zoom-vomero-5-pale-ivory-sand-drift","","","","","","","","Pointure","39","660","0","https://beyond-plus-gamma.vercel.app/products/nike-zoom-vomero-5-pale-ivory-sand-drift-04.webp","4","Nike Zoom Vomero 5 Pale Ivory & Sand Drift, vue 4"
"nike-zoom-vomero-5-pale-ivory-sand-drift","","","","","","","","Pointure","40","660","0","","",""
"new-balance-9060-crystal-pink","New Balance 9060 Crystal Pink, Réplique","<p>L’énergie des années 2000, en version quotidienne. Un coloris affirmé, pour sortir du rang. À associer à des pièces simples pour laisser la paire au centre. Réplique qualité Master Copy Premium 1:1, chaque commande est confirmée avec vous par téléphone : pointure, délai et livraison.</p>","BEYOND PLUS","Sneakers","new balance, 9060, statement, y2k-runner","FALSE","draft","Pointure","36","750","0","https://beyond-plus-gamma.vercel.app/products/new-balance-9060-crystal-pink-01.webp","1","New Balance 9060 Crystal Pink, vue 1"
"new-balance-9060-crystal-pink","","","","","","","","Pointure","37","750","0","https://beyond-plus-gamma.vercel.app/products/new-balance-9060-crystal-pink-02.webp","2","New Balance 9060 Crystal Pink, vue 2"
"new-balance-9060-crystal-pink","","","","","","","","Pointure","38","750","0","https://beyond-plus-gamma.vercel.app/products/new-balance-9060-crystal-pink-03.webp","3","New Balance 9060 Crystal Pink, vue 3"
"new-balance-9060-crystal-pink","","","","","","","","Pointure","39","750","0","https://beyond-plus-gamma.vercel.app/products/new-balance-9060-crystal-pink-04.webp","4","New Balance 9060 Crystal Pink, vue 4"
"new-balance-9060-crystal-pink","","","","","","","","Pointure","40","750","0","https://beyond-plus-gamma.vercel.app/products/new-balance-9060-crystal-pink-05.webp","5","New Balance 9060 Crystal Pink, vue 5"
"nike-dunk-low-se-barber-shop-grey","Nike Dunk Low SE Barber Shop Grey, Réplique","<p>Un classique du parquet, devenu culte. Un gris nuancé qui se glisse dans n’importe quelle tenue. Laisse-la respirer : pantalon droit, haut sobre. Réplique qualité Master Copy Premium 1:1, chaque commande est confirmée avec vous par téléphone : pointure, délai et livraison.</p>","BEYOND PLUS","Sneakers","nike, dunk low, gris, basketball-retro","FALSE","draft","Pointure","36","750","0","https://beyond-plus-gamma.vercel.app/products/nike-dunk-low-se-barber-shop-grey-01.webp","1","Nike Dunk Low SE Barber Shop Grey, vue 1"
"nike-dunk-low-se-barber-shop-grey","","","","","","","","Pointure","37","750","0","https://beyond-plus-gamma.vercel.app/products/nike-dunk-low-se-barber-shop-grey-02.webp","2","Nike Dunk Low SE Barber Shop Grey, vue 2"
"nike-dunk-low-se-barber-shop-grey","","","","","","","","Pointure","38","750","0","https://beyond-plus-gamma.vercel.app/products/nike-dunk-low-se-barber-shop-grey-03.webp","3","Nike Dunk Low SE Barber Shop Grey, vue 3"
"nike-dunk-low-se-barber-shop-grey","","","","","","","","Pointure","39","750","0","","",""
"nike-dunk-low-se-barber-shop-grey","","","","","","","","Pointure","40","750","0","","",""
"nike-dunk-low-ivory-hyper-royal","Nike Dunk Low Ivory Hyper Royal, Réplique","<p>Un classique du parquet, devenu culte. Des tons crème et beige, doux et faciles à associer. Laisse-la respirer : pantalon droit, haut sobre. Réplique qualité Master Copy Premium 1:1, chaque commande est confirmée avec vous par téléphone : pointure, délai et livraison.</p>","BEYOND PLUS","Sneakers","nike, dunk low, crème / beige, basketball-retro","FALSE","draft","Pointure","36","650","0","https://beyond-plus-gamma.vercel.app/products/nike-dunk-low-ivory-hyper-royal-01.webp","1","Nike Dunk Low Ivory Hyper Royal, vue 1"
"nike-dunk-low-ivory-hyper-royal","","","","","","","","Pointure","37","650","0","https://beyond-plus-gamma.vercel.app/products/nike-dunk-low-ivory-hyper-royal-02.webp","2","Nike Dunk Low Ivory Hyper Royal, vue 2"
"nike-dunk-low-ivory-hyper-royal","","","","","","","","Pointure","38","650","0","https://beyond-plus-gamma.vercel.app/products/nike-dunk-low-ivory-hyper-royal-03.webp","3","Nike Dunk Low Ivory Hyper Royal, vue 3"
"nike-dunk-low-ivory-hyper-royal","","","","","","","","Pointure","39","650","0","","",""
"nike-dunk-low-ivory-hyper-royal","","","","","","","","Pointure","40","650","0","","",""
"nike-dunk-low-paisley-brown","Nike Dunk Low Paisley Brown, Réplique","<p>Une silhouette qui a fait la culture sneaker. Des tons terre, chauds et profonds. Laisse-la respirer : pantalon droit, haut sobre. Réplique qualité Master Copy Premium 1:1, chaque commande est confirmée avec vous par téléphone : pointure, délai et livraison.</p>","BEYOND PLUS","Sneakers","nike, dunk low, marron / terre, basketball-retro","FALSE","draft","Pointure","36","750","0","https://beyond-plus-gamma.vercel.app/products/nike-dunk-low-paisley-brown-01.webp","1","Nike Dunk Low Paisley Brown, vue 1"
"nike-dunk-low-paisley-brown","","","","","","","","Pointure","37","750","0","https://beyond-plus-gamma.vercel.app/products/nike-dunk-low-paisley-brown-02.webp","2","Nike Dunk Low Paisley Brown, vue 2"
"nike-dunk-low-paisley-brown","","","","","","","","Pointure","38","750","0","https://beyond-plus-gamma.vercel.app/products/nike-dunk-low-paisley-brown-03.webp","3","Nike Dunk Low Paisley Brown, vue 3"
"nike-dunk-low-paisley-brown","","","","","","","","Pointure","39","750","0","","",""
"nike-dunk-low-paisley-brown","","","","","","","","Pointure","40","750","0","","",""
"nike-dunk-low-paisley-black","Nike Dunk Low Paisley Black, Réplique","<p>L’héritage basket, sans nostalgie forcée. Noir et blanc, le contraste qui ne se démode pas. Laisse-la respirer : pantalon droit, haut sobre. Réplique qualité Master Copy Premium 1:1, chaque commande est confirmée avec vous par téléphone : pointure, délai et livraison.</p>","BEYOND PLUS","Sneakers","nike, dunk low, noir / blanc, basketball-retro","FALSE","draft","Pointure","36","600","0","https://beyond-plus-gamma.vercel.app/products/nike-dunk-low-paisley-black-01.webp","1","Nike Dunk Low Paisley Black, vue 1"
"nike-dunk-low-paisley-black","","","","","","","","Pointure","37","600","0","https://beyond-plus-gamma.vercel.app/products/nike-dunk-low-paisley-black-02.webp","2","Nike Dunk Low Paisley Black, vue 2"
"nike-dunk-low-paisley-black","","","","","","","","Pointure","38","600","0","https://beyond-plus-gamma.vercel.app/products/nike-dunk-low-paisley-black-03.webp","3","Nike Dunk Low Paisley Black, vue 3"
"nike-dunk-low-paisley-black","","","","","","","","Pointure","39","600","0","https://beyond-plus-gamma.vercel.app/products/nike-dunk-low-paisley-black-04.webp","4","Nike Dunk Low Paisley Black, vue 4"
"nike-dunk-low-paisley-black","","","","","","","","Pointure","40","600","0","https://beyond-plus-gamma.vercel.app/products/nike-dunk-low-paisley-black-05.webp","5","Nike Dunk Low Paisley Black, vue 5"
"nike-dunk-low-sail-coast","Nike Dunk Low Sail Coast, Réplique","<p>Une silhouette qui a fait la culture sneaker. Le coloris argent et blanc capte la lumière sans en faire trop. Laisse-la respirer : pantalon droit, haut sobre. Réplique qualité Master Copy Premium 1:1, chaque commande est confirmée avec vous par téléphone : pointure, délai et livraison.</p>","BEYOND PLUS","Sneakers","nike, dunk low, argent / blanc, basketball-retro","FALSE","draft","Pointure","36","750","0","https://beyond-plus-gamma.vercel.app/products/nike-dunk-low-sail-coast-01.webp","1","Nike Dunk Low Sail Coast, vue 1"
"nike-dunk-low-sail-coast","","","","","","","","Pointure","37","750","0","https://beyond-plus-gamma.vercel.app/products/nike-dunk-low-sail-coast-02.webp","2","Nike Dunk Low Sail Coast, vue 2"
"nike-dunk-low-sail-coast","","","","","","","","Pointure","38","750","0","https://beyond-plus-gamma.vercel.app/products/nike-dunk-low-sail-coast-03.webp","3","Nike Dunk Low Sail Coast, vue 3"
"nike-dunk-low-sail-coast","","","","","","","","Pointure","39","750","0","https://beyond-plus-gamma.vercel.app/products/nike-dunk-low-sail-coast-04.webp","4","Nike Dunk Low Sail Coast, vue 4"
"nike-dunk-low-sail-coast","","","","","","","","Pointure","40","750","0","","",""
"jordan-air-jordan-1-black-medium-olive","Jordan Air Jordan 1 Black & Medium Olive, Réplique","<p>Une silhouette qui a fait la culture sneaker. Noir et blanc, le contraste qui ne se démode pas. Laisse-la respirer : pantalon droit, haut sobre. Réplique qualité Master Copy Premium 1:1, chaque commande est confirmée avec vous par téléphone : pointure, délai et livraison.</p>","BEYOND PLUS","Sneakers","jordan, air jordan 1, noir / blanc, basketball-retro","FALSE","draft","Pointure","40","620","0","https://beyond-plus-gamma.vercel.app/products/jordan-air-jordan-1-black-medium-olive-01.webp","1","Jordan Air Jordan 1 Black & Medium Olive, vue 1"
"jordan-air-jordan-1-black-medium-olive","","","","","","","","Pointure","41","620","0","https://beyond-plus-gamma.vercel.app/products/jordan-air-jordan-1-black-medium-olive-02.webp","2","Jordan Air Jordan 1 Black & Medium Olive, vue 2"
"jordan-air-jordan-1-black-medium-olive","","","","","","","","Pointure","42","620","0","https://beyond-plus-gamma.vercel.app/products/jordan-air-jordan-1-black-medium-olive-03.webp","3","Jordan Air Jordan 1 Black & Medium Olive, vue 3"
"jordan-air-jordan-1-black-medium-olive","","","","","","","","Pointure","43","620","0","https://beyond-plus-gamma.vercel.app/products/jordan-air-jordan-1-black-medium-olive-04.webp","4","Jordan Air Jordan 1 Black & Medium Olive, vue 4"
"jordan-air-jordan-1-black-medium-olive","","","","","","","","Pointure","44","620","0","https://beyond-plus-gamma.vercel.app/products/jordan-air-jordan-1-black-medium-olive-05.webp","5","Jordan Air Jordan 1 Black & Medium Olive, vue 5"
"asics-gel-nyc-arctic-sky-bleu-ciel","ASICS Gel-NYC Arctic Sky Bleu Ciel, Réplique","<p>Le running d’archive, remis en ville. Un coloris affirmé, pour sortir du rang. Se porte avec un baggy, un short ou un tailleur trop grand. Réplique qualité Master Copy Premium 1:1, chaque commande est confirmée avec vous par téléphone : pointure, délai et livraison.</p>","BEYOND PLUS","Sneakers","asics, gel-nyc, statement, retro-runner","FALSE","draft","Pointure","36","750","0","https://beyond-plus-gamma.vercel.app/products/asics-gel-nyc-arctic-sky-bleu-ciel-01.webp","1","ASICS Gel-NYC Arctic Sky Bleu Ciel, vue 1"
"asics-gel-nyc-arctic-sky-bleu-ciel","","","","","","","","Pointure","37","750","0","https://beyond-plus-gamma.vercel.app/products/asics-gel-nyc-arctic-sky-bleu-ciel-02.webp","2","ASICS Gel-NYC Arctic Sky Bleu Ciel, vue 2"
"asics-gel-nyc-arctic-sky-bleu-ciel","","","","","","","","Pointure","38","750","0","https://beyond-plus-gamma.vercel.app/products/asics-gel-nyc-arctic-sky-bleu-ciel-03.webp","3","ASICS Gel-NYC Arctic Sky Bleu Ciel, vue 3"
"asics-gel-nyc-arctic-sky-bleu-ciel","","","","","","","","Pointure","39","750","0","https://beyond-plus-gamma.vercel.app/products/asics-gel-nyc-arctic-sky-bleu-ciel-04.webp","4","ASICS Gel-NYC Arctic Sky Bleu Ciel, vue 4"
"asics-gel-nyc-arctic-sky-bleu-ciel","","","","","","","","Pointure","40","750","0","","",""
"asics-gel-nyc-black-graphite","ASICS Gel-NYC Black Graphite, Réplique","<p>Une runner rétro, technique juste ce qu’il faut. Noir et blanc, le contraste qui ne se démode pas. Se porte avec un baggy, un short ou un tailleur trop grand. Réplique qualité Master Copy Premium 1:1, chaque commande est confirmée avec vous par téléphone : pointure, délai et livraison.</p>","BEYOND PLUS","Sneakers","asics, gel-nyc, noir / blanc, retro-runner","FALSE","draft","Pointure","40","710","0","https://beyond-plus-gamma.vercel.app/products/asics-gel-nyc-black-graphite-01.webp","1","ASICS Gel-NYC Black Graphite, vue 1"
"asics-gel-nyc-black-graphite","","","","","","","","Pointure","41","710","0","https://beyond-plus-gamma.vercel.app/products/asics-gel-nyc-black-graphite-02.webp","2","ASICS Gel-NYC Black Graphite, vue 2"
"asics-gel-nyc-black-graphite","","","","","","","","Pointure","42","710","0","https://beyond-plus-gamma.vercel.app/products/asics-gel-nyc-black-graphite-03.webp","3","ASICS Gel-NYC Black Graphite, vue 3"
"asics-gel-nyc-black-graphite","","","","","","","","Pointure","43","710","0","https://beyond-plus-gamma.vercel.app/products/asics-gel-nyc-black-graphite-04.webp","4","ASICS Gel-NYC Black Graphite, vue 4"
"asics-gel-nyc-black-graphite","","","","","","","","Pointure","44","710","0","","",""
"adidas-campus-00s-pink-strata","adidas Campus 00s Pink Strata, Réplique","<p>La base skate, intemporelle. Un coloris affirmé, pour sortir du rang. Va avec tout, du denim brut au pantalon de costume. Réplique qualité Master Copy Premium 1:1, chaque commande est confirmée avec vous par téléphone : pointure, délai et livraison.</p>","BEYOND PLUS","Sneakers","adidas, campus 00s, statement, skate","FALSE","draft","Pointure","36","700","0","https://beyond-plus-gamma.vercel.app/products/adidas-campus-00s-pink-strata-01.webp","1","adidas Campus 00s Pink Strata, vue 1"
"adidas-campus-00s-pink-strata","","","","","","","","Pointure","37","700","0","https://beyond-plus-gamma.vercel.app/products/adidas-campus-00s-pink-strata-02.webp","2","adidas Campus 00s Pink Strata, vue 2"
"adidas-campus-00s-pink-strata","","","","","","","","Pointure","38","700","0","https://beyond-plus-gamma.vercel.app/products/adidas-campus-00s-pink-strata-03.webp","3","adidas Campus 00s Pink Strata, vue 3"
"adidas-campus-00s-pink-strata","","","","","","","","Pointure","39","700","0","https://beyond-plus-gamma.vercel.app/products/adidas-campus-00s-pink-strata-04.webp","4","adidas Campus 00s Pink Strata, vue 4"
"adidas-campus-00s-pink-strata","","","","","","","","Pointure","40","700","0","https://beyond-plus-gamma.vercel.app/products/adidas-campus-00s-pink-strata-05.webp","5","adidas Campus 00s Pink Strata, vue 5"
"on-cloudsurfer-white-trail-2","On Cloudsurfer White Trail 2, Réplique","<p>Une paire outdoor pensée pour la ville. Le coloris argent et blanc capte la lumière sans en faire trop. Avec un cargo, un nylon ou un total look sombre. Réplique qualité Master Copy Premium 1:1, chaque commande est confirmée avec vous par téléphone : pointure, délai et livraison.</p>","BEYOND PLUS","Sneakers","on, , argent / blanc, technical","FALSE","draft","Pointure","36","750","0","https://beyond-plus-gamma.vercel.app/products/on-cloudsurfer-white-trail-2-01.webp","1","On Cloudsurfer White Trail 2, vue 1"
"on-cloudsurfer-white-trail-2","","","","","","","","Pointure","37","750","0","https://beyond-plus-gamma.vercel.app/products/on-cloudsurfer-white-trail-2-02.webp","2","On Cloudsurfer White Trail 2, vue 2"
"on-cloudsurfer-white-trail-2","","","","","","","","Pointure","38","750","0","","",""
"on-cloudsurfer-white-trail-2","","","","","","","","Pointure","39","750","0","","",""
"on-cloudsurfer-white-trail-2","","","","","","","","Pointure","40","750","0","","",""
"new-balance-530-white-silver-metallic-sky-blue","New Balance 530 White Silver Metallic Sky Blue, Réplique","<p>L’énergie des années 2000, en version quotidienne. Le coloris argent et blanc capte la lumière sans en faire trop. À associer à des pièces simples pour laisser la paire au centre. Réplique qualité Master Copy Premium 1:1, chaque commande est confirmée avec vous par téléphone : pointure, délai et livraison.</p>","BEYOND PLUS","Sneakers","new balance, 530, argent / blanc, y2k-runner","FALSE","draft","Pointure","36","650","0","https://beyond-plus-gamma.vercel.app/products/new-balance-530-white-silver-metallic-sky-blue-01.webp","1","New Balance 530 White Silver Metallic Sky Blue, vue 1"
"new-balance-530-white-silver-metallic-sky-blue","","","","","","","","Pointure","37","650","0","https://beyond-plus-gamma.vercel.app/products/new-balance-530-white-silver-metallic-sky-blue-02.webp","2","New Balance 530 White Silver Metallic Sky Blue, vue 2"
"new-balance-530-white-silver-metallic-sky-blue","","","","","","","","Pointure","38","650","0","https://beyond-plus-gamma.vercel.app/products/new-balance-530-white-silver-metallic-sky-blue-03.webp","3","New Balance 530 White Silver Metallic Sky Blue, vue 3"
"new-balance-530-white-silver-metallic-sky-blue","","","","","","","","Pointure","39","650","0","","",""
"new-balance-530-white-silver-metallic-sky-blue","","","","","","","","Pointure","40","650","0","","",""
"new-balance-530-steel-grey","New Balance 530 Steel Grey, Réplique","<p>L’énergie des années 2000, en version quotidienne. Un gris nuancé qui se glisse dans n’importe quelle tenue. À associer à des pièces simples pour laisser la paire au centre. Réplique qualité Master Copy Premium 1:1, chaque commande est confirmée avec vous par téléphone : pointure, délai et livraison.</p>","BEYOND PLUS","Sneakers","new balance, 530, gris, y2k-runner","FALSE","draft","Pointure","40","720","0","https://beyond-plus-gamma.vercel.app/products/new-balance-530-steel-grey-01.webp","1","New Balance 530 Steel Grey, vue 1"
"new-balance-530-steel-grey","","","","","","","","Pointure","41","720","0","https://beyond-plus-gamma.vercel.app/products/new-balance-530-steel-grey-02.webp","2","New Balance 530 Steel Grey, vue 2"
"new-balance-530-steel-grey","","","","","","","","Pointure","42","720","0","","",""
"new-balance-530-steel-grey","","","","","","","","Pointure","43","720","0","","",""
"new-balance-530-steel-grey","","","","","","","","Pointure","44","720","0","","",""
"jordan-air-jordan-1-light-smoke-grey","Jordan Air Jordan 1 Light Smoke Grey, Réplique","<p>Un classique du parquet, devenu culte. Un gris nuancé qui se glisse dans n’importe quelle tenue. Laisse-la respirer : pantalon droit, haut sobre. Réplique qualité Master Copy Premium 1:1, chaque commande est confirmée avec vous par téléphone : pointure, délai et livraison.</p>","BEYOND PLUS","Sneakers","jordan, air jordan 1, gris, basketball-retro","FALSE","draft","Pointure","36","720","0","https://beyond-plus-gamma.vercel.app/products/jordan-air-jordan-1-light-smoke-grey-01.webp","1","Jordan Air Jordan 1 Light Smoke Grey, vue 1"
"jordan-air-jordan-1-light-smoke-grey","","","","","","","","Pointure","37","720","0","https://beyond-plus-gamma.vercel.app/products/jordan-air-jordan-1-light-smoke-grey-02.webp","2","Jordan Air Jordan 1 Light Smoke Grey, vue 2"
"jordan-air-jordan-1-light-smoke-grey","","","","","","","","Pointure","38","720","0","https://beyond-plus-gamma.vercel.app/products/jordan-air-jordan-1-light-smoke-grey-03.webp","3","Jordan Air Jordan 1 Light Smoke Grey, vue 3"
"jordan-air-jordan-1-light-smoke-grey","","","","","","","","Pointure","39","720","0","https://beyond-plus-gamma.vercel.app/products/jordan-air-jordan-1-light-smoke-grey-04.webp","4","Jordan Air Jordan 1 Light Smoke Grey, vue 4"
"jordan-air-jordan-1-light-smoke-grey","","","","","","","","Pointure","40","720","0","https://beyond-plus-gamma.vercel.app/products/jordan-air-jordan-1-light-smoke-grey-05.webp","5","Jordan Air Jordan 1 Light Smoke Grey, vue 5"
"jordan-air-jordan-1-light-smoke-grey","","","","","","","","Pointure","41","720","0","","",""
"jordan-air-jordan-1-light-smoke-grey","","","","","","","","Pointure","42","720","0","","",""
"jordan-air-jordan-1-light-smoke-grey","","","","","","","","Pointure","43","720","0","","",""
"jordan-air-jordan-1-light-smoke-grey","","","","","","","","Pointure","44","720","0","","",""
"jordan-air-jordan-1-phantom-pastel-multicolor","Jordan Air Jordan 1 Phantom / Pastel Multicolor, Réplique","<p>Une silhouette qui a fait la culture sneaker. Noir et blanc, le contraste qui ne se démode pas. Laisse-la respirer : pantalon droit, haut sobre. Réplique qualité Master Copy Premium 1:1, chaque commande est confirmée avec vous par téléphone : pointure, délai et livraison.</p>","BEYOND PLUS","Sneakers","jordan, air jordan 1, noir / blanc, basketball-retro","FALSE","draft","Pointure","36","720","0","https://beyond-plus-gamma.vercel.app/products/jordan-air-jordan-1-phantom-pastel-multicolor-01.webp","1","Jordan Air Jordan 1 Phantom / Pastel Multicolor, vue 1"
"jordan-air-jordan-1-phantom-pastel-multicolor","","","","","","","","Pointure","37","720","0","https://beyond-plus-gamma.vercel.app/products/jordan-air-jordan-1-phantom-pastel-multicolor-02.webp","2","Jordan Air Jordan 1 Phantom / Pastel Multicolor, vue 2"
"jordan-air-jordan-1-phantom-pastel-multicolor","","","","","","","","Pointure","38","720","0","https://beyond-plus-gamma.vercel.app/products/jordan-air-jordan-1-phantom-pastel-multicolor-03.webp","3","Jordan Air Jordan 1 Phantom / Pastel Multicolor, vue 3"
"jordan-air-jordan-1-phantom-pastel-multicolor","","","","","","","","Pointure","39","720","0","https://beyond-plus-gamma.vercel.app/products/jordan-air-jordan-1-phantom-pastel-multicolor-04.webp","4","Jordan Air Jordan 1 Phantom / Pastel Multicolor, vue 4"
"jordan-air-jordan-1-phantom-pastel-multicolor","","","","","","","","Pointure","40","720","0","https://beyond-plus-gamma.vercel.app/products/jordan-air-jordan-1-phantom-pastel-multicolor-05.webp","5","Jordan Air Jordan 1 Phantom / Pastel Multicolor, vue 5"
"jordan-air-jordan-1-court-purple-white","Jordan Air Jordan 1 Court Purple White, Réplique","<p>Une silhouette qui a fait la culture sneaker. Le coloris argent et blanc capte la lumière sans en faire trop. Laisse-la respirer : pantalon droit, haut sobre. Réplique qualité Master Copy Premium 1:1, chaque commande est confirmée avec vous par téléphone : pointure, délai et livraison.</p>","BEYOND PLUS","Sneakers","jordan, air jordan 1, argent / blanc, basketball-retro","FALSE","draft","Pointure","36","720","0","https://beyond-plus-gamma.vercel.app/products/jordan-air-jordan-1-court-purple-white-01.webp","1","Jordan Air Jordan 1 Court Purple White, vue 1"
"jordan-air-jordan-1-court-purple-white","","","","","","","","Pointure","37","720","0","https://beyond-plus-gamma.vercel.app/products/jordan-air-jordan-1-court-purple-white-02.webp","2","Jordan Air Jordan 1 Court Purple White, vue 2"
"jordan-air-jordan-1-court-purple-white","","","","","","","","Pointure","38","720","0","https://beyond-plus-gamma.vercel.app/products/jordan-air-jordan-1-court-purple-white-03.webp","3","Jordan Air Jordan 1 Court Purple White, vue 3"
"jordan-air-jordan-1-court-purple-white","","","","","","","","Pointure","39","720","0","https://beyond-plus-gamma.vercel.app/products/jordan-air-jordan-1-court-purple-white-04.webp","4","Jordan Air Jordan 1 Court Purple White, vue 4"
"jordan-air-jordan-1-court-purple-white","","","","","","","","Pointure","40","720","0","","",""
"jordan-air-jordan-1-dark-mocha","Jordan Air Jordan 1 Dark Mocha, Réplique","<p>Une silhouette qui a fait la culture sneaker. Des tons terre, chauds et profonds. Laisse-la respirer : pantalon droit, haut sobre. Réplique qualité Master Copy Premium 1:1, chaque commande est confirmée avec vous par téléphone : pointure, délai et livraison.</p>","BEYOND PLUS","Sneakers","jordan, air jordan 1, marron / terre, basketball-retro","FALSE","draft","Pointure","39","720","0","https://beyond-plus-gamma.vercel.app/products/jordan-air-jordan-1-dark-mocha-01.webp","1","Jordan Air Jordan 1 Dark Mocha, vue 1"
"jordan-air-jordan-1-dark-mocha","","","","","","","","Pointure","40","720","0","https://beyond-plus-gamma.vercel.app/products/jordan-air-jordan-1-dark-mocha-02.webp","2","Jordan Air Jordan 1 Dark Mocha, vue 2"
"jordan-air-jordan-1-dark-mocha","","","","","","","","Pointure","41","720","0","https://beyond-plus-gamma.vercel.app/products/jordan-air-jordan-1-dark-mocha-03.webp","3","Jordan Air Jordan 1 Dark Mocha, vue 3"
"jordan-air-jordan-1-dark-mocha","","","","","","","","Pointure","42","720","0","https://beyond-plus-gamma.vercel.app/products/jordan-air-jordan-1-dark-mocha-04.webp","4","Jordan Air Jordan 1 Dark Mocha, vue 4"
"jordan-air-jordan-1-dark-mocha","","","","","","","","Pointure","43","720","0","https://beyond-plus-gamma.vercel.app/products/jordan-air-jordan-1-dark-mocha-05.webp","5","Jordan Air Jordan 1 Dark Mocha, vue 5"
"jordan-air-jordan-1-dark-mocha","","","","","","","","Pointure","44","720","0","","",""
"new-balance-1000-angora-moonrock","New Balance 1000 Angora Moonrock, Réplique","<p>Reflets, volumes, esprit Y2K. Un coloris affirmé, pour sortir du rang. À associer à des pièces simples pour laisser la paire au centre. Réplique qualité Master Copy Premium 1:1, chaque commande est confirmée avec vous par téléphone : pointure, délai et livraison.</p>","BEYOND PLUS","Sneakers","new balance, 1000, statement, y2k-runner","FALSE","draft","Pointure","36","620","0","https://beyond-plus-gamma.vercel.app/products/new-balance-1000-angora-moonrock-01.webp","1","New Balance 1000 Angora Moonrock, vue 1"
"new-balance-1000-angora-moonrock","","","","","","","","Pointure","37","620","0","https://beyond-plus-gamma.vercel.app/products/new-balance-1000-angora-moonrock-02.webp","2","New Balance 1000 Angora Moonrock, vue 2"
"new-balance-1000-angora-moonrock","","","","","","","","Pointure","38","620","0","https://beyond-plus-gamma.vercel.app/products/new-balance-1000-angora-moonrock-03.webp","3","New Balance 1000 Angora Moonrock, vue 3"
"new-balance-1000-angora-moonrock","","","","","","","","Pointure","39","620","0","https://beyond-plus-gamma.vercel.app/products/new-balance-1000-angora-moonrock-04.webp","4","New Balance 1000 Angora Moonrock, vue 4"
"new-balance-1000-angora-moonrock","","","","","","","","Pointure","40","620","0","","",""
"new-balance-1000-reflective-pack-raincloud","New Balance 1000 Reflective Pack Raincloud, Réplique","<p>Une runner chargée, qui assume. Un coloris affirmé, pour sortir du rang. À associer à des pièces simples pour laisser la paire au centre. Réplique qualité Master Copy Premium 1:1, chaque commande est confirmée avec vous par téléphone : pointure, délai et livraison.</p>","BEYOND PLUS","Sneakers","new balance, 1000, statement, y2k-runner","FALSE","draft","Pointure","36","650","0","https://beyond-plus-gamma.vercel.app/products/new-balance-1000-reflective-pack-raincloud-01.webp","1","New Balance 1000 Reflective Pack Raincloud, vue 1"
"new-balance-1000-reflective-pack-raincloud","","","","","","","","Pointure","37","650","0","https://beyond-plus-gamma.vercel.app/products/new-balance-1000-reflective-pack-raincloud-02.webp","2","New Balance 1000 Reflective Pack Raincloud, vue 2"
"new-balance-1000-reflective-pack-raincloud","","","","","","","","Pointure","38","650","0","https://beyond-plus-gamma.vercel.app/products/new-balance-1000-reflective-pack-raincloud-03.webp","3","New Balance 1000 Reflective Pack Raincloud, vue 3"
"new-balance-1000-reflective-pack-raincloud","","","","","","","","Pointure","39","650","0","https://beyond-plus-gamma.vercel.app/products/new-balance-1000-reflective-pack-raincloud-04.webp","4","New Balance 1000 Reflective Pack Raincloud, vue 4"
"new-balance-1000-reflective-pack-raincloud","","","","","","","","Pointure","40","650","0","","",""
"new-balance-1000-reflective-pack-raincloud","","","","","","","","Pointure","41","650","0","","",""
"new-balance-1000-reflective-pack-raincloud","","","","","","","","Pointure","42","650","0","","",""
"new-balance-1000-reflective-pack-raincloud","","","","","","","","Pointure","43","650","0","","",""
"new-balance-1000-reflective-pack-raincloud","","","","","","","","Pointure","44","650","0","","",""
"new-balance-1000-reflective-pack-raincloud","","","","","","","","Pointure","45","650","0","","",""
"new-balance-1000-dark-olivine-magnet","New Balance 1000 Dark Olivine Magnet, Réplique","<p>L’énergie des années 2000, en version quotidienne. Un coloris affirmé, pour sortir du rang. À associer à des pièces simples pour laisser la paire au centre. Réplique qualité Master Copy Premium 1:1, chaque commande est confirmée avec vous par téléphone : pointure, délai et livraison.</p>","BEYOND PLUS","Sneakers","new balance, 1000, statement, y2k-runner","FALSE","draft","Pointure","36","650","0","https://beyond-plus-gamma.vercel.app/products/new-balance-1000-dark-olivine-magnet-01.webp","1","New Balance 1000 Dark Olivine Magnet, vue 1"
"new-balance-1000-dark-olivine-magnet","","","","","","","","Pointure","37","650","0","https://beyond-plus-gamma.vercel.app/products/new-balance-1000-dark-olivine-magnet-02.webp","2","New Balance 1000 Dark Olivine Magnet, vue 2"
"new-balance-1000-dark-olivine-magnet","","","","","","","","Pointure","38","650","0","https://beyond-plus-gamma.vercel.app/products/new-balance-1000-dark-olivine-magnet-03.webp","3","New Balance 1000 Dark Olivine Magnet, vue 3"
"new-balance-1000-dark-olivine-magnet","","","","","","","","Pointure","39","650","0","https://beyond-plus-gamma.vercel.app/products/new-balance-1000-dark-olivine-magnet-04.webp","4","New Balance 1000 Dark Olivine Magnet, vue 4"
"new-balance-1000-dark-olivine-magnet","","","","","","","","Pointure","40","650","0","","",""
"new-balance-1000-dark-olivine-magnet","","","","","","","","Pointure","41","650","0","","",""
"new-balance-1000-dark-olivine-magnet","","","","","","","","Pointure","42","650","0","","",""
"new-balance-1000-dark-olivine-magnet","","","","","","","","Pointure","43","650","0","","",""
"new-balance-1000-dark-olivine-magnet","","","","","","","","Pointure","44","650","0","","",""
"new-balance-1000-dark-olivine-magnet","","","","","","","","Pointure","45","650","0","","",""
"asics-gel-nyc-white-steel-grey","ASICS Gel-NYC White Steel Grey, Réplique","<p>Le running d’archive, remis en ville. Un gris nuancé qui se glisse dans n’importe quelle tenue. Se porte avec un baggy, un short ou un tailleur trop grand. Réplique qualité Master Copy Premium 1:1, chaque commande est confirmée avec vous par téléphone : pointure, délai et livraison.</p>","BEYOND PLUS","Sneakers","asics, gel-nyc, gris, retro-runner","FALSE","draft","Pointure","36","750","0","https://beyond-plus-gamma.vercel.app/products/asics-gel-nyc-white-steel-grey-01.webp","1","ASICS Gel-NYC White Steel Grey, vue 1"
"asics-gel-nyc-white-steel-grey","","","","","","","","Pointure","37","750","0","https://beyond-plus-gamma.vercel.app/products/asics-gel-nyc-white-steel-grey-02.webp","2","ASICS Gel-NYC White Steel Grey, vue 2"
"asics-gel-nyc-white-steel-grey","","","","","","","","Pointure","38","750","0","https://beyond-plus-gamma.vercel.app/products/asics-gel-nyc-white-steel-grey-03.webp","3","ASICS Gel-NYC White Steel Grey, vue 3"
"asics-gel-nyc-white-steel-grey","","","","","","","","Pointure","39","750","0","https://beyond-plus-gamma.vercel.app/products/asics-gel-nyc-white-steel-grey-04.webp","4","ASICS Gel-NYC White Steel Grey, vue 4"
"asics-gel-nyc-white-steel-grey","","","","","","","","Pointure","40","750","0","","",""
"asics-gel-nyc-white-steel-grey","","","","","","","","Pointure","41","750","0","","",""
"asics-gel-nyc-white-steel-grey","","","","","","","","Pointure","42","750","0","","",""
"asics-gel-nyc-white-steel-grey","","","","","","","","Pointure","43","750","0","","",""
"asics-gel-nyc-white-steel-grey","","","","","","","","Pointure","44","750","0","","",""
"asics-gel-nyc-ivy-smoke-grey","ASICS Gel-NYC Ivy Smoke Grey, Réplique","<p>Mesh, overlays, semelle marquée : l’archive running. Un gris nuancé qui se glisse dans n’importe quelle tenue. Se porte avec un baggy, un short ou un tailleur trop grand. Réplique qualité Master Copy Premium 1:1, chaque commande est confirmée avec vous par téléphone : pointure, délai et livraison.</p>","BEYOND PLUS","Sneakers","asics, gel-nyc, gris, retro-runner","FALSE","draft","Pointure","40","700","0","https://beyond-plus-gamma.vercel.app/products/asics-gel-nyc-ivy-smoke-grey-01.webp","1","ASICS Gel-NYC Ivy Smoke Grey, vue 1"
"asics-gel-nyc-ivy-smoke-grey","","","","","","","","Pointure","41","700","0","https://beyond-plus-gamma.vercel.app/products/asics-gel-nyc-ivy-smoke-grey-02.webp","2","ASICS Gel-NYC Ivy Smoke Grey, vue 2"
"asics-gel-nyc-ivy-smoke-grey","","","","","","","","Pointure","42","700","0","https://beyond-plus-gamma.vercel.app/products/asics-gel-nyc-ivy-smoke-grey-03.webp","3","ASICS Gel-NYC Ivy Smoke Grey, vue 3"
"asics-gel-nyc-ivy-smoke-grey","","","","","","","","Pointure","43","700","0","https://beyond-plus-gamma.vercel.app/products/asics-gel-nyc-ivy-smoke-grey-04.webp","4","ASICS Gel-NYC Ivy Smoke Grey, vue 4"
"asics-gel-nyc-ivy-smoke-grey","","","","","","","","Pointure","44","700","0","","",""
"adidas-gazelle-indoor-bold-cream-collegiate-green","adidas Gazelle Indoor Bold Cream Collegiate Green, Réplique","<p>Plate, souple, facile. Des tons crème et beige, doux et faciles à associer. Avec un jean droit, un survêtement ou une jupe midi. Réplique qualité Master Copy Premium 1:1, chaque commande est confirmée avec vous par téléphone : pointure, délai et livraison.</p>","BEYOND PLUS","Sneakers","adidas, gazelle indoor, crème / beige, terrace","FALSE","draft","Pointure","36","720","0","https://beyond-plus-gamma.vercel.app/products/adidas-gazelle-indoor-bold-cream-collegiate-green-01.webp","1","adidas Gazelle Indoor Bold Cream Collegiate Green, vue 1"
"adidas-gazelle-indoor-bold-cream-collegiate-green","","","","","","","","Pointure","37","720","0","https://beyond-plus-gamma.vercel.app/products/adidas-gazelle-indoor-bold-cream-collegiate-green-02.webp","2","adidas Gazelle Indoor Bold Cream Collegiate Green, vue 2"
"adidas-gazelle-indoor-bold-cream-collegiate-green","","","","","","","","Pointure","38","720","0","https://beyond-plus-gamma.vercel.app/products/adidas-gazelle-indoor-bold-cream-collegiate-green-03.webp","3","adidas Gazelle Indoor Bold Cream Collegiate Green, vue 3"
"adidas-gazelle-indoor-bold-cream-collegiate-green","","","","","","","","Pointure","39","720","0","https://beyond-plus-gamma.vercel.app/products/adidas-gazelle-indoor-bold-cream-collegiate-green-04.webp","4","adidas Gazelle Indoor Bold Cream Collegiate Green, vue 4"
"adidas-gazelle-indoor-bold-cream-collegiate-green","","","","","","","","Pointure","40","720","0","","",""
"adidas-gazelle-indoor-bold-core-black-white","adidas Gazelle Indoor Bold Core Black White, Réplique","<p>La silhouette des tribunes, devenue uniforme. Noir et blanc, le contraste qui ne se démode pas. Avec un jean droit, un survêtement ou une jupe midi. Réplique qualité Master Copy Premium 1:1, chaque commande est confirmée avec vous par téléphone : pointure, délai et livraison.</p>","BEYOND PLUS","Sneakers","adidas, gazelle indoor, noir / blanc, terrace","FALSE","draft","Pointure","36","720","0","https://beyond-plus-gamma.vercel.app/products/adidas-gazelle-indoor-bold-core-black-white-01.webp","1","adidas Gazelle Indoor Bold Core Black White, vue 1"
"adidas-gazelle-indoor-bold-core-black-white","","","","","","","","Pointure","37","720","0","https://beyond-plus-gamma.vercel.app/products/adidas-gazelle-indoor-bold-core-black-white-02.webp","2","adidas Gazelle Indoor Bold Core Black White, vue 2"
"adidas-gazelle-indoor-bold-core-black-white","","","","","","","","Pointure","38","720","0","https://beyond-plus-gamma.vercel.app/products/adidas-gazelle-indoor-bold-core-black-white-03.webp","3","adidas Gazelle Indoor Bold Core Black White, vue 3"
"adidas-gazelle-indoor-bold-core-black-white","","","","","","","","Pointure","39","720","0","","",""
"adidas-gazelle-indoor-bold-core-black-white","","","","","","","","Pointure","40","720","0","","",""
"adidas-gazelle-indoor-green","adidas Gazelle Indoor Green, Réplique","<p>Plate, souple, facile. Un coloris affirmé, pour sortir du rang. Avec un jean droit, un survêtement ou une jupe midi. Réplique qualité Master Copy Premium 1:1, chaque commande est confirmée avec vous par téléphone : pointure, délai et livraison.</p>","BEYOND PLUS","Sneakers","adidas, gazelle indoor, statement, terrace","FALSE","draft","Pointure","36","650","0","https://beyond-plus-gamma.vercel.app/products/adidas-gazelle-indoor-green-01.webp","1","adidas Gazelle Indoor Green, vue 1"
"adidas-gazelle-indoor-green","","","","","","","","Pointure","37","650","0","https://beyond-plus-gamma.vercel.app/products/adidas-gazelle-indoor-green-02.webp","2","adidas Gazelle Indoor Green, vue 2"
"adidas-gazelle-indoor-green","","","","","","","","Pointure","38","650","0","https://beyond-plus-gamma.vercel.app/products/adidas-gazelle-indoor-green-03.webp","3","adidas Gazelle Indoor Green, vue 3"
"adidas-gazelle-indoor-green","","","","","","","","Pointure","39","650","0","https://beyond-plus-gamma.vercel.app/products/adidas-gazelle-indoor-green-04.webp","4","adidas Gazelle Indoor Green, vue 4"
"adidas-gazelle-indoor-green","","","","","","","","Pointure","40","650","0","","",""
"adidas-gazelle-indoor-green","","","","","","","","Pointure","41","650","0","","",""
"adidas-gazelle-indoor-green","","","","","","","","Pointure","42","650","0","","",""
"adidas-gazelle-indoor-green","","","","","","","","Pointure","43","650","0","","",""
"adidas-gazelle-indoor-green","","","","","","","","Pointure","44","650","0","","",""
"adidas-gazelle-indoor-grey-three-cloud-white-gold-metallic","adidas Gazelle Indoor Grey Three / Cloud White / Gold Metallic, Réplique","<p>Plate, souple, facile. Le coloris argent et blanc capte la lumière sans en faire trop. Avec un jean droit, un survêtement ou une jupe midi. Réplique qualité Master Copy Premium 1:1, chaque commande est confirmée avec vous par téléphone : pointure, délai et livraison.</p>","BEYOND PLUS","Sneakers","adidas, gazelle indoor, argent / blanc, terrace","FALSE","draft","Pointure","36","650","0","https://beyond-plus-gamma.vercel.app/products/adidas-gazelle-indoor-grey-three-cloud-white-gold-metallic-01.webp","1","adidas Gazelle Indoor Grey Three / Cloud White / Gold Metallic, vue 1"
"adidas-gazelle-indoor-grey-three-cloud-white-gold-metallic","","","","","","","","Pointure","37","650","0","https://beyond-plus-gamma.vercel.app/products/adidas-gazelle-indoor-grey-three-cloud-white-gold-metallic-02.webp","2","adidas Gazelle Indoor Grey Three / Cloud White / Gold Metallic, vue 2"
"adidas-gazelle-indoor-grey-three-cloud-white-gold-metallic","","","","","","","","Pointure","38","650","0","https://beyond-plus-gamma.vercel.app/products/adidas-gazelle-indoor-grey-three-cloud-white-gold-metallic-03.webp","3","adidas Gazelle Indoor Grey Three / Cloud White / Gold Metallic, vue 3"
"adidas-gazelle-indoor-grey-three-cloud-white-gold-metallic","","","","","","","","Pointure","39","650","0","","",""
"adidas-gazelle-indoor-grey-three-cloud-white-gold-metallic","","","","","","","","Pointure","40","650","0","","",""
"adidas-gazelle-indoor-grey-three-cloud-white-gold-metallic","","","","","","","","Pointure","41","650","0","","",""
"adidas-gazelle-indoor-grey-three-cloud-white-gold-metallic","","","","","","","","Pointure","42","650","0","","",""
"adidas-gazelle-indoor-grey-three-cloud-white-gold-metallic","","","","","","","","Pointure","43","650","0","","",""
"adidas-gazelle-indoor-grey-three-cloud-white-gold-metallic","","","","","","","","Pointure","44","650","0","","",""
"nike-p-6000-premium-washed-pink","Nike P-6000 Premium Washed Pink, Réplique","<p>L’énergie des années 2000, en version quotidienne. Un coloris affirmé, pour sortir du rang. À associer à des pièces simples pour laisser la paire au centre. Réplique qualité Master Copy Premium 1:1, chaque commande est confirmée avec vous par téléphone : pointure, délai et livraison.</p>","BEYOND PLUS","Sneakers","nike, p-6000, statement, y2k-runner","FALSE","draft","Pointure","36","660","0","https://beyond-plus-gamma.vercel.app/products/nike-p-6000-premium-washed-pink-01.webp","1","Nike P-6000 Premium Washed Pink, vue 1"
"nike-p-6000-premium-washed-pink","","","","","","","","Pointure","37","660","0","https://beyond-plus-gamma.vercel.app/products/nike-p-6000-premium-washed-pink-02.webp","2","Nike P-6000 Premium Washed Pink, vue 2"
"nike-p-6000-premium-washed-pink","","","","","","","","Pointure","38","660","0","https://beyond-plus-gamma.vercel.app/products/nike-p-6000-premium-washed-pink-03.webp","3","Nike P-6000 Premium Washed Pink, vue 3"
"nike-p-6000-premium-washed-pink","","","","","","","","Pointure","39","660","0","https://beyond-plus-gamma.vercel.app/products/nike-p-6000-premium-washed-pink-04.webp","4","Nike P-6000 Premium Washed Pink, vue 4"
"nike-p-6000-premium-washed-pink","","","","","","","","Pointure","40","660","0","https://beyond-plus-gamma.vercel.app/products/nike-p-6000-premium-washed-pink-05.webp","5","Nike P-6000 Premium Washed Pink, vue 5"
"nike-p-6000-black-white","Nike P-6000 Black & White, Réplique","<p>Reflets, volumes, esprit Y2K. Noir et blanc, le contraste qui ne se démode pas. À associer à des pièces simples pour laisser la paire au centre. Réplique qualité Master Copy Premium 1:1, chaque commande est confirmée avec vous par téléphone : pointure, délai et livraison.</p>","BEYOND PLUS","Sneakers","nike, p-6000, noir / blanc, y2k-runner","FALSE","draft","Pointure","40","660","0","https://beyond-plus-gamma.vercel.app/products/nike-p-6000-black-white-01.webp","1","Nike P-6000 Black & White, vue 1"
"nike-p-6000-black-white","","","","","","","","Pointure","41","660","0","https://beyond-plus-gamma.vercel.app/products/nike-p-6000-black-white-02.webp","2","Nike P-6000 Black & White, vue 2"
"nike-p-6000-black-white","","","","","","","","Pointure","42","660","0","https://beyond-plus-gamma.vercel.app/products/nike-p-6000-black-white-03.webp","3","Nike P-6000 Black & White, vue 3"
"nike-p-6000-black-white","","","","","","","","Pointure","43","660","0","https://beyond-plus-gamma.vercel.app/products/nike-p-6000-black-white-04.webp","4","Nike P-6000 Black & White, vue 4"
"nike-p-6000-black-white","","","","","","","","Pointure","44","660","0","https://beyond-plus-gamma.vercel.app/products/nike-p-6000-black-white-05.webp","5","Nike P-6000 Black & White, vue 5"
"jordan-air-jordan-4-retro-black-cat","Jordan Air Jordan 4 Retro Black Cat, Réplique","<p>Un classique du parquet, devenu culte. Noir et blanc, le contraste qui ne se démode pas. Laisse-la respirer : pantalon droit, haut sobre. Réplique qualité Master Copy Premium 1:1, chaque commande est confirmée avec vous par téléphone : pointure, délai et livraison.</p>","BEYOND PLUS","Sneakers","jordan, air jordan 4 retro, noir / blanc, basketball-retro","FALSE","draft","Pointure","36","770","0","https://beyond-plus-gamma.vercel.app/products/jordan-air-jordan-4-retro-black-cat-01.webp","1","Jordan Air Jordan 4 Retro Black Cat, vue 1"
"jordan-air-jordan-4-retro-black-cat","","","","","","","","Pointure","37","770","0","https://beyond-plus-gamma.vercel.app/products/jordan-air-jordan-4-retro-black-cat-02.webp","2","Jordan Air Jordan 4 Retro Black Cat, vue 2"
"jordan-air-jordan-4-retro-black-cat","","","","","","","","Pointure","38","770","0","https://beyond-plus-gamma.vercel.app/products/jordan-air-jordan-4-retro-black-cat-03.webp","3","Jordan Air Jordan 4 Retro Black Cat, vue 3"
"jordan-air-jordan-4-retro-black-cat","","","","","","","","Pointure","39","770","0","https://beyond-plus-gamma.vercel.app/products/jordan-air-jordan-4-retro-black-cat-04.webp","4","Jordan Air Jordan 4 Retro Black Cat, vue 4"
"jordan-air-jordan-4-retro-black-cat","","","","","","","","Pointure","40","770","0","","",""
"jordan-air-jordan-4-retro-black-cat","","","","","","","","Pointure","41","770","0","","",""
"jordan-air-jordan-4-retro-black-cat","","","","","","","","Pointure","42","770","0","","",""
"jordan-air-jordan-4-retro-black-cat","","","","","","","","Pointure","43","770","0","","",""
"jordan-air-jordan-4-retro-black-cat","","","","","","","","Pointure","44","770","0","","",""
"jordan-air-jordan-4-retro-cool-grey-2019","Jordan Air Jordan 4 Retro Cool Grey 2019, Réplique","<p>L’héritage basket, sans nostalgie forcée. Un gris nuancé qui se glisse dans n’importe quelle tenue. Laisse-la respirer : pantalon droit, haut sobre. Réplique qualité Master Copy Premium 1:1, chaque commande est confirmée avec vous par téléphone : pointure, délai et livraison.</p>","BEYOND PLUS","Sneakers","jordan, air jordan 4 retro, gris, basketball-retro","FALSE","draft","Pointure","40","770","0","https://beyond-plus-gamma.vercel.app/products/jordan-air-jordan-4-retro-cool-grey-2019-01.webp","1","Jordan Air Jordan 4 Retro Cool Grey 2019, vue 1"
"jordan-air-jordan-4-retro-cool-grey-2019","","","","","","","","Pointure","41","770","0","https://beyond-plus-gamma.vercel.app/products/jordan-air-jordan-4-retro-cool-grey-2019-02.webp","2","Jordan Air Jordan 4 Retro Cool Grey 2019, vue 2"
"jordan-air-jordan-4-retro-cool-grey-2019","","","","","","","","Pointure","42","770","0","https://beyond-plus-gamma.vercel.app/products/jordan-air-jordan-4-retro-cool-grey-2019-03.webp","3","Jordan Air Jordan 4 Retro Cool Grey 2019, vue 3"
"jordan-air-jordan-4-retro-cool-grey-2019","","","","","","","","Pointure","43","770","0","https://beyond-plus-gamma.vercel.app/products/jordan-air-jordan-4-retro-cool-grey-2019-04.webp","4","Jordan Air Jordan 4 Retro Cool Grey 2019, vue 4"
"jordan-air-jordan-4-retro-cool-grey-2019","","","","","","","","Pointure","44","770","0","","",""
"adidas-campus-00s-crystal-white-dark-green","adidas Campus 00s Crystal White Dark Green, Réplique","<p>La base skate, intemporelle. Le coloris argent et blanc capte la lumière sans en faire trop. Va avec tout, du denim brut au pantalon de costume. Réplique qualité Master Copy Premium 1:1, chaque commande est confirmée avec vous par téléphone : pointure, délai et livraison.</p>","BEYOND PLUS","Sneakers","adidas, campus 00s, argent / blanc, skate","FALSE","draft","Pointure","36","700","0","https://beyond-plus-gamma.vercel.app/products/adidas-campus-00s-crystal-white-dark-green-01.webp","1","adidas Campus 00s Crystal White Dark Green, vue 1"
"adidas-campus-00s-crystal-white-dark-green","","","","","","","","Pointure","37","700","0","https://beyond-plus-gamma.vercel.app/products/adidas-campus-00s-crystal-white-dark-green-02.webp","2","adidas Campus 00s Crystal White Dark Green, vue 2"
"adidas-campus-00s-crystal-white-dark-green","","","","","","","","Pointure","38","700","0","https://beyond-plus-gamma.vercel.app/products/adidas-campus-00s-crystal-white-dark-green-03.webp","3","adidas Campus 00s Crystal White Dark Green, vue 3"
"adidas-campus-00s-crystal-white-dark-green","","","","","","","","Pointure","39","700","0","","",""
"adidas-campus-00s-crystal-white-dark-green","","","","","","","","Pointure","40","700","0","","",""
"adidas-campus-00s-crystal-white-dark-green","","","","","","","","Pointure","41","700","0","","",""
"adidas-campus-00s-crystal-white-dark-green","","","","","","","","Pointure","42","700","0","","",""
"adidas-campus-00s-crystal-white-dark-green","","","","","","","","Pointure","43","700","0","","",""
"adidas-campus-00s-crystal-white-dark-green","","","","","","","","Pointure","44","700","0","","",""
"new-balance-1906r-neon-nights","New Balance 1906R Neon Nights, Réplique","<p>L’énergie des années 2000, en version quotidienne. Un coloris affirmé, pour sortir du rang. À associer à des pièces simples pour laisser la paire au centre. Réplique qualité Master Copy Premium 1:1, chaque commande est confirmée avec vous par téléphone : pointure, délai et livraison.</p>","BEYOND PLUS","Sneakers","new balance, 1906r, statement, y2k-runner","FALSE","draft","Pointure","40","750","0","https://beyond-plus-gamma.vercel.app/products/new-balance-1906r-neon-nights-01.webp","1","New Balance 1906R Neon Nights, vue 1"
"new-balance-1906r-neon-nights","","","","","","","","Pointure","41","750","0","https://beyond-plus-gamma.vercel.app/products/new-balance-1906r-neon-nights-02.webp","2","New Balance 1906R Neon Nights, vue 2"
"new-balance-1906r-neon-nights","","","","","","","","Pointure","42","750","0","https://beyond-plus-gamma.vercel.app/products/new-balance-1906r-neon-nights-03.webp","3","New Balance 1906R Neon Nights, vue 3"
"new-balance-1906r-neon-nights","","","","","","","","Pointure","43","750","0","https://beyond-plus-gamma.vercel.app/products/new-balance-1906r-neon-nights-04.webp","4","New Balance 1906R Neon Nights, vue 4"
"new-balance-1906r-neon-nights","","","","","","","","Pointure","44","750","0","","",""
"nike-air-force-1-lv8-emb-black-silver","Nike Air Force 1 ' LV8 EMB Black Silver, Réplique","<p>La valeur sûre du placard. Noir et argent : sombre, métallique, facile à porter. Se porte partout, tout le temps. Réplique qualité Master Copy Premium 1:1, chaque commande est confirmée avec vous par téléphone : pointure, délai et livraison.</p>","BEYOND PLUS","Sneakers","nike, air force 1, noir / argent, icon","FALSE","draft","Pointure","40","700","0","https://beyond-plus-gamma.vercel.app/products/nike-air-force-1-lv8-emb-black-silver-01.webp","1","Nike Air Force 1 ' LV8 EMB Black Silver, vue 1"
"nike-air-force-1-lv8-emb-black-silver","","","","","","","","Pointure","41","700","0","https://beyond-plus-gamma.vercel.app/products/nike-air-force-1-lv8-emb-black-silver-02.webp","2","Nike Air Force 1 ' LV8 EMB Black Silver, vue 2"
"nike-air-force-1-lv8-emb-black-silver","","","","","","","","Pointure","42","700","0","https://beyond-plus-gamma.vercel.app/products/nike-air-force-1-lv8-emb-black-silver-03.webp","3","Nike Air Force 1 ' LV8 EMB Black Silver, vue 3"
"nike-air-force-1-lv8-emb-black-silver","","","","","","","","Pointure","43","700","0","","",""
"nike-air-force-1-lv8-emb-black-silver","","","","","","","","Pointure","44","700","0","","",""
"on-cloudtilt","On CLOUDTILT, Réplique","<p>Une paire outdoor pensée pour la ville. Un coloris affirmé, pour sortir du rang. Avec un cargo, un nylon ou un total look sombre. Réplique qualité Master Copy Premium 1:1, chaque commande est confirmée avec vous par téléphone : pointure, délai et livraison.</p>","BEYOND PLUS","Sneakers","on, , statement, technical","FALSE","draft","Pointure","38","750","0","https://beyond-plus-gamma.vercel.app/products/on-cloudtilt-01.webp","1","On CLOUDTILT, vue 1"
"on-cloudtilt","","","","","","","","Pointure","39","750","0","https://beyond-plus-gamma.vercel.app/products/on-cloudtilt-02.webp","2","On CLOUDTILT, vue 2"
"on-cloudtilt","","","","","","","","Pointure","40","750","0","https://beyond-plus-gamma.vercel.app/products/on-cloudtilt-03.webp","3","On CLOUDTILT, vue 3"
"on-cloudtilt","","","","","","","","Pointure","41","750","0","","",""
"on-cloudtilt","","","","","","","","Pointure","42","750","0","","",""
"on-cloudtilt","","","","","","","","Pointure","43","750","0","","",""
"on-cloudtilt","","","","","","","","Pointure","44","750","0","","",""
"on-cloudtilt","","","","","","","","Pointure","45","750","0","","",""
"converse-chuck-taylor-ox-white","Converse Chuck Taylor Ox White, Réplique","<p>Toile, daim, semelle gaufrée : l’essentiel. Le coloris argent et blanc capte la lumière sans en faire trop. Va avec tout, du denim brut au pantalon de costume. Réplique qualité Master Copy Premium 1:1, chaque commande est confirmée avec vous par téléphone : pointure, délai et livraison.</p>","BEYOND PLUS","Sneakers","converse, chuck taylor, argent / blanc, skate","FALSE","draft","Pointure","41","400","0","https://beyond-plus-gamma.vercel.app/products/converse-chuck-taylor-ox-white-01.webp","1","Converse Chuck Taylor Ox White, vue 1"
"converse-chuck-taylor-ox-white","","","","","","","","","","","","https://beyond-plus-gamma.vercel.app/products/converse-chuck-taylor-ox-white-02.webp","2","Converse Chuck Taylor Ox White, vue 2"
"converse-chuck-taylor-ox-white","","","","","","","","","","","","https://beyond-plus-gamma.vercel.app/products/converse-chuck-taylor-ox-white-03.webp","3","Converse Chuck Taylor Ox White, vue 3"
"converse-chuck-taylor-ox-white","","","","","","","","","","","","https://beyond-plus-gamma.vercel.app/products/converse-chuck-taylor-ox-white-04.webp","4","Converse Chuck Taylor Ox White, vue 4"
"converse-chuck-taylor-ox-white","","","","","","","","","","","","https://beyond-plus-gamma.vercel.app/products/converse-chuck-taylor-ox-white-05.webp","5","Converse Chuck Taylor Ox White, vue 5"
"new-balance-1906r-metallic-silver-gold","New Balance 1906R Metallic Silver Gold, Réplique","<p>Reflets, volumes, esprit Y2K. Le coloris argent et blanc capte la lumière sans en faire trop. À associer à des pièces simples pour laisser la paire au centre. Réplique qualité Master Copy Premium 1:1, chaque commande est confirmée avec vous par téléphone : pointure, délai et livraison.</p>","BEYOND PLUS","Sneakers","new balance, 1906r, argent / blanc, y2k-runner","FALSE","draft","Pointure","40","720","0","https://beyond-plus-gamma.vercel.app/products/new-balance-1906r-metallic-silver-gold-01.webp","1","New Balance 1906R Metallic Silver Gold, vue 1"
"new-balance-1906r-metallic-silver-gold","","","","","","","","Pointure","41","720","0","https://beyond-plus-gamma.vercel.app/products/new-balance-1906r-metallic-silver-gold-02.webp","2","New Balance 1906R Metallic Silver Gold, vue 2"
"new-balance-1906r-metallic-silver-gold","","","","","","","","Pointure","42","720","0","https://beyond-plus-gamma.vercel.app/products/new-balance-1906r-metallic-silver-gold-03.webp","3","New Balance 1906R Metallic Silver Gold, vue 3"
"new-balance-1906r-metallic-silver-gold","","","","","","","","Pointure","43","720","0","https://beyond-plus-gamma.vercel.app/products/new-balance-1906r-metallic-silver-gold-04.webp","4","New Balance 1906R Metallic Silver Gold, vue 4"
"new-balance-1906r-metallic-silver-gold","","","","","","","","Pointure","44","720","0","https://beyond-plus-gamma.vercel.app/products/new-balance-1906r-metallic-silver-gold-05.webp","5","New Balance 1906R Metallic Silver Gold, vue 5"
"new-balance-550-white-summer-fog","New Balance 550 White Summer Fog, Réplique","<p>Une silhouette qui a fait la culture sneaker. Le coloris argent et blanc capte la lumière sans en faire trop. Laisse-la respirer : pantalon droit, haut sobre. Réplique qualité Master Copy Premium 1:1, chaque commande est confirmée avec vous par téléphone : pointure, délai et livraison.</p>","BEYOND PLUS","Sneakers","new balance, 550, argent / blanc, basketball-retro","FALSE","draft","Pointure","40","600","0","https://beyond-plus-gamma.vercel.app/products/new-balance-550-white-summer-fog-01.webp","1","New Balance 550 White Summer Fog, vue 1"
"new-balance-550-white-summer-fog","","","","","","","","Pointure","41","600","0","https://beyond-plus-gamma.vercel.app/products/new-balance-550-white-summer-fog-02.webp","2","New Balance 550 White Summer Fog, vue 2"
"new-balance-550-white-summer-fog","","","","","","","","Pointure","42","600","0","","",""
"new-balance-550-white-summer-fog","","","","","","","","Pointure","43","600","0","","",""
"new-balance-550-white-summer-fog","","","","","","","","Pointure","44","600","0","","",""
"new-balance-550-white-grey","New Balance 550 White Grey, Réplique","<p>Un classique du parquet, devenu culte. Un gris nuancé qui se glisse dans n’importe quelle tenue. Laisse-la respirer : pantalon droit, haut sobre. Réplique qualité Master Copy Premium 1:1, chaque commande est confirmée avec vous par téléphone : pointure, délai et livraison.</p>","BEYOND PLUS","Sneakers","new balance, 550, gris, basketball-retro","FALSE","draft","Pointure","40","700","0","https://beyond-plus-gamma.vercel.app/products/new-balance-550-white-grey-01.webp","1","New Balance 550 White Grey, vue 1"
"new-balance-550-white-grey","","","","","","","","Pointure","41","700","0","https://beyond-plus-gamma.vercel.app/products/new-balance-550-white-grey-02.webp","2","New Balance 550 White Grey, vue 2"
"new-balance-550-white-grey","","","","","","","","Pointure","42","700","0","https://beyond-plus-gamma.vercel.app/products/new-balance-550-white-grey-03.webp","3","New Balance 550 White Grey, vue 3"
"new-balance-550-white-grey","","","","","","","","Pointure","43","700","0","https://beyond-plus-gamma.vercel.app/products/new-balance-550-white-grey-04.webp","4","New Balance 550 White Grey, vue 4"
"new-balance-550-white-grey","","","","","","","","Pointure","44","700","0","","",""
"new-balance-550-white-burgundy","New Balance 550 White Burgundy, Réplique","<p>Un classique du parquet, devenu culte. Un bordeaux profond, la couleur signature de l’univers BEYOND. Laisse-la respirer : pantalon droit, haut sobre. Réplique qualité Master Copy Premium 1:1, chaque commande est confirmée avec vous par téléphone : pointure, délai et livraison.</p>","BEYOND PLUS","Sneakers","new balance, 550, bordeaux, basketball-retro","FALSE","draft","Pointure","36","730","0","https://beyond-plus-gamma.vercel.app/products/new-balance-550-white-burgundy-01.webp","1","New Balance 550 White Burgundy, vue 1"
"new-balance-550-white-burgundy","","","","","","","","Pointure","37","730","0","https://beyond-plus-gamma.vercel.app/products/new-balance-550-white-burgundy-02.webp","2","New Balance 550 White Burgundy, vue 2"
"new-balance-550-white-burgundy","","","","","","","","Pointure","38","730","0","https://beyond-plus-gamma.vercel.app/products/new-balance-550-white-burgundy-03.webp","3","New Balance 550 White Burgundy, vue 3"
"new-balance-550-white-burgundy","","","","","","","","Pointure","39","730","0","https://beyond-plus-gamma.vercel.app/products/new-balance-550-white-burgundy-04.webp","4","New Balance 550 White Burgundy, vue 4"
"new-balance-550-white-burgundy","","","","","","","","Pointure","40","730","0","","",""
"new-balance-550-white-green-black","New Balance 550 White Green Black, Réplique","<p>Une silhouette qui a fait la culture sneaker. Noir et blanc, le contraste qui ne se démode pas. Laisse-la respirer : pantalon droit, haut sobre. Réplique qualité Master Copy Premium 1:1, chaque commande est confirmée avec vous par téléphone : pointure, délai et livraison.</p>","BEYOND PLUS","Sneakers","new balance, 550, noir / blanc, basketball-retro","FALSE","draft","Pointure","37","680","0","https://beyond-plus-gamma.vercel.app/products/new-balance-550-white-green-black-01.webp","1","New Balance 550 White Green Black, vue 1"
"new-balance-550-white-green-black","","","","","","","","Pointure","38","680","0","https://beyond-plus-gamma.vercel.app/products/new-balance-550-white-green-black-02.webp","2","New Balance 550 White Green Black, vue 2"
"new-balance-550-white-green-black","","","","","","","","Pointure","39","680","0","https://beyond-plus-gamma.vercel.app/products/new-balance-550-white-green-black-03.webp","3","New Balance 550 White Green Black, vue 3"
"new-balance-550-white-green-black","","","","","","","","Pointure","40","680","0","https://beyond-plus-gamma.vercel.app/products/new-balance-550-white-green-black-04.webp","4","New Balance 550 White Green Black, vue 4"
"new-balance-550-white-green-black","","","","","","","","Pointure","41","680","0","","",""
"new-balance-550-white-green-black","","","","","","","","Pointure","42","680","0","","",""
"new-balance-550-white-green-black","","","","","","","","Pointure","43","680","0","","",""
"new-balance-550-white-green-black","","","","","","","","Pointure","44","680","0","","",""
"adidas-superstar-core-black-white-gold-metallic","adidas Superstar Core Black White Gold Metallic, Réplique","<p>Un classique qu’on ne présente plus. Le coloris argent et blanc capte la lumière sans en faire trop. Se porte partout, tout le temps. Réplique qualité Master Copy Premium 1:1, chaque commande est confirmée avec vous par téléphone : pointure, délai et livraison.</p>","BEYOND PLUS","Sneakers","adidas, superstar, argent / blanc, icon","FALSE","draft","Pointure","36","700","0","https://beyond-plus-gamma.vercel.app/products/adidas-superstar-core-black-white-gold-metallic-01.webp","1","adidas Superstar Core Black White Gold Metallic, vue 1"
"adidas-superstar-core-black-white-gold-metallic","","","","","","","","Pointure","37","700","0","https://beyond-plus-gamma.vercel.app/products/adidas-superstar-core-black-white-gold-metallic-02.webp","2","adidas Superstar Core Black White Gold Metallic, vue 2"
"adidas-superstar-core-black-white-gold-metallic","","","","","","","","Pointure","38","700","0","https://beyond-plus-gamma.vercel.app/products/adidas-superstar-core-black-white-gold-metallic-03.webp","3","adidas Superstar Core Black White Gold Metallic, vue 3"
"adidas-superstar-core-black-white-gold-metallic","","","","","","","","Pointure","39","700","0","","",""
"adidas-superstar-core-black-white-gold-metallic","","","","","","","","Pointure","40","700","0","","",""
"adidas-superstar-core-black-white-gold-metallic","","","","","","","","Pointure","41","700","0","","",""
"adidas-superstar-core-black-white-gold-metallic","","","","","","","","Pointure","42","700","0","","",""
"adidas-superstar-core-black-white-gold-metallic","","","","","","","","Pointure","43","700","0","","",""
"adidas-superstar-core-black-white-gold-metallic","","","","","","","","Pointure","44","700","0","","",""
"adidas-superstar-white-black","adidas Superstar White Black, Réplique","<p>La valeur sûre du placard. Noir et blanc, le contraste qui ne se démode pas. Se porte partout, tout le temps. Réplique qualité Master Copy Premium 1:1, chaque commande est confirmée avec vous par téléphone : pointure, délai et livraison.</p>","BEYOND PLUS","Sneakers","adidas, superstar, noir / blanc, icon","FALSE","draft","Pointure","36","600","0","https://beyond-plus-gamma.vercel.app/products/adidas-superstar-white-black-01.webp","1","adidas Superstar White Black, vue 1"
"adidas-superstar-white-black","","","","","","","","Pointure","37","600","0","https://beyond-plus-gamma.vercel.app/products/adidas-superstar-white-black-02.webp","2","adidas Superstar White Black, vue 2"
"adidas-superstar-white-black","","","","","","","","Pointure","38","600","0","https://beyond-plus-gamma.vercel.app/products/adidas-superstar-white-black-03.webp","3","adidas Superstar White Black, vue 3"
"adidas-superstar-white-black","","","","","","","","Pointure","39","600","0","https://beyond-plus-gamma.vercel.app/products/adidas-superstar-white-black-04.webp","4","adidas Superstar White Black, vue 4"
"adidas-superstar-white-black","","","","","","","","Pointure","40","600","0","","",""
"adidas-superstar-white-black","","","","","","","","Pointure","41","600","0","","",""
"adidas-superstar-white-black","","","","","","","","Pointure","42","600","0","","",""
"adidas-superstar-white-black","","","","","","","","Pointure","43","600","0","","",""
"adidas-superstar-white-black","","","","","","","","Pointure","44","600","0","","",""
"nike-air-max-dn-all-day","Nike Air Max Dn All Day, Réplique","<p>Une runner chargée, qui assume. Un coloris affirmé, pour sortir du rang. À associer à des pièces simples pour laisser la paire au centre. Réplique qualité Master Copy Premium 1:1, chaque commande est confirmée avec vous par téléphone : pointure, délai et livraison.</p>","BEYOND PLUS","Sneakers","nike, air max dn, statement, y2k-runner","FALSE","draft","Pointure","40","680","0","https://beyond-plus-gamma.vercel.app/products/nike-air-max-dn-all-day-01.webp","1","Nike Air Max Dn All Day, vue 1"
"nike-air-max-dn-all-day","","","","","","","","Pointure","41","680","0","https://beyond-plus-gamma.vercel.app/products/nike-air-max-dn-all-day-02.webp","2","Nike Air Max Dn All Day, vue 2"
"nike-air-max-dn-all-day","","","","","","","","Pointure","42","680","0","https://beyond-plus-gamma.vercel.app/products/nike-air-max-dn-all-day-03.webp","3","Nike Air Max Dn All Day, vue 3"
"nike-air-max-dn-all-day","","","","","","","","Pointure","43","680","0","","",""
"nike-air-max-dn-all-day","","","","","","","","Pointure","44","680","0","","",""
"nike-air-max-dn-all-day","","","","","","","","Pointure","45","680","0","","",""
"nike-air-max-dn-particle-grey","Nike Air Max Dn Particle Grey, Réplique","<p>Une runner chargée, qui assume. Un gris nuancé qui se glisse dans n’importe quelle tenue. À associer à des pièces simples pour laisser la paire au centre. Réplique qualité Master Copy Premium 1:1, chaque commande est confirmée avec vous par téléphone : pointure, délai et livraison.</p>","BEYOND PLUS","Sneakers","nike, air max dn, gris, y2k-runner","FALSE","draft","Pointure","40","680","0","https://beyond-plus-gamma.vercel.app/products/nike-air-max-dn-particle-grey-01.webp","1","Nike Air Max Dn Particle Grey, vue 1"
"nike-air-max-dn-particle-grey","","","","","","","","Pointure","41","680","0","https://beyond-plus-gamma.vercel.app/products/nike-air-max-dn-particle-grey-02.webp","2","Nike Air Max Dn Particle Grey, vue 2"
"nike-air-max-dn-particle-grey","","","","","","","","Pointure","42","680","0","https://beyond-plus-gamma.vercel.app/products/nike-air-max-dn-particle-grey-03.webp","3","Nike Air Max Dn Particle Grey, vue 3"
"nike-air-max-dn-particle-grey","","","","","","","","Pointure","43","680","0","","",""
"nike-air-max-dn-black-white-cool-grey","Nike Air Max Dn Black White Cool Grey, Réplique","<p>L’énergie des années 2000, en version quotidienne. Noir et blanc, le contraste qui ne se démode pas. À associer à des pièces simples pour laisser la paire au centre. Réplique qualité Master Copy Premium 1:1, chaque commande est confirmée avec vous par téléphone : pointure, délai et livraison.</p>","BEYOND PLUS","Sneakers","nike, air max dn, noir / blanc, y2k-runner","FALSE","draft","Pointure","40","680","0","https://beyond-plus-gamma.vercel.app/products/nike-air-max-dn-black-white-cool-grey-01.webp","1","Nike Air Max Dn Black White Cool Grey, vue 1"
"nike-air-max-dn-black-white-cool-grey","","","","","","","","Pointure","41","680","0","https://beyond-plus-gamma.vercel.app/products/nike-air-max-dn-black-white-cool-grey-02.webp","2","Nike Air Max Dn Black White Cool Grey, vue 2"
"nike-air-max-dn-black-white-cool-grey","","","","","","","","Pointure","42","680","0","https://beyond-plus-gamma.vercel.app/products/nike-air-max-dn-black-white-cool-grey-03.webp","3","Nike Air Max Dn Black White Cool Grey, vue 3"
"nike-air-max-dn-black-white-cool-grey","","","","","","","","Pointure","43","680","0","","",""
"nike-air-max-dn-black-white-cool-grey","","","","","","","","Pointure","44","680","0","","",""
"nike-air-max-dn-black-white-cool-grey","","","","","","","","Pointure","45","680","0","","",""
"on-cloudtilt-year-of-the-snake","On Cloudtilt Year of the snake, Réplique","<p>Structure, grip, caractère. Un coloris affirmé, pour sortir du rang. Avec un cargo, un nylon ou un total look sombre. Réplique qualité Master Copy Premium 1:1, chaque commande est confirmée avec vous par téléphone : pointure, délai et livraison.</p>","BEYOND PLUS","Sneakers","on, , statement, technical","FALSE","draft","Pointure","36","760","0","https://beyond-plus-gamma.vercel.app/products/on-cloudtilt-year-of-the-snake-01.webp","1","On Cloudtilt Year of the snake, vue 1"
"on-cloudtilt-year-of-the-snake","","","","","","","","Pointure","37","760","0","https://beyond-plus-gamma.vercel.app/products/on-cloudtilt-year-of-the-snake-02.webp","2","On Cloudtilt Year of the snake, vue 2"
"on-cloudtilt-year-of-the-snake","","","","","","","","Pointure","38","760","0","https://beyond-plus-gamma.vercel.app/products/on-cloudtilt-year-of-the-snake-03.webp","3","On Cloudtilt Year of the snake, vue 3"
"on-cloudtilt-year-of-the-snake","","","","","","","","Pointure","39","760","0","https://beyond-plus-gamma.vercel.app/products/on-cloudtilt-year-of-the-snake-04.webp","4","On Cloudtilt Year of the snake, vue 4"
"on-cloudtilt-year-of-the-snake","","","","","","","","Pointure","40","760","0","","",""
"adidas-stan-smith-cloud-white","adidas Stan Smith Cloud White, Réplique","<p>La valeur sûre du placard. Le coloris argent et blanc capte la lumière sans en faire trop. Se porte partout, tout le temps. Réplique qualité Master Copy Premium 1:1, chaque commande est confirmée avec vous par téléphone : pointure, délai et livraison.</p>","BEYOND PLUS","Sneakers","adidas, stan smith, argent / blanc, icon","FALSE","draft","Pointure","36","620","0","https://beyond-plus-gamma.vercel.app/products/adidas-stan-smith-cloud-white-01.webp","1","adidas Stan Smith Cloud White, vue 1"
"adidas-stan-smith-cloud-white","","","","","","","","Pointure","37","620","0","https://beyond-plus-gamma.vercel.app/products/adidas-stan-smith-cloud-white-02.webp","2","adidas Stan Smith Cloud White, vue 2"
"adidas-stan-smith-cloud-white","","","","","","","","Pointure","38","620","0","https://beyond-plus-gamma.vercel.app/products/adidas-stan-smith-cloud-white-03.webp","3","adidas Stan Smith Cloud White, vue 3"
"adidas-stan-smith-cloud-white","","","","","","","","Pointure","39","620","0","https://beyond-plus-gamma.vercel.app/products/adidas-stan-smith-cloud-white-04.webp","4","adidas Stan Smith Cloud White, vue 4"
"adidas-stan-smith-cloud-white","","","","","","","","Pointure","40","620","0","https://beyond-plus-gamma.vercel.app/products/adidas-stan-smith-cloud-white-05.webp","5","adidas Stan Smith Cloud White, vue 5"
"adidas-stan-smith-cloud-white","","","","","","","","Pointure","41","620","0","https://beyond-plus-gamma.vercel.app/products/adidas-stan-smith-cloud-white-06.webp","6","adidas Stan Smith Cloud White, vue 6"
"adidas-stan-smith-cloud-white","","","","","","","","Pointure","42","620","0","","",""
"adidas-stan-smith-cloud-white","","","","","","","","Pointure","43","620","0","","",""
"adidas-stan-smith-cloud-white","","","","","","","","Pointure","44","620","0","","",""
"adidas-stan-smith-black","adidas Stan Smith Black, Réplique","<p>L’icône, telle qu’on l’aime. Noir et blanc, le contraste qui ne se démode pas. Se porte partout, tout le temps. Réplique qualité Master Copy Premium 1:1, chaque commande est confirmée avec vous par téléphone : pointure, délai et livraison.</p>","BEYOND PLUS","Sneakers","adidas, stan smith, noir / blanc, icon","FALSE","draft","Pointure","36","620","0","https://beyond-plus-gamma.vercel.app/products/adidas-stan-smith-black-01.webp","1","adidas Stan Smith Black, vue 1"
"adidas-stan-smith-black","","","","","","","","Pointure","37","620","0","https://beyond-plus-gamma.vercel.app/products/adidas-stan-smith-black-02.webp","2","adidas Stan Smith Black, vue 2"
"adidas-stan-smith-black","","","","","","","","Pointure","38","620","0","https://beyond-plus-gamma.vercel.app/products/adidas-stan-smith-black-03.webp","3","adidas Stan Smith Black, vue 3"
"adidas-stan-smith-black","","","","","","","","Pointure","39","620","0","https://beyond-plus-gamma.vercel.app/products/adidas-stan-smith-black-04.webp","4","adidas Stan Smith Black, vue 4"
"adidas-stan-smith-black","","","","","","","","Pointure","40","620","0","https://beyond-plus-gamma.vercel.app/products/adidas-stan-smith-black-05.webp","5","adidas Stan Smith Black, vue 5"
"adidas-stan-smith-black","","","","","","","","Pointure","41","620","0","","",""
"adidas-stan-smith-black","","","","","","","","Pointure","42","620","0","","",""
"adidas-stan-smith-black","","","","","","","","Pointure","43","620","0","","",""
"adidas-stan-smith-black","","","","","","","","Pointure","44","620","0","","",""
"adidas-adizero-evo-sl-evo-sl-black-iron-metallic","adidas Adizero Evo SL Evo SL Black Iron Metallic, Réplique","<p>Inspirée du sport auto, taillée fine. Noir et argent : sombre, métallique, facile à porter. Idéale avec des coupes ajustées ou un pantalon cigarette. Réplique qualité Master Copy Premium 1:1, chaque commande est confirmée avec vous par téléphone : pointure, délai et livraison.</p>","BEYOND PLUS","Sneakers","adidas, adizero evo sl, noir / argent, racing","FALSE","draft","Pointure","40","750","0","https://beyond-plus-gamma.vercel.app/products/adidas-adizero-evo-sl-evo-sl-black-iron-metallic-01.webp","1","adidas Adizero Evo SL Evo SL Black Iron Metallic, vue 1"
"adidas-adizero-evo-sl-evo-sl-black-iron-metallic","","","","","","","","Pointure","41","750","0","https://beyond-plus-gamma.vercel.app/products/adidas-adizero-evo-sl-evo-sl-black-iron-metallic-02.webp","2","adidas Adizero Evo SL Evo SL Black Iron Metallic, vue 2"
"adidas-adizero-evo-sl-evo-sl-black-iron-metallic","","","","","","","","Pointure","42","750","0","https://beyond-plus-gamma.vercel.app/products/adidas-adizero-evo-sl-evo-sl-black-iron-metallic-03.webp","3","adidas Adizero Evo SL Evo SL Black Iron Metallic, vue 3"
"adidas-adizero-evo-sl-evo-sl-black-iron-metallic","","","","","","","","Pointure","43","750","0","https://beyond-plus-gamma.vercel.app/products/adidas-adizero-evo-sl-evo-sl-black-iron-metallic-04.webp","4","adidas Adizero Evo SL Evo SL Black Iron Metallic, vue 4"
"adidas-adizero-evo-sl-evo-sl-black-iron-metallic","","","","","","","","Pointure","44","750","0","","",""
"adidas-adizero-evo-sl-evo-sl-black-white","adidas Adizero Evo SL Evo SL Black White, Réplique","<p>Inspirée du sport auto, taillée fine. Noir et blanc, le contraste qui ne se démode pas. Idéale avec des coupes ajustées ou un pantalon cigarette. Réplique qualité Master Copy Premium 1:1, chaque commande est confirmée avec vous par téléphone : pointure, délai et livraison.</p>","BEYOND PLUS","Sneakers","adidas, adizero evo sl, noir / blanc, racing","FALSE","draft","Pointure","40","750","0","https://beyond-plus-gamma.vercel.app/products/adidas-adizero-evo-sl-evo-sl-black-white-01.webp","1","adidas Adizero Evo SL Evo SL Black White, vue 1"
"adidas-adizero-evo-sl-evo-sl-black-white","","","","","","","","Pointure","41","750","0","https://beyond-plus-gamma.vercel.app/products/adidas-adizero-evo-sl-evo-sl-black-white-02.webp","2","adidas Adizero Evo SL Evo SL Black White, vue 2"
"adidas-adizero-evo-sl-evo-sl-black-white","","","","","","","","Pointure","42","750","0","https://beyond-plus-gamma.vercel.app/products/adidas-adizero-evo-sl-evo-sl-black-white-03.webp","3","adidas Adizero Evo SL Evo SL Black White, vue 3"
"adidas-adizero-evo-sl-evo-sl-black-white","","","","","","","","Pointure","43","750","0","https://beyond-plus-gamma.vercel.app/products/adidas-adizero-evo-sl-evo-sl-black-white-04.webp","4","adidas Adizero Evo SL Evo SL Black White, vue 4"
"adidas-adizero-evo-sl-evo-sl-black-white","","","","","","","","Pointure","44","750","0","","",""
"adidas-forum-low-magic-mauve-multi-color","adidas Forum Low Magic Mauve Multi / Color, Réplique","<p>Une silhouette qui a fait la culture sneaker. Un coloris affirmé, pour sortir du rang. Laisse-la respirer : pantalon droit, haut sobre. Réplique qualité Master Copy Premium 1:1, chaque commande est confirmée avec vous par téléphone : pointure, délai et livraison.</p>","BEYOND PLUS","Sneakers","adidas, forum low, statement, basketball-retro","FALSE","draft","Pointure","36","750","0","https://beyond-plus-gamma.vercel.app/products/adidas-forum-low-magic-mauve-multi-color-01.webp","1","adidas Forum Low Magic Mauve Multi / Color, vue 1"
"adidas-forum-low-magic-mauve-multi-color","","","","","","","","Pointure","37","750","0","https://beyond-plus-gamma.vercel.app/products/adidas-forum-low-magic-mauve-multi-color-02.webp","2","adidas Forum Low Magic Mauve Multi / Color, vue 2"
"adidas-forum-low-magic-mauve-multi-color","","","","","","","","Pointure","38","750","0","https://beyond-plus-gamma.vercel.app/products/adidas-forum-low-magic-mauve-multi-color-03.webp","3","adidas Forum Low Magic Mauve Multi / Color, vue 3"
"adidas-forum-low-magic-mauve-multi-color","","","","","","","","Pointure","39","750","0","https://beyond-plus-gamma.vercel.app/products/adidas-forum-low-magic-mauve-multi-color-04.webp","4","adidas Forum Low Magic Mauve Multi / Color, vue 4"
"adidas-forum-low-magic-mauve-multi-color","","","","","","","","Pointure","40","750","0","https://beyond-plus-gamma.vercel.app/products/adidas-forum-low-magic-mauve-multi-color-05.webp","5","adidas Forum Low Magic Mauve Multi / Color, vue 5"
"adidas-forum-low-magic-mauve-multi-color","","","","","","","","","","","","https://beyond-plus-gamma.vercel.app/products/adidas-forum-low-magic-mauve-multi-color-06.webp","6","adidas Forum Low Magic Mauve Multi / Color, vue 6"
"adidas-forum-low-white-royal-blue","adidas Forum Low White Royal Blue, Réplique","<p>L’héritage basket, sans nostalgie forcée. Le coloris argent et blanc capte la lumière sans en faire trop. Laisse-la respirer : pantalon droit, haut sobre. Réplique qualité Master Copy Premium 1:1, chaque commande est confirmée avec vous par téléphone : pointure, délai et livraison.</p>","BEYOND PLUS","Sneakers","adidas, forum low, argent / blanc, basketball-retro","FALSE","draft","Pointure","40","700","0","https://beyond-plus-gamma.vercel.app/products/adidas-forum-low-white-royal-blue-01.webp","1","adidas Forum Low White Royal Blue, vue 1"
"adidas-forum-low-white-royal-blue","","","","","","","","Pointure","41","700","0","https://beyond-plus-gamma.vercel.app/products/adidas-forum-low-white-royal-blue-02.webp","2","adidas Forum Low White Royal Blue, vue 2"
"adidas-forum-low-white-royal-blue","","","","","","","","Pointure","42","700","0","https://beyond-plus-gamma.vercel.app/products/adidas-forum-low-white-royal-blue-03.webp","3","adidas Forum Low White Royal Blue, vue 3"
"adidas-forum-low-white-royal-blue","","","","","","","","Pointure","43","700","0","","",""
"adidas-forum-low-white-royal-blue","","","","","","","","Pointure","44","700","0","","",""
"adidas-samba-leopard-core-black-1","Adidas Samba Leopard / Core Black, Réplique","<p>La silhouette des tribunes, devenue uniforme. Noir et blanc, le contraste qui ne se démode pas. Avec un jean droit, un survêtement ou une jupe midi. Réplique qualité Master Copy Premium 1:1, chaque commande est confirmée avec vous par téléphone : pointure, délai et livraison.</p>","BEYOND PLUS","Sneakers","adidas, adidas samba leopard / core black, noir / blanc, terrace","FALSE","draft","Pointure","36","750","0","https://beyond-plus-gamma.vercel.app/products/adidas-samba-leopard-core-black-1-01.webp","1","Adidas Samba Leopard / Core Black, vue 1"
"adidas-samba-leopard-core-black-1","","","","","","","","Pointure","37","750","0","https://beyond-plus-gamma.vercel.app/products/adidas-samba-leopard-core-black-1-02.webp","2","Adidas Samba Leopard / Core Black, vue 2"
"adidas-samba-leopard-core-black-1","","","","","","","","Pointure","38","750","0","https://beyond-plus-gamma.vercel.app/products/adidas-samba-leopard-core-black-1-03.webp","3","Adidas Samba Leopard / Core Black, vue 3"
"adidas-samba-leopard-core-black-1","","","","","","","","Pointure","39","750","0","https://beyond-plus-gamma.vercel.app/products/adidas-samba-leopard-core-black-1-04.webp","4","Adidas Samba Leopard / Core Black, vue 4"
"adidas-samba-leopard-core-black-1","","","","","","","","Pointure","40","750","0","","",""
"new-balance-860v2-black-white-silver","New Balance 860v2 Black White Silver, Réplique","<p>L’énergie des années 2000, en version quotidienne. Le coloris argent et blanc capte la lumière sans en faire trop. À associer à des pièces simples pour laisser la paire au centre. Réplique qualité Master Copy Premium 1:1, chaque commande est confirmée avec vous par téléphone : pointure, délai et livraison.</p>","BEYOND PLUS","Sneakers","new balance, 860v2, argent / blanc, y2k-runner","FALSE","draft","Pointure","40","750","0","https://beyond-plus-gamma.vercel.app/products/new-balance-860v2-black-white-silver-01.webp","1","New Balance 860v2 Black White Silver, vue 1"
"new-balance-860v2-black-white-silver","","","","","","","","Pointure","41","750","0","https://beyond-plus-gamma.vercel.app/products/new-balance-860v2-black-white-silver-02.webp","2","New Balance 860v2 Black White Silver, vue 2"
"new-balance-860v2-black-white-silver","","","","","","","","Pointure","42","750","0","https://beyond-plus-gamma.vercel.app/products/new-balance-860v2-black-white-silver-03.webp","3","New Balance 860v2 Black White Silver, vue 3"
"new-balance-860v2-black-white-silver","","","","","","","","Pointure","43","750","0","","",""
"new-balance-860v2-black-white-silver","","","","","","","","Pointure","44","750","0","","",""
"new-balance-860v2-black-silver","New Balance 860v2 Black Silver, Réplique","<p>Reflets, volumes, esprit Y2K. Noir et argent : sombre, métallique, facile à porter. À associer à des pièces simples pour laisser la paire au centre. Réplique qualité Master Copy Premium 1:1, chaque commande est confirmée avec vous par téléphone : pointure, délai et livraison.</p>","BEYOND PLUS","Sneakers","new balance, 860v2, noir / argent, y2k-runner","FALSE","draft","Pointure","40","750","0","https://beyond-plus-gamma.vercel.app/products/new-balance-860v2-black-silver-01.webp","1","New Balance 860v2 Black Silver, vue 1"
"new-balance-860v2-black-silver","","","","","","","","Pointure","41","750","0","https://beyond-plus-gamma.vercel.app/products/new-balance-860v2-black-silver-02.webp","2","New Balance 860v2 Black Silver, vue 2"
"new-balance-860v2-black-silver","","","","","","","","Pointure","42","750","0","https://beyond-plus-gamma.vercel.app/products/new-balance-860v2-black-silver-03.webp","3","New Balance 860v2 Black Silver, vue 3"
"new-balance-860v2-black-silver","","","","","","","","Pointure","43","750","0","","",""
"new-balance-860v2-black-silver","","","","","","","","Pointure","44","750","0","","",""
"asics-gel-quantum-kinetic-grey-pure-silver","ASICS Gel-Quantum Kinetic Grey Pure Silver, Réplique","<p>Technique d’abord, style ensuite, ou l’inverse. Un gris nuancé qui se glisse dans n’importe quelle tenue. Avec un cargo, un nylon ou un total look sombre. Réplique qualité Master Copy Premium 1:1, chaque commande est confirmée avec vous par téléphone : pointure, délai et livraison.</p>","BEYOND PLUS","Sneakers","asics, gel-quantum, gris, technical","FALSE","draft","Pointure","40","750","0","https://beyond-plus-gamma.vercel.app/products/asics-gel-quantum-kinetic-grey-pure-silver-01.webp","1","ASICS Gel-Quantum Kinetic Grey Pure Silver, vue 1"
"asics-gel-quantum-kinetic-grey-pure-silver","","","","","","","","Pointure","41","750","0","https://beyond-plus-gamma.vercel.app/products/asics-gel-quantum-kinetic-grey-pure-silver-02.webp","2","ASICS Gel-Quantum Kinetic Grey Pure Silver, vue 2"
"asics-gel-quantum-kinetic-grey-pure-silver","","","","","","","","Pointure","42","750","0","https://beyond-plus-gamma.vercel.app/products/asics-gel-quantum-kinetic-grey-pure-silver-03.webp","3","ASICS Gel-Quantum Kinetic Grey Pure Silver, vue 3"
"asics-gel-quantum-kinetic-grey-pure-silver","","","","","","","","Pointure","43","750","0","https://beyond-plus-gamma.vercel.app/products/asics-gel-quantum-kinetic-grey-pure-silver-04.webp","4","ASICS Gel-Quantum Kinetic Grey Pure Silver, vue 4"
"asics-gel-quantum-kinetic-grey-pure-silver","","","","","","","","Pointure","44","750","0","","",""
"asics-gel-quantum-kinetic-pepper-light-indigo","ASICS Gel-Quantum Kinetic Pepper Light Indigo, Réplique","<p>Structure, grip, caractère. Un coloris affirmé, pour sortir du rang. Avec un cargo, un nylon ou un total look sombre. Réplique qualité Master Copy Premium 1:1, chaque commande est confirmée avec vous par téléphone : pointure, délai et livraison.</p>","BEYOND PLUS","Sneakers","asics, gel-quantum, statement, technical","FALSE","draft","Pointure","40","750","0","https://beyond-plus-gamma.vercel.app/products/asics-gel-quantum-kinetic-pepper-light-indigo-01.webp","1","ASICS Gel-Quantum Kinetic Pepper Light Indigo, vue 1"
"asics-gel-quantum-kinetic-pepper-light-indigo","","","","","","","","Pointure","41","750","0","https://beyond-plus-gamma.vercel.app/products/asics-gel-quantum-kinetic-pepper-light-indigo-02.webp","2","ASICS Gel-Quantum Kinetic Pepper Light Indigo, vue 2"
"asics-gel-quantum-kinetic-pepper-light-indigo","","","","","","","","Pointure","42","750","0","https://beyond-plus-gamma.vercel.app/products/asics-gel-quantum-kinetic-pepper-light-indigo-03.webp","3","ASICS Gel-Quantum Kinetic Pepper Light Indigo, vue 3"
"asics-gel-quantum-kinetic-pepper-light-indigo","","","","","","","","Pointure","43","750","0","https://beyond-plus-gamma.vercel.app/products/asics-gel-quantum-kinetic-pepper-light-indigo-04.webp","4","ASICS Gel-Quantum Kinetic Pepper Light Indigo, vue 4"
"asics-gel-quantum-kinetic-pepper-light-indigo","","","","","","","","Pointure","44","750","0","","",""
"asics-gel-quantum-kinetic-dark-sepia-shamrock","ASICS Gel-Quantum Kinetic Dark Sepia Shamrock, Réplique","<p>Structure, grip, caractère. Un coloris affirmé, pour sortir du rang. Avec un cargo, un nylon ou un total look sombre. Réplique qualité Master Copy Premium 1:1, chaque commande est confirmée avec vous par téléphone : pointure, délai et livraison.</p>","BEYOND PLUS","Sneakers","asics, gel-quantum, statement, technical","FALSE","draft","Pointure","40","750","0","https://beyond-plus-gamma.vercel.app/products/asics-gel-quantum-kinetic-dark-sepia-shamrock-01.webp","1","ASICS Gel-Quantum Kinetic Dark Sepia Shamrock, vue 1"
"asics-gel-quantum-kinetic-dark-sepia-shamrock","","","","","","","","Pointure","41","750","0","https://beyond-plus-gamma.vercel.app/products/asics-gel-quantum-kinetic-dark-sepia-shamrock-02.webp","2","ASICS Gel-Quantum Kinetic Dark Sepia Shamrock, vue 2"
"asics-gel-quantum-kinetic-dark-sepia-shamrock","","","","","","","","Pointure","42","750","0","https://beyond-plus-gamma.vercel.app/products/asics-gel-quantum-kinetic-dark-sepia-shamrock-03.webp","3","ASICS Gel-Quantum Kinetic Dark Sepia Shamrock, vue 3"
"asics-gel-quantum-kinetic-dark-sepia-shamrock","","","","","","","","Pointure","43","750","0","https://beyond-plus-gamma.vercel.app/products/asics-gel-quantum-kinetic-dark-sepia-shamrock-04.webp","4","ASICS Gel-Quantum Kinetic Dark Sepia Shamrock, vue 4"
"asics-gel-quantum-kinetic-dark-sepia-shamrock","","","","","","","","Pointure","44","750","0","","",""
"converse-run-star-motion-black","Converse Run Star Motion Black, Réplique","<p>Toile, daim, semelle gaufrée : l’essentiel. Noir et blanc, le contraste qui ne se démode pas. Va avec tout, du denim brut au pantalon de costume. Réplique qualité Master Copy Premium 1:1, chaque commande est confirmée avec vous par téléphone : pointure, délai et livraison.</p>","BEYOND PLUS","Sneakers","converse, run star motion, noir / blanc, skate","FALSE","draft","Pointure","36","630","0","https://beyond-plus-gamma.vercel.app/products/converse-run-star-motion-black-01.webp","1","Converse Run Star Motion Black, vue 1"
"converse-run-star-motion-black","","","","","","","","Pointure","37","630","0","https://beyond-plus-gamma.vercel.app/products/converse-run-star-motion-black-02.webp","2","Converse Run Star Motion Black, vue 2"
"converse-run-star-motion-black","","","","","","","","Pointure","38","630","0","https://beyond-plus-gamma.vercel.app/products/converse-run-star-motion-black-03.webp","3","Converse Run Star Motion Black, vue 3"
"converse-run-star-motion-black","","","","","","","","Pointure","39","630","0","https://beyond-plus-gamma.vercel.app/products/converse-run-star-motion-black-04.webp","4","Converse Run Star Motion Black, vue 4"
"converse-run-star-motion-black","","","","","","","","Pointure","40","630","0","https://beyond-plus-gamma.vercel.app/products/converse-run-star-motion-black-05.webp","5","Converse Run Star Motion Black, vue 5"
"converse-run-star-motion-black","","","","","","","","","","","","https://beyond-plus-gamma.vercel.app/products/converse-run-star-motion-black-06.webp","6","Converse Run Star Motion Black, vue 6"
"puma-suede-xxi-original","PUMA Suede XXI, Réplique","<p>La base skate, intemporelle. Un coloris affirmé, pour sortir du rang. Va avec tout, du denim brut au pantalon de costume. Réplique qualité Master Copy Premium 1:1, chaque commande est confirmée avec vous par téléphone : pointure, délai et livraison.</p>","BEYOND PLUS","Sneakers","puma, suede xxi, statement, skate","FALSE","draft","Pointure","36","700","0","https://beyond-plus-gamma.vercel.app/products/puma-suede-xxi-original-01.webp","1","PUMA Suede XXI, vue 1"
"puma-suede-xxi-original","","","","","","","","Pointure","37","700","0","https://beyond-plus-gamma.vercel.app/products/puma-suede-xxi-original-02.webp","2","PUMA Suede XXI, vue 2"
"puma-suede-xxi-original","","","","","","","","Pointure","38","700","0","https://beyond-plus-gamma.vercel.app/products/puma-suede-xxi-original-03.webp","3","PUMA Suede XXI, vue 3"
"puma-suede-xxi-original","","","","","","","","Pointure","39","700","0","https://beyond-plus-gamma.vercel.app/products/puma-suede-xxi-original-04.webp","4","PUMA Suede XXI, vue 4"
"puma-suede-xxi-original","","","","","","","","Pointure","40","700","0","https://beyond-plus-gamma.vercel.app/products/puma-suede-xxi-original-05.webp","5","PUMA Suede XXI, vue 5"
"puma-suede-xxi-original","","","","","","","","Pointure","41","700","0","https://beyond-plus-gamma.vercel.app/products/puma-suede-xxi-original-06.webp","6","PUMA Suede XXI, vue 6"
"puma-suede-xxi-original","","","","","","","","Pointure","42","700","0","","",""
"puma-suede-xxi-original","","","","","","","","Pointure","43","700","0","","",""
"puma-suede-xxi-original","","","","","","","","Pointure","44","700","0","","",""
"puma-cali-cali-emboss","PUMA Cali Cali Emboss, Réplique","<p>L’icône, telle qu’on l’aime. Un coloris affirmé, pour sortir du rang. Se porte partout, tout le temps. Réplique qualité Master Copy Premium 1:1, chaque commande est confirmée avec vous par téléphone : pointure, délai et livraison.</p>","BEYOND PLUS","Sneakers","puma, cali, statement, icon","FALSE","draft","Pointure","37","500","0","https://beyond-plus-gamma.vercel.app/products/puma-cali-cali-emboss-01.webp","1","PUMA Cali Cali Emboss, vue 1"
"puma-cali-cali-emboss","","","","","","","","Pointure","40","500","0","https://beyond-plus-gamma.vercel.app/products/puma-cali-cali-emboss-02.webp","2","PUMA Cali Cali Emboss, vue 2"
"puma-cali-cali-emboss","","","","","","","","","","","","https://beyond-plus-gamma.vercel.app/products/puma-cali-cali-emboss-03.webp","3","PUMA Cali Cali Emboss, vue 3"
"puma-cali-cali-emboss","","","","","","","","","","","","https://beyond-plus-gamma.vercel.app/products/puma-cali-cali-emboss-04.webp","4","PUMA Cali Cali Emboss, vue 4"
"adidas-samba-og-pony-hair-pack-wonder-white","Adidas Samba OG Pony Hair Pack Wonder White, Réplique","<p>La silhouette des tribunes, devenue uniforme. Des tons crème et beige, doux et faciles à associer. Avec un jean droit, un survêtement ou une jupe midi. Réplique qualité Master Copy Premium 1:1, chaque commande est confirmée avec vous par téléphone : pointure, délai et livraison.</p>","BEYOND PLUS","Sneakers","adidas, samba og pony hair pack wonder white, crème / beige, terrace","FALSE","draft","Pointure","36","700","0","https://beyond-plus-gamma.vercel.app/products/adidas-samba-og-pony-hair-pack-wonder-white-01.webp","1","Adidas Samba OG Pony Hair Pack Wonder White, vue 1"
"adidas-samba-og-pony-hair-pack-wonder-white","","","","","","","","Pointure","37","700","0","https://beyond-plus-gamma.vercel.app/products/adidas-samba-og-pony-hair-pack-wonder-white-02.webp","2","Adidas Samba OG Pony Hair Pack Wonder White, vue 2"
"adidas-samba-og-pony-hair-pack-wonder-white","","","","","","","","Pointure","38","700","0","https://beyond-plus-gamma.vercel.app/products/adidas-samba-og-pony-hair-pack-wonder-white-03.webp","3","Adidas Samba OG Pony Hair Pack Wonder White, vue 3"
"adidas-samba-og-pony-hair-pack-wonder-white","","","","","","","","Pointure","39","700","0","https://beyond-plus-gamma.vercel.app/products/adidas-samba-og-pony-hair-pack-wonder-white-04.webp","4","Adidas Samba OG Pony Hair Pack Wonder White, vue 4"
"adidas-samba-og-pony-hair-pack-wonder-white","","","","","","","","Pointure","40","700","0","","",""
"adidas-adistar-byd-purple-tint-blue-spark-silver-dawn","adidas Adistar BYD Purple Tint / Blue Spark / Silver Dawn, Réplique","<p>Technique d’abord, style ensuite, ou l’inverse. Le coloris argent et blanc capte la lumière sans en faire trop. Avec un cargo, un nylon ou un total look sombre. Réplique qualité Master Copy Premium 1:1, chaque commande est confirmée avec vous par téléphone : pointure, délai et livraison.</p>","BEYOND PLUS","Sneakers","adidas, adistar byd, argent / blanc, technical","FALSE","draft","Pointure","36","750","0","https://beyond-plus-gamma.vercel.app/products/adidas-adistar-byd-purple-tint-blue-spark-silver-dawn-01.webp","1","adidas Adistar BYD Purple Tint / Blue Spark / Silver Dawn, vue 1"
"adidas-adistar-byd-purple-tint-blue-spark-silver-dawn","","","","","","","","Pointure","37","750","0","https://beyond-plus-gamma.vercel.app/products/adidas-adistar-byd-purple-tint-blue-spark-silver-dawn-02.webp","2","adidas Adistar BYD Purple Tint / Blue Spark / Silver Dawn, vue 2"
"adidas-adistar-byd-purple-tint-blue-spark-silver-dawn","","","","","","","","Pointure","38","750","0","https://beyond-plus-gamma.vercel.app/products/adidas-adistar-byd-purple-tint-blue-spark-silver-dawn-03.webp","3","adidas Adistar BYD Purple Tint / Blue Spark / Silver Dawn, vue 3"
"adidas-adistar-byd-purple-tint-blue-spark-silver-dawn","","","","","","","","Pointure","39","750","0","https://beyond-plus-gamma.vercel.app/products/adidas-adistar-byd-purple-tint-blue-spark-silver-dawn-04.webp","4","adidas Adistar BYD Purple Tint / Blue Spark / Silver Dawn, vue 4"
"adidas-adistar-byd-purple-tint-blue-spark-silver-dawn","","","","","","","","Pointure","40","750","0","https://beyond-plus-gamma.vercel.app/products/adidas-adistar-byd-purple-tint-blue-spark-silver-dawn-05.webp","5","adidas Adistar BYD Purple Tint / Blue Spark / Silver Dawn, vue 5"
"adidas-adistar-byd-m-cloud-white-core-black-lucid-lemond","adidas Adistar BYD M Cloud White / Core Black / Lucid Lemond, Réplique","<p>Une paire outdoor pensée pour la ville. Noir et blanc, le contraste qui ne se démode pas. Avec un cargo, un nylon ou un total look sombre. Réplique qualité Master Copy Premium 1:1, chaque commande est confirmée avec vous par téléphone : pointure, délai et livraison.</p>","BEYOND PLUS","Sneakers","adidas, adistar byd, noir / blanc, technical","FALSE","draft","Pointure","40","750","0","https://beyond-plus-gamma.vercel.app/products/adidas-adistar-byd-m-cloud-white-core-black-lucid-lemond-01.webp","1","adidas Adistar BYD M Cloud White / Core Black / Lucid Lemond, vue 1"
"adidas-adistar-byd-m-cloud-white-core-black-lucid-lemond","","","","","","","","Pointure","41","750","0","https://beyond-plus-gamma.vercel.app/products/adidas-adistar-byd-m-cloud-white-core-black-lucid-lemond-02.webp","2","adidas Adistar BYD M Cloud White / Core Black / Lucid Lemond, vue 2"
"adidas-adistar-byd-m-cloud-white-core-black-lucid-lemond","","","","","","","","Pointure","42","750","0","https://beyond-plus-gamma.vercel.app/products/adidas-adistar-byd-m-cloud-white-core-black-lucid-lemond-03.webp","3","adidas Adistar BYD M Cloud White / Core Black / Lucid Lemond, vue 3"
"adidas-adistar-byd-m-cloud-white-core-black-lucid-lemond","","","","","","","","Pointure","43","750","0","https://beyond-plus-gamma.vercel.app/products/adidas-adistar-byd-m-cloud-white-core-black-lucid-lemond-04.webp","4","adidas Adistar BYD M Cloud White / Core Black / Lucid Lemond, vue 4"
"adidas-adistar-byd-m-cloud-white-core-black-lucid-lemond","","","","","","","","Pointure","44","750","0","https://beyond-plus-gamma.vercel.app/products/adidas-adistar-byd-m-cloud-white-core-black-lucid-lemond-05.webp","5","adidas Adistar BYD M Cloud White / Core Black / Lucid Lemond, vue 5"
"nike-zoomx-invincible-3-white-cobalt-bliss","Nike ZoomX Invincible 3 White Cobalt Bliss, Réplique","<p>Technique d’abord, style ensuite, ou l’inverse. Le coloris argent et blanc capte la lumière sans en faire trop. Avec un cargo, un nylon ou un total look sombre. Réplique qualité Master Copy Premium 1:1, chaque commande est confirmée avec vous par téléphone : pointure, délai et livraison.</p>","BEYOND PLUS","Sneakers","nike, zoomx invincible, argent / blanc, technical","FALSE","draft","Pointure","37","850","0","https://beyond-plus-gamma.vercel.app/products/nike-zoomx-invincible-3-white-cobalt-bliss-01.webp","1","Nike ZoomX Invincible 3 White Cobalt Bliss, vue 1"
"nike-zoomx-invincible-3-white-cobalt-bliss","","","","","","","","Pointure","38","850","0","https://beyond-plus-gamma.vercel.app/products/nike-zoomx-invincible-3-white-cobalt-bliss-02.webp","2","Nike ZoomX Invincible 3 White Cobalt Bliss, vue 2"
"nike-zoomx-invincible-3-white-cobalt-bliss","","","","","","","","Pointure","39","850","0","https://beyond-plus-gamma.vercel.app/products/nike-zoomx-invincible-3-white-cobalt-bliss-03.webp","3","Nike ZoomX Invincible 3 White Cobalt Bliss, vue 3"
"nike-zoomx-invincible-3-white-cobalt-bliss","","","","","","","","Pointure","40","850","0","https://beyond-plus-gamma.vercel.app/products/nike-zoomx-invincible-3-white-cobalt-bliss-04.webp","4","Nike ZoomX Invincible 3 White Cobalt Bliss, vue 4"
"nike-zoomx-invincible-3-white-cobalt-bliss","","","","","","","","Pointure","41","850","0","https://beyond-plus-gamma.vercel.app/products/nike-zoomx-invincible-3-white-cobalt-bliss-05.webp","5","Nike ZoomX Invincible 3 White Cobalt Bliss, vue 5"
"nike-zoomx-invincible-2-sail-black","Nike ZoomX Invincible 2 Sail / Black, Réplique","<p>Structure, grip, caractère. Noir et blanc, le contraste qui ne se démode pas. Avec un cargo, un nylon ou un total look sombre. Réplique qualité Master Copy Premium 1:1, chaque commande est confirmée avec vous par téléphone : pointure, délai et livraison.</p>","BEYOND PLUS","Sneakers","nike, zoomx invincible, noir / blanc, technical","FALSE","draft","Pointure","40","850","0","https://beyond-plus-gamma.vercel.app/products/nike-zoomx-invincible-2-sail-black-01.webp","1","Nike ZoomX Invincible 2 Sail / Black, vue 1"
"nike-zoomx-invincible-2-sail-black","","","","","","","","Pointure","41","850","0","https://beyond-plus-gamma.vercel.app/products/nike-zoomx-invincible-2-sail-black-02.webp","2","Nike ZoomX Invincible 2 Sail / Black, vue 2"
"nike-zoomx-invincible-2-sail-black","","","","","","","","Pointure","42","850","0","https://beyond-plus-gamma.vercel.app/products/nike-zoomx-invincible-2-sail-black-03.webp","3","Nike ZoomX Invincible 2 Sail / Black, vue 3"
"nike-zoomx-invincible-2-sail-black","","","","","","","","Pointure","43","850","0","https://beyond-plus-gamma.vercel.app/products/nike-zoomx-invincible-2-sail-black-04.webp","4","Nike ZoomX Invincible 2 Sail / Black, vue 4"
"nike-zoomx-invincible-2-sail-black","","","","","","","","Pointure","44","850","0","","",""
"air-force-1-07-low-exoskeletal","Nike Air Force 1 ’ Exoskeletal, Réplique","<p>Un classique qu’on ne présente plus. Un coloris affirmé, pour sortir du rang. Se porte partout, tout le temps. Réplique qualité Master Copy Premium 1:1, chaque commande est confirmée avec vous par téléphone : pointure, délai et livraison.</p>","BEYOND PLUS","Sneakers","nike, air force 1, statement, icon","FALSE","draft","Pointure","40","650","0","https://beyond-plus-gamma.vercel.app/products/air-force-1-07-low-exoskeletal-01.webp","1","Nike Air Force 1 ’ Exoskeletal, vue 1"
"air-force-1-07-low-exoskeletal","","","","","","","","Pointure","41","650","0","https://beyond-plus-gamma.vercel.app/products/air-force-1-07-low-exoskeletal-02.webp","2","Nike Air Force 1 ’ Exoskeletal, vue 2"
"air-force-1-07-low-exoskeletal","","","","","","","","Pointure","42","650","0","https://beyond-plus-gamma.vercel.app/products/air-force-1-07-low-exoskeletal-03.webp","3","Nike Air Force 1 ’ Exoskeletal, vue 3"
"air-force-1-07-low-exoskeletal","","","","","","","","Pointure","43","650","0","https://beyond-plus-gamma.vercel.app/products/air-force-1-07-low-exoskeletal-04.webp","4","Nike Air Force 1 ’ Exoskeletal, vue 4"
"air-force-1-07-low-exoskeletal","","","","","","","","Pointure","44","650","0","","",""
"asics-gel-nimbus-10-1-ocean-haze-nimbus-10-1-ocean-haze","ASICS Gel-Nimbus 10.1 ""Ocean Haze"", Réplique","<p>Une runner rétro, technique juste ce qu’il faut. Un coloris affirmé, pour sortir du rang. Se porte avec un baggy, un short ou un tailleur trop grand. Réplique qualité Master Copy Premium 1:1, chaque commande est confirmée avec vous par téléphone : pointure, délai et livraison.</p>","BEYOND PLUS","Sneakers","asics, gel-nimbus 10.1 ""ocean haze"", statement, retro-runner","FALSE","draft","Pointure","40","750","0","https://beyond-plus-gamma.vercel.app/products/asics-gel-nimbus-10-1-ocean-haze-nimbus-10-1-ocean-haze-01.webp","1","ASICS Gel-Nimbus 10.1 ""Ocean Haze"", vue 1"
"asics-gel-nimbus-10-1-ocean-haze-nimbus-10-1-ocean-haze","","","","","","","","Pointure","41","750","0","https://beyond-plus-gamma.vercel.app/products/asics-gel-nimbus-10-1-ocean-haze-nimbus-10-1-ocean-haze-02.webp","2","ASICS Gel-Nimbus 10.1 ""Ocean Haze"", vue 2"
"asics-gel-nimbus-10-1-ocean-haze-nimbus-10-1-ocean-haze","","","","","","","","Pointure","42","750","0","https://beyond-plus-gamma.vercel.app/products/asics-gel-nimbus-10-1-ocean-haze-nimbus-10-1-ocean-haze-03.webp","3","ASICS Gel-Nimbus 10.1 ""Ocean Haze"", vue 3"
"asics-gel-nimbus-10-1-ocean-haze-nimbus-10-1-ocean-haze","","","","","","","","Pointure","43","750","0","https://beyond-plus-gamma.vercel.app/products/asics-gel-nimbus-10-1-ocean-haze-nimbus-10-1-ocean-haze-04.webp","4","ASICS Gel-Nimbus 10.1 ""Ocean Haze"", vue 4"
"asics-gel-nimbus-10-1-ocean-haze-nimbus-10-1-ocean-haze","","","","","","","","Pointure","44","750","0","https://beyond-plus-gamma.vercel.app/products/asics-gel-nimbus-10-1-ocean-haze-nimbus-10-1-ocean-haze-05.webp","5","ASICS Gel-Nimbus 10.1 ""Ocean Haze"", vue 5"
"adidas-adidas-falcon-falcon","Adidas Falcon, Réplique","<p>L’énergie des années 2000, en version quotidienne. Un coloris affirmé, pour sortir du rang. À associer à des pièces simples pour laisser la paire au centre. Réplique qualité Master Copy Premium 1:1, chaque commande est confirmée avec vous par téléphone : pointure, délai et livraison.</p>","BEYOND PLUS","Sneakers","adidas, adidas falcon, statement, y2k-runner","FALSE","draft","Pointure","36","670","0","https://beyond-plus-gamma.vercel.app/products/adidas-adidas-falcon-falcon-01.webp","1","Adidas Falcon, vue 1"
"adidas-adidas-falcon-falcon","","","","","","","","Pointure","37","670","0","https://beyond-plus-gamma.vercel.app/products/adidas-adidas-falcon-falcon-02.webp","2","Adidas Falcon, vue 2"
"adidas-adidas-falcon-falcon","","","","","","","","Pointure","38","670","0","https://beyond-plus-gamma.vercel.app/products/adidas-adidas-falcon-falcon-03.webp","3","Adidas Falcon, vue 3"
"adidas-adidas-falcon-falcon","","","","","","","","Pointure","39","670","0","https://beyond-plus-gamma.vercel.app/products/adidas-adidas-falcon-falcon-04.webp","4","Adidas Falcon, vue 4"
"adidas-adidas-falcon-falcon","","","","","","","","Pointure","40","670","0","https://beyond-plus-gamma.vercel.app/products/adidas-adidas-falcon-falcon-05.webp","5","Adidas Falcon, vue 5"
"on-cloudtilt-eclipse-cinder","On Cloudtilt Eclipse Cinder, Réplique","<p>Une paire outdoor pensée pour la ville. Des tons terre, chauds et profonds. Avec un cargo, un nylon ou un total look sombre. Réplique qualité Master Copy Premium 1:1, chaque commande est confirmée avec vous par téléphone : pointure, délai et livraison.</p>","BEYOND PLUS","Sneakers","on, , marron / terre, technical","FALSE","draft","Pointure","38","750","0","https://beyond-plus-gamma.vercel.app/products/on-cloudtilt-eclipse-cinder-01.webp","1","On Cloudtilt Eclipse Cinder, vue 1"
"on-cloudtilt-eclipse-cinder","","","","","","","","Pointure","39","750","0","https://beyond-plus-gamma.vercel.app/products/on-cloudtilt-eclipse-cinder-02.webp","2","On Cloudtilt Eclipse Cinder, vue 2"
"on-cloudtilt-eclipse-cinder","","","","","","","","Pointure","40","750","0","https://beyond-plus-gamma.vercel.app/products/on-cloudtilt-eclipse-cinder-03.webp","3","On Cloudtilt Eclipse Cinder, vue 3"
"on-cloudtilt-eclipse-cinder","","","","","","","","Pointure","41","750","0","https://beyond-plus-gamma.vercel.app/products/on-cloudtilt-eclipse-cinder-04.webp","4","On Cloudtilt Eclipse Cinder, vue 4"
"on-cloudtilt-eclipse-cinder","","","","","","","","Pointure","42","750","0","","",""
"on-cloudtilt-eclipse-cinder","","","","","","","","Pointure","43","750","0","","",""
"on-cloudtilt-eclipse-cinder","","","","","","","","Pointure","44","750","0","","",""
"on-cloudtilt-clove-sand","On Cloudtilt Clove Sand, Réplique","<p>Une paire outdoor pensée pour la ville. Des tons crème et beige, doux et faciles à associer. Avec un cargo, un nylon ou un total look sombre. Réplique qualité Master Copy Premium 1:1, chaque commande est confirmée avec vous par téléphone : pointure, délai et livraison.</p>","BEYOND PLUS","Sneakers","on, , crème / beige, technical","FALSE","draft","Pointure","38","750","0","https://beyond-plus-gamma.vercel.app/products/on-cloudtilt-clove-sand-01.webp","1","On Cloudtilt Clove Sand, vue 1"
"on-cloudtilt-clove-sand","","","","","","","","Pointure","39","750","0","https://beyond-plus-gamma.vercel.app/products/on-cloudtilt-clove-sand-02.webp","2","On Cloudtilt Clove Sand, vue 2"
"on-cloudtilt-clove-sand","","","","","","","","Pointure","40","750","0","https://beyond-plus-gamma.vercel.app/products/on-cloudtilt-clove-sand-03.webp","3","On Cloudtilt Clove Sand, vue 3"
"on-cloudtilt-clove-sand","","","","","","","","Pointure","41","750","0","https://beyond-plus-gamma.vercel.app/products/on-cloudtilt-clove-sand-04.webp","4","On Cloudtilt Clove Sand, vue 4"
"on-cloudtilt-clove-sand","","","","","","","","Pointure","42","750","0","","",""
"on-cloudtilt-clove-sand","","","","","","","","Pointure","43","750","0","","",""
"on-cloudtilt-clove-sand","","","","","","","","Pointure","44","750","0","","",""
"blazer-mid-77-vntg-white-black","Blazer Mid '77 Vintage White Black, Réplique","<p>Un classique qu’on ne présente plus. Noir et blanc, le contraste qui ne se démode pas. Se porte partout, tout le temps. Réplique qualité Master Copy Premium 1:1, chaque commande est confirmée avec vous par téléphone : pointure, délai et livraison.</p>","BEYOND PLUS","Sneakers","nike, blazer mid '77 vintage white black, noir / blanc, icon","FALSE","draft","Pointure","36","650","0","https://beyond-plus-gamma.vercel.app/products/blazer-mid-77-vntg-white-black-01.webp","1","Blazer Mid '77 Vintage White Black, vue 1"
"blazer-mid-77-vntg-white-black","","","","","","","","Pointure","37","650","0","https://beyond-plus-gamma.vercel.app/products/blazer-mid-77-vntg-white-black-02.webp","2","Blazer Mid '77 Vintage White Black, vue 2"
"blazer-mid-77-vntg-white-black","","","","","","","","Pointure","38","650","0","https://beyond-plus-gamma.vercel.app/products/blazer-mid-77-vntg-white-black-03.webp","3","Blazer Mid '77 Vintage White Black, vue 3"
"blazer-mid-77-vntg-white-black","","","","","","","","Pointure","39","650","0","https://beyond-plus-gamma.vercel.app/products/blazer-mid-77-vntg-white-black-04.webp","4","Blazer Mid '77 Vintage White Black, vue 4"
"blazer-mid-77-vntg-white-black","","","","","","","","Pointure","40","650","0","https://beyond-plus-gamma.vercel.app/products/blazer-mid-77-vntg-white-black-05.webp","5","Blazer Mid '77 Vintage White Black, vue 5"
"blazer-mid-77-vntg-white-black","","","","","","","","Pointure","41","650","0","","",""
"blazer-mid-77-vntg-white-black","","","","","","","","Pointure","42","650","0","","",""
"blazer-mid-77-vntg-white-black","","","","","","","","Pointure","43","650","0","","",""
"blazer-mid-77-vntg-white-black","","","","","","","","Pointure","44","650","0","","",""
"nike-mind-002-light-khaki","Nike Mind 002 Light Khaki, Réplique","<p>Technique d’abord, style ensuite, ou l’inverse. Des tons crème et beige, doux et faciles à associer. Avec un cargo, un nylon ou un total look sombre. Réplique qualité Master Copy Premium 1:1, chaque commande est confirmée avec vous par téléphone : pointure, délai et livraison.</p>","BEYOND PLUS","Sneakers","nike, nike mind 002 light khaki, crème / beige, technical","FALSE","draft","Pointure","36","660","0","https://beyond-plus-gamma.vercel.app/products/nike-mind-002-light-khaki-01.webp","1","Nike Mind 002 Light Khaki, vue 1"
"nike-mind-002-light-khaki","","","","","","","","Pointure","37","660","0","https://beyond-plus-gamma.vercel.app/products/nike-mind-002-light-khaki-02.webp","2","Nike Mind 002 Light Khaki, vue 2"
"nike-mind-002-light-khaki","","","","","","","","Pointure","38","660","0","https://beyond-plus-gamma.vercel.app/products/nike-mind-002-light-khaki-03.webp","3","Nike Mind 002 Light Khaki, vue 3"
"nike-mind-002-light-khaki","","","","","","","","Pointure","39","660","0","https://beyond-plus-gamma.vercel.app/products/nike-mind-002-light-khaki-04.webp","4","Nike Mind 002 Light Khaki, vue 4"
"nike-mind-002-light-khaki","","","","","","","","Pointure","40","660","0","","",""
"nike-mind-002-light-khaki","","","","","","","","Pointure","41","660","0","","",""
"nike-mind-002-light-khaki","","","","","","","","Pointure","42","660","0","","",""
"nike-mind-002-light-khaki","","","","","","","","Pointure","43","660","0","","",""
"nike-mind-002-light-khaki","","","","","","","","Pointure","44","660","0","","",""
"nike-mind-002-light-smoke-grey","Nike Mind 002 Light Smoke Grey, Réplique","<p>Technique d’abord, style ensuite, ou l’inverse. Un gris nuancé qui se glisse dans n’importe quelle tenue. Avec un cargo, un nylon ou un total look sombre. Réplique qualité Master Copy Premium 1:1, chaque commande est confirmée avec vous par téléphone : pointure, délai et livraison.</p>","BEYOND PLUS","Sneakers","nike, nike mind 002 light smoke grey, gris, technical","FALSE","draft","Pointure","36","650","0","https://beyond-plus-gamma.vercel.app/products/nike-mind-002-light-smoke-grey-01.webp","1","Nike Mind 002 Light Smoke Grey, vue 1"
"nike-mind-002-light-smoke-grey","","","","","","","","Pointure","37","650","0","https://beyond-plus-gamma.vercel.app/products/nike-mind-002-light-smoke-grey-02.webp","2","Nike Mind 002 Light Smoke Grey, vue 2"
"nike-mind-002-light-smoke-grey","","","","","","","","Pointure","38","650","0","https://beyond-plus-gamma.vercel.app/products/nike-mind-002-light-smoke-grey-03.webp","3","Nike Mind 002 Light Smoke Grey, vue 3"
"nike-mind-002-light-smoke-grey","","","","","","","","Pointure","39","650","0","https://beyond-plus-gamma.vercel.app/products/nike-mind-002-light-smoke-grey-04.webp","4","Nike Mind 002 Light Smoke Grey, vue 4"
"nike-mind-002-light-smoke-grey","","","","","","","","Pointure","40","650","0","","",""
"nike-mind-002-light-smoke-grey","","","","","","","","Pointure","41","650","0","","",""
"nike-mind-002-light-smoke-grey","","","","","","","","Pointure","42","650","0","","",""
"nike-mind-002-light-smoke-grey","","","","","","","","Pointure","43","650","0","","",""
"nike-mind-002-light-smoke-grey","","","","","","","","Pointure","44","650","0","","",""
"nike-mind-002-black-hyper-crimson","Nike Mind 002 Black Hyper Crimson, Réplique","<p>Technique d’abord, style ensuite, ou l’inverse. Noir et blanc, le contraste qui ne se démode pas. Avec un cargo, un nylon ou un total look sombre. Réplique qualité Master Copy Premium 1:1, chaque commande est confirmée avec vous par téléphone : pointure, délai et livraison.</p>","BEYOND PLUS","Sneakers","nike, nike mind 002 black hyper crimson, noir / blanc, technical","FALSE","draft","Pointure","36","660","0","https://beyond-plus-gamma.vercel.app/products/nike-mind-002-black-hyper-crimson-01.webp","1","Nike Mind 002 Black Hyper Crimson, vue 1"
"nike-mind-002-black-hyper-crimson","","","","","","","","Pointure","37","660","0","https://beyond-plus-gamma.vercel.app/products/nike-mind-002-black-hyper-crimson-02.webp","2","Nike Mind 002 Black Hyper Crimson, vue 2"
"nike-mind-002-black-hyper-crimson","","","","","","","","Pointure","38","660","0","https://beyond-plus-gamma.vercel.app/products/nike-mind-002-black-hyper-crimson-03.webp","3","Nike Mind 002 Black Hyper Crimson, vue 3"
"nike-mind-002-black-hyper-crimson","","","","","","","","Pointure","39","660","0","https://beyond-plus-gamma.vercel.app/products/nike-mind-002-black-hyper-crimson-04.webp","4","Nike Mind 002 Black Hyper Crimson, vue 4"
"nike-mind-002-black-hyper-crimson","","","","","","","","Pointure","40","660","0","","",""
"nike-mind-002-black-hyper-crimson","","","","","","","","Pointure","41","660","0","","",""
"nike-mind-002-black-hyper-crimson","","","","","","","","Pointure","42","660","0","","",""
"nike-mind-002-black-hyper-crimson","","","","","","","","Pointure","43","660","0","","",""
"nike-mind-002-black-hyper-crimson","","","","","","","","Pointure","44","660","0","","",""
